n	k	truth	candidate	T	N	depth	polarity	gates	cubes
4	0	1	0	8	16	0	0		15:0
4	0	1	1	8	16	0	1		15:1
4	0	1	2	8	16	0	2		15:2
4	0	1	3	8	16	0	3		15:3
4	0	1	4	8	16	0	4		15:4
4	0	1	5	8	16	0	5		15:5
4	0	1	6	8	16	0	6		15:6
4	0	1	7	8	16	0	7		15:7
4	0	2	0	8	14	0	0		15:1
4	0	2	2	8	14	0	2		15:3
4	0	2	4	8	14	0	4		15:5
4	0	2	6	8	14	0	6		15:7
4	0	2	8	8	14	0	8		15:9
4	0	2	10	8	14	0	10		15:11
4	0	2	12	8	14	0	12		15:13
4	0	2	14	8	14	0	14		15:15
4	0	4	0	8	14	0	0		15:2
4	0	4	1	8	14	0	1		15:3
4	0	4	4	8	14	0	4		15:6
4	0	4	5	8	14	0	5		15:7
4	0	4	8	8	14	0	8		15:10
4	0	4	9	8	14	0	9		15:11
4	0	4	12	8	14	0	12		15:14
4	0	4	13	8	14	0	13		15:15
4	0	28	784	4	8	1	8	10	13:13
4	0	28	1168	4	8	1	8	17	11:11
4	0	28	1792	4	8	1	8	10	13:13
4	0	28	2352	4	8	1	8	17	11:11
4	0	28	4912	4	8	1	8	17	11:11
4	0	28	8656	4	8	1	8	17	11:11
4	0	28	9472	4	8	1	8	17	11:11
4	0	28	10480	4	8	1	8	10	13:13
4	0	136	5	10	17	0	5		15:15,5:5,10:10,2:2,0:0,8:8
4	0	136	4865	10	17	2	4	19,8	15:15,5:5,8:8,10:10
4	0	136	53697	10	17	2	1	3,10	15:15,5:5,8:8,10:10
4	0	136	56977	10	17	2	4	19,8	15:15,5:5,8:8,10:10
4	0	136	57202	10	17	3	0	8,19,2	15:15,5:5,8:8,10:10
4	0	136	59425	10	17	2	4	19,8	15:15,5:5,8:8,10:10
4	0	136	62737	10	17	2	4	24,17	15:15,5:5,2:2,10:10
4	0	136	64465	10	17	2	1	10,3	15:15,5:5,8:8,10:10
4	0	19a	1632	10	15	1	2	26	15:15,6:6,1:1,9:9
4	0	19a	3632	10	15	1	2	26	15:15,6:6,1:1,9:9
4	0	19a	5488	10	15	1	2	26	15:15,6:6,1:1,9:9
4	0	19a	6624	10	15	1	2	26	15:15,6:6,1:1,9:9
4	0	19a	10128	10	15	1	2	26	15:15,6:6,1:1,9:9
4	0	19a	10576	10	15	1	2	26	15:15,6:6,1:1,9:9
4	0	19a	20304	10	15	1	2	26	15:15,6:6,1:1,9:9
4	0	19a	25648	10	15	1	2	26	15:15,6:6,1:1,9:9
4	0	241	18273	9	17	2	10	17,3	15:15,10:10
4	0	241	23233	9	17	2	10	17,3	15:15,10:10
4	0	241	28561	9	17	2	12	10,3	15:15,12:12
4	0	241	34385	9	17	2	5	10,24	15:15,5:5
4	0	241	40993	9	17	2	10	17,3	15:15,10:10
4	0	241	41969	9	17	2	3	17,24	15:15,3:3
4	0	241	68641	9	17	2	3	17,24	15:15,3:3
4	0	241	71937	9	17	2	5	24,10	15:15,5:5
4	0	3f8	12	9	17	0	12		15:14,6:6,8:8,4:4
4	0	3f8	13	9	17	0	13		15:15,6:6,8:8,4:4
4	0	3f8	512	9	17	1	0	11	15:10,6:6,8:8,4:4
4	0	3f8	928	9	17	1	0	11	15:10,6:6,8:8,4:4
4	0	3f8	4208	9	17	1	0	11	15:10,6:6,8:8,4:4
4	0	3f8	4704	9	17	1	12	8	15:15,6:6,8:8,4:4
4	0	3f8	5184	9	17	1	12	8	15:15,6:6,8:8,4:4
4	0	3f8	5792	9	17	1	0	11	15:10,6:6,8:8,4:4
4	0	400	0	8	12	0	0		15:10
4	0	400	1	8	12	0	1		15:11
4	0	400	4	8	12	0	4		15:14
4	0	400	5	8	12	0	5		15:15
4	0	400	32	8	12	1	0	8	15:11
4	0	400	480	8	12	1	4	24	15:15
4	0	400	1056	8	12	1	0	24	15:11
4	0	400	1376	8	12	1	0	26	15:14
4	0	407	38977	3	8	2	8	24,523	8:8,12:12
4	0	407	85617	3	8	2	8	24,523	8:8,12:12
4	0	407	123889	3	8	2	4	24,523	4:4,12:12
4	0	407	148529	3	8	2	0	24,523	12:12,4:4,0:0,8:8
4	0	407	204161	3	8	2	8	24,523	8:8,12:12
4	0	407	213457	3	8	2	4	24,523	4:4,12:12
4	0	407	185745	3	9	2	12	24,523	12:12
4	0	407	24369	3	10	2	1	24,523	12:12,4:4,0:0,8:8
4	0	408	480	4	8	1	4	24	7:7
4	0	408	1601	4	8	2	0	24,2	7:7
4	0	408	1680	4	8	1	4	3	14:14
4	0	408	4224	4	8	1	4	24	7:7
4	0	408	5088	4	8	1	4	3	14:14
4	0	408	6752	4	8	1	4	24	7:7
4	0	408	7168	4	8	1	4	3	14:14
4	0	408	9504	4	8	1	4	3	14:14
4	0	442	18130	9	15	3	0	1,19,3	15:15,10:10
4	0	442	49410	9	15	3	0	26,2,1	15:15,6:6
4	0	442	59090	9	15	3	0	26,2,1	15:15,6:6
4	0	442	96706	9	15	3	0	26,1,2	15:15,6:6
4	0	442	34930	9	17	3	0	19,1,24	15:7,3:3
4	0	442	36882	9	17	3	1	1,24,2	15:15,6:6
4	0	442	43826	9	17	3	8	1,19,24	15:15,3:3
4	0	442	48658	9	17	3	0	2,26,8	15:13,5:5
4	0	488	1056	9	11	1	0	24	15:15,3:3
4	0	488	4368	9	11	1	0	24	15:15,3:3
4	0	488	4512	9	11	1	0	24	15:15,3:3
4	0	488	5744	9	11	1	0	24	15:15,3:3
4	0	488	6992	9	11	1	0	24	15:15,3:3
4	0	488	7104	9	11	1	0	24	15:15,3:3
4	0	488	8192	9	11	1	0	24	15:15,3:3
4	0	488	10384	9	11	1	0	24	15:15,3:3
4	0	600	2000	4	8	1	4	1	14:14
4	0	600	2464	4	8	1	4	8	13:13
4	0	600	5216	4	8	1	4	1	14:14
4	0	600	8064	4	8	1	4	8	13:13
4	0	600	8912	4	8	1	4	8	13:13
4	0	600	9760	4	8	1	4	1	14:14
4	0	600	13920	4	8	1	4	1	14:14
4	0	600	14192	4	8	1	4	1	14:14
4	0	64e	110402	4	10	3	8	2,600,10	10:10,5:5
4	0	64e	202515	4	13	4	4	16,3,538,19	6:6,1:1,9:9
4	0	64e	232258	4	13	3	2	10,2,600	5:5,10:10,2:2,0:0,8:8
4	0	64e	48387	4	14	4	9	2,664,3,19	12:12,3:3
4	0	64e	245011	4	14	4	4	2,600,24,3	2:2,3:3,8:8,12:12
4	0	64e	86515	4	15	4	6	11,8,16,602	5:5,8:8,10:10
4	0	64e	100563	4	15	4	10	2,17,10,664	12:12,1:1,3:3
4	0	64e	168930	4	15	3	5	2,17,664	3:3,12:12,4:4,0:0,8:8
4	0	800	0	8	10	0	0		15:11
4	0	800	4	8	10	0	4		15:15
4	0	800	1376	8	10	1	0	26	15:15
4	0	800	2016	8	10	1	0	26	15:15
4	0	800	2304	8	10	1	0	10	15:15
4	0	800	3456	8	10	1	0	26	15:15
4	0	800	3568	8	10	1	0	26	15:15
4	0	800	3728	8	10	1	0	26	15:15
4	0	87b	1105	9	17	2	8	16,3	15:15,1:1,8:8,10:10
4	0	87b	6593	9	17	2	8	16,3	15:15,1:1,8:8,10:10
4	0	87b	67905	9	17	2	8	16,3	15:15,1:1,8:8,10:10
4	0	87b	75633	9	17	2	4	24,2	15:15,6:6,0:0,8:8
4	0	87b	96161	9	17	2	8	16,3	15:15,1:1,8:8,10:10
4	0	87b	98338	9	17	3	0	24,10,2	15:15,6:6,0:0,8:8
4	0	87b	116577	9	17	2	4	24,2	15:15,6:6,0:0,8:8
4	0	87b	117137	9	17	2	4	24,2	15:15,6:6,0:0,8:8
4	0	a40	62385	9	15	2	2	19,16	15:15,9:9
4	0	a40	63505	9	15	2	0	19,16	15:13,9:9
4	0	a40	65025	9	15	2	0	16,19	15:13,9:9
4	0	a40	70321	9	15	2	2	19,16	15:15,9:9
4	0	a40	73089	9	15	2	2	19,16	15:15,9:9
4	0	a40	73537	9	15	2	0	16,19	15:13,9:9
4	0	a40	76033	9	15	2	2	19,16	15:15,9:9
4	0	a40	101889	9	15	2	0	16,19	15:13,9:9
4	0	c78	117011	4	13	4	8	2,8,25,664	12:12,1:1,3:3
4	0	c78	211267	4	13	4	8	11,16,522,24	3:3,12:12,2:2
4	0	c78	190531	4	14	4	2	16,10,538,11	1:1,3:3,4:4,12:12
4	0	c78	5411	4	15	4	10	26,2,592,2	12:12,1:1,3:3
4	0	c78	42853	4	15	6	0	24,2,592,24,2,26	3:3,4:4,12:12
4	0	c78	216195	4	16	4	12	2,26,592,25	1:1,3:3,8:8,12:12
4	0	c78	64373	4	17	6	1	8,2,664,26,26,2	3:3,4:4,12:12
4	0	c78	94323	4	17	4	6	2,592,8,25	3:3,12:12,4:4,0:0,8:8
4	0	f80	0	9	12	0	0		15:7,8:8,12:12
4	0	f80	400	9	12	1	0	19	15:15,8:8,12:12
4	0	f80	2720	9	12	1	0	19	15:15,8:8,12:12
4	0	f80	4016	9	12	1	0	19	15:15,8:8,12:12
4	0	f80	9552	9	12	1	0	19	15:15,8:8,12:12
4	0	f80	12224	9	12	1	0	19	15:15,8:8,12:12
4	0	f80	28720	9	12	1	0	19	15:15,8:8,12:12
4	0	f80	31856	9	12	1	0	19	15:15,8:8,12:12
4	0	ff8	0	8	14	0	0		15:3,8:8,4:4
4	0	ff8	12	8	14	0	12		15:15,8:8,4:4
4	0	ff8	2321	8	14	2	0	2,3	15:15,8:8,4:4
4	0	ff8	10417	8	14	2	0	2,3	15:15,8:8,4:4
4	0	ff8	30385	8	14	2	0	3,2	15:15,8:8,4:4
4	0	ff8	38705	8	14	2	0	11,26	15:15,4:4,2:2
4	0	ff8	49489	8	14	2	0	3,2	15:15,8:8,4:4
4	0	ff8	72721	8	14	2	0	2,19	15:15,8:8,1:1
4	0	1248	16001	1	5	2	0	25,2	6:6
4	0	1248	21105	1	5	2	0	2,11	12:12
4	0	1248	36833	1	5	2	0	16,25	3:3
4	0	1248	44625	1	5	2	0	11,2	12:12
4	0	1248	47761	1	5	2	0	25,2	6:6
4	0	1248	54129	1	5	2	0	11,16	9:9
4	0	1248	92801	1	5	2	0	16,25	3:3
4	0	1248	96833	1	5	2	0	16,11	9:9
4	0	1400	1552	4	8	1	1	17	11:11
4	0	1400	5328	4	8	1	1	17	11:11
4	0	1400	5664	4	8	1	1	10	13:13
4	0	1400	8400	4	8	1	1	17	11:11
4	0	1400	10256	4	8	1	1	10	13:13
4	0	1400	11776	4	8	1	1	17	11:11
4	0	1400	12241	4	8	2	0	10,24	13:13
4	0	1400	12448	4	8	1	1	10	13:13
4	0	16c7	145859	3	13	4	8	2,10,3,592	9:9,8:8,4:4
4	0	16c7	32997	3	16	6	4	11,26,24,595,24,11	4:4,9:9
4	0	16c7	23045	3	17	6	4	24,1,26,595,25,2	3:3,8:8,4:4
4	0	16c7	138326	3	19	7	4	26,19,3,600,8,19,1	9:9,4:4,2:2
4	0	16c7	181542	3	19	7	4	2,24,10,595,24,3,2	9:9,8:8,4:4
4	0	16c7	65238	3	20	7	4	8,3,25,2,19,24,664	3:3,1:1,4:4,2:2
4	0	16c7	148437	3	20	6	3	17,10,1,3,592,2	1:1,9:9,0:0,2:2
4	0	16c7	12086	3	21	7	5	19,2,8,600,24,2,3	1:1,12:12,2:2
4	0	2000	0	8	10	0	0		15:13
4	0	2000	2	8	10	0	2		15:15
4	0	2000	2096	8	10	1	0	1	15:15
4	0	2000	3440	8	10	1	0	1	15:15
4	0	2000	6864	8	10	1	0	25	15:15
4	0	2000	7072	8	10	1	0	1	15:15
4	0	2000	7696	8	10	1	0	17	15:15
4	0	2000	9232	8	10	1	0	25	15:15
4	0	211b	40819	4	13	4	2	25,1,10,600	5:5,2:2,10:10
4	0	211b	110083	4	13	4	0	1,17,592,11	9:9,6:6,2:2,0:0,4:4
4	0	211b	94867	4	16	4	4	25,1,600,10	1:1,5:5,10:10,2:2,0:0,8:8
4	0	211b	75829	4	17	6	2	17,1,25,25,592,11	9:9,2:2,6:6
4	0	211b	387	4	18	4	9	17,1,11,592	9:9,1:1,6:6,2:2,8:8,4:4
4	0	211b	19795	4	18	4	9	1,664,26,3	1:1,3:3,12:12,4:4,0:0,8:8
4	0	211b	142773	4	18	6	10	1,11,26,25,600,11	10:10,5:5
4	0	211b	229891	4	18	4	11	17,1,25,664	1:1,3:3,8:8,12:12
4	0	31c0	416	9	15	1	1	25	15:11,6:6
4	0	31c0	4288	9	15	1	1	25	15:11,6:6
4	0	31c0	6720	9	15	1	1	25	15:11,6:6
4	0	31c0	6864	9	15	1	0	25	15:10,6:6
4	0	31c0	8112	9	15	1	1	25	15:11,6:6
4	0	31c0	8864	9	15	1	1	25	15:11,6:6
4	0	31c0	9232	9	15	1	0	25	15:10,6:6
4	0	31c0	10336	9	15	1	0	25	15:10,6:6
4	0	3400	2304	9	11	1	0	10	15:15,12:12
4	0	3400	4320	9	11	1	0	10	15:15,12:12
4	0	3400	5008	9	11	1	0	10	15:15,12:12
4	0	3400	9296	9	11	1	0	10	15:15,12:12
4	0	3400	11280	9	11	1	0	10	15:15,12:12
4	0	3400	12752	9	11	1	0	10	15:15,12:12
4	0	3400	25456	9	11	1	0	10	15:15,12:12
4	0	3400	29312	9	11	1	0	10	15:15,12:12
4	0	37ff	0	9	14	0	0		15:10,0:0,10:10
4	0	37ff	1	9	14	0	1		15:11,0:0,10:10
4	0	37ff	4	9	14	0	4		15:14,0:0,10:10
4	0	37ff	5	9	14	0	5		15:15,0:0,10:10
4	0	37ff	32	9	14	1	0	8	15:11,0:0,10:10
4	0	37ff	480	9	14	1	4	24	15:15,0:0,10:10
4	0	37ff	1056	9	14	1	0	24	15:11,0:0,10:10
4	0	37ff	1376	9	14	1	0	26	15:14,0:0,10:10
4	0	3800	2304	9	13	1	0	10	15:14,12:12
4	0	3800	4320	9	13	1	0	10	15:14,12:12
4	0	3800	5008	9	13	1	0	10	15:14,12:12
4	0	3800	5569	9	13	2	0	10,8	15:15,12:12
4	0	3800	5664	9	13	1	1	10	15:15,12:12
4	0	3800	7681	9	13	2	0	8,10	15:15,12:12
4	0	3800	9296	9	13	1	0	10	15:14,12:12
4	0	3800	10256	9	13	1	1	10	15:15,12:12
4	0	4000	0	8	10	0	0		15:14
4	0	4000	1	8	10	0	1		15:15
4	0	4000	32	8	10	1	0	8	15:15
4	0	4000	1056	8	10	1	0	24	15:15
4	0	4000	4368	8	10	1	0	24	15:15
4	0	4000	4512	8	10	1	0	24	15:15
4	0	4000	5744	8	10	1	0	24	15:15
4	0	4000	6992	8	10	1	0	24	15:15
4	0	4084	6050	9	15	3	0	10,24,16	15:15,3:3
4	0	4084	9841	9	15	2	1	26,16	15:15,3:3
4	0	4084	21793	9	15	2	4	26,2	15:15,6:6
4	0	4084	44113	9	15	2	4	26,2	15:15,6:6
4	0	4084	47393	9	15	2	1	26,16	15:15,3:3
4	0	4084	58353	9	15	2	4	26,2	15:15,6:6
4	0	4084	62129	9	15	2	1	26,16	15:15,3:3
4	0	4084	86081	9	15	2	1	26,16	15:15,3:3
4	0	4200	43137	4	8	2	0	1,2	14:14
4	0	4200	48385	4	8	2	0	2,8	13:13
4	0	4200	48721	4	8	2	0	1,16	11:11
4	0	4200	83617	4	8	2	0	1,16	11:11
4	0	4200	89345	4	8	2	0	2,8	13:13
4	0	4200	128625	4	8	2	0	1,2	14:14
4	0	4200	168193	4	8	2	0	1,16	11:11
4	0	4200	168305	4	8	2	0	2,8	13:13
4	0	4800	8992	4	6	1	0	2	14:14
4	0	4800	9344	4	6	1	0	16	11:11
4	0	4800	10240	4	6	1	0	2	14:14
4	0	4800	10752	4	6	1	0	16	11:11
4	0	4800	12880	4	6	1	0	2	14:14
4	0	4800	14000	4	6	1	0	16	11:11
4	0	4800	17776	4	6	1	0	16	11:11
4	0	4800	17792	4	6	1	0	2	14:14
4	0	4c00	0	9	9	0	0		15:15,10:10
4	0	4c00	1	9	13	0	1		15:14,10:10
4	0	4c00	4	9	13	0	4		15:11,10:10
4	0	4c00	32	9	13	1	0	8	15:14,10:10
4	0	4c00	1056	9	13	1	0	24	15:14,10:10
4	0	4c00	1376	9	13	1	0	26	15:11,10:10
4	0	4c00	1920	9	13	1	4	10	15:15,10:10
4	0	4c00	1984	9	13	1	1	8	15:15,10:10
4	0	4d27	215474	3	9	3	0	600,25,17	3:3,0:0,4:4
4	0	4d27	27810	3	10	3	4	592,11,19	4:4,9:9
4	0	4d27	59842	3	10	3	0	664,11,26	4:4,5:5,0:0,8:8
4	0	4d27	137234	3	10	3	4	17,664,11	4:4,9:9
4	0	4d27	168306	3	10	3	0	664,26,17	0:0,3:3,8:8,4:4
4	0	4d27	191026	3	10	3	0	25,664,10	4:4,5:5,0:0,2:2
4	0	4d27	57026	3	11	3	0	664,26,10	5:5,0:0,2:2,8:8,4:4
4	0	4d27	84834	3	11	3	2	600,19,11	9:9,0:0,4:4
4	0	6000	32	4	6	1	0	8	13:13
4	0	6000	2096	4	6	1	0	1	14:14
4	0	6000	3440	4	6	1	0	1	14:14
4	0	6000	7072	4	6	1	0	1	14:14
4	0	6000	8240	4	6	1	0	8	13:13
4	0	6000	13744	4	6	1	0	1	14:14
4	0	6000	13936	4	6	1	0	1	14:14
4	0	6000	14800	4	6	1	0	1	14:14
4	0	60ad	208	10	20	1	8	8	15:8,10:10,5:5
4	0	60ad	3600	10	20	1	8	19	15:8,10:10,5:5
4	0	60ad	4000	10	20	1	8	8	15:8,10:10,5:5
4	0	60ad	4448	10	20	1	8	19	15:8,10:10,5:5
4	0	60ad	9360	10	20	1	8	8	15:8,10:10,5:5
4	0	60ad	9440	10	20	1	8	19	15:8,10:10,5:5
4	0	60ad	11648	10	20	1	8	19	15:8,10:10,5:5
4	0	60ad	13760	10	20	1	8	19	15:8,10:10,5:5
4	0	6300	1233	3	6	2	0	529,10	8:8,12:12
4	0	6300	19233	3	6	2	0	529,10	8:8,12:12
4	0	6300	25057	3	6	2	0	17,529	8:8,10:10
4	0	6300	37953	3	6	2	0	529,10	8:8,12:12
4	0	6300	47553	3	6	2	0	529,17	8:8,10:10
4	0	6300	111601	3	6	2	0	16,529	8:8,10:10
4	0	6300	114065	3	6	2	0	529,10	8:8,12:12
4	0	6300	129857	3	6	2	0	16,529	8:8,10:10
4	0	6369	4	4	9	0	4		13:13,1:1,4:4,2:2
4	0	6369	8992	4	9	1	0	2	13:13,2:2,0:0,4:4
4	0	6369	10240	4	9	1	0	2	13:13,2:2,0:0,4:4
4	0	6369	12880	4	9	1	0	2	13:13,2:2,0:0,4:4
4	0	6369	17792	4	9	1	0	2	13:13,2:2,0:0,4:4
4	0	6369	22288	4	9	1	0	2	13:13,2:2,0:0,4:4
4	0	6369	23152	4	9	1	0	2	13:13,2:2,0:0,4:4
4	0	6369	23280	4	9	1	0	2	13:13,2:2,0:0,4:4
4	0	7000	0	9	9	0	0		15:15,12:12
4	0	7000	1	9	13	0	1		15:14,12:12
4	0	7000	2	9	13	0	2		15:13,12:12
4	0	7000	32	9	13	1	0	8	15:14,12:12
4	0	7000	321	9	13	2	0	17,1	15:15,12:12
4	0	7000	384	9	13	1	2	1	15:15,12:12
4	0	7000	448	9	13	1	2	1	15:15,12:12
4	0	7000	1056	9	13	1	0	24	15:14,12:12
4	0	73c0	1376	9	14	1	0	26	15:11,8:8,6:6
4	0	73c0	2016	9	14	1	0	26	15:11,8:8,6:6
4	0	73c0	3456	9	14	1	0	26	15:11,8:8,6:6
4	0	73c0	3568	9	14	1	0	26	15:11,8:8,6:6
4	0	73c0	3728	9	14	1	0	26	15:11,8:8,6:6
4	0	73c0	6288	9	14	1	0	26	15:11,8:8,6:6
4	0	73c0	7456	9	14	1	0	26	15:11,8:8,6:6
4	0	73c0	11264	9	14	1	0	26	15:11,8:8,6:6
4	0	7c00	1552	9	15	1	1	17	15:13,10:10
4	0	7c00	2304	9	15	1	0	10	15:10,12:12
4	0	7c00	4320	9	15	1	0	10	15:10,12:12
4	0	7c00	4673	9	15	2	0	16,17	15:13,10:10
4	0	7c00	5008	9	15	1	0	10	15:10,12:12
4	0	7c00	5328	9	15	1	1	17	15:13,10:10
4	0	7c00	5569	9	15	2	0	10,8	15:11,12:12
4	0	7c00	5664	9	15	1	1	10	15:11,12:12
4	0	c80f	816	9	17	1	5	17	15:15,10:10,8:8,4:4
4	0	c80f	864	9	17	1	4	17	15:14,10:10,8:8,4:4
4	0	c80f	880	9	17	1	5	17	15:15,10:10,8:8,4:4
4	0	c80f	1873	9	17	2	4	8,17	15:15,10:10,8:8,4:4
4	0	c80f	2304	9	17	1	0	10	15:14,2:2,12:12,4:4,0:0,8:8
4	0	c80f	2608	9	17	1	4	17	15:14,10:10,8:8,4:4
4	0	c80f	3840	9	17	1	5	17	15:15,10:10,8:8,4:4
4	0	c80f	4320	9	17	1	0	10	15:14,2:2,12:12,4:4,0:0,8:8
4	0	ffec	10	9	14	0	10		15:15,0:0,10:10
4	0	ffec	0	9	15	0	0		15:5,8:8,2:2,10:10
4	0	ffec	2	9	15	0	2		15:7,0:0,2:2,10:10
4	0	ffec	8	9	15	0	8		15:13,10:10,0:0,8:8
4	0	ffec	896	9	16	1	10	11	15:15,0:0,10:10
4	0	ffec	992	9	16	1	10	25	15:15,0:0,10:10
4	0	ffec	1088	9	16	1	10	26	15:15,0:0,10:10
4	0	ffec	1504	9	16	1	10	8	15:15,0:0,10:10
4	1	1	0	12	20	0	0		15:0
4	1	1	1	12	20	0	1		15:1
4	1	1	2	12	20	0	2		15:2
4	1	1	3	12	20	0	3		15:3
4	1	1	4	12	20	0	4		15:4
4	1	1	5	12	20	0	5		15:5
4	1	1	6	12	20	0	6		15:6
4	1	1	7	12	20	0	7		15:7
4	1	2	0	12	18	0	0		15:1
4	1	2	2	12	18	0	2		15:3
4	1	2	4	12	18	0	4		15:5
4	1	2	6	12	18	0	6		15:7
4	1	2	8	12	18	0	8		15:9
4	1	2	10	12	18	0	10		15:11
4	1	2	12	12	18	0	12		15:13
4	1	2	14	12	18	0	14		15:15
4	1	4	0	12	18	0	0		15:2
4	1	4	1	12	18	0	1		15:3
4	1	4	4	12	18	0	4		15:6
4	1	4	5	12	18	0	5		15:7
4	1	4	8	12	18	0	8		15:10
4	1	4	9	12	18	0	9		15:11
4	1	4	12	12	18	0	12		15:14
4	1	4	13	12	18	0	13		15:15
4	1	28	784	8	12	1	8	10	13:13
4	1	28	1168	8	12	1	8	17	11:11
4	1	28	1792	8	12	1	8	10	13:13
4	1	28	2304	8	12	1	0	10	13:5
4	1	28	2352	8	12	1	8	17	11:11
4	1	28	4320	8	12	1	0	10	13:5
4	1	28	4912	8	12	1	8	17	11:11
4	1	28	5008	8	12	1	0	10	13:5
4	1	80	0	12	14	0	0		15:7
4	1	80	8	12	14	0	8		15:15
4	1	80	400	12	14	1	0	19	15:15
4	1	80	512	12	14	1	0	11	15:15
4	1	80	928	12	14	1	0	11	15:15
4	1	80	2160	12	14	1	0	3	15:15
4	1	80	2720	12	14	1	0	19	15:15
4	1	80	4016	12	14	1	0	19	15:15
4	1	136	63747	18	30	4	10	531,10,26,16	15:13,3:3
4	1	136	72691	18	30	4	0	531,19,3,25	15:2,10:10
4	1	136	95507	18	30	4	10	25,10,24,523	15:11,12:12
4	1	136	112483	18	30	4	12	25,529,16,8	15:7,9:9
4	1	136	205075	18	30	4	12	17,24,1,529	15:7,10:10
4	1	136	210883	18	30	4	10	10,11,24,665	15:14,3:3
4	1	136	250435	18	30	4	12	529,16,25,8	15:7,9:9
4	1	136	4274	18	32	3	6	531,3,19	15:4,10:10
4	1	19a	16482	18	28	3	8	26,16,592	15:5,9:9
4	1	19a	38754	18	28	3	0	592,16,3	15:8,9:9
4	1	19a	191587	18	28	4	2	17,592,3,26	15:14,9:9
4	1	19a	228131	18	28	4	0	531,19,25,3	15:9,10:10
4	1	19a	1698	18	30	3	10	17,26,592	15:6,9:9
4	1	19a	7779	18	30	4	0	17,592,24,3	15:1,9:9
4	1	19a	12561	18	30	2	10	592,2	15:2,12:12
4	1	19a	13969	18	30	2	12	17,592	15:4,9:9
4	1	241	18273	16	24	2	10	17,3	15:15,10:10
4	1	241	23233	16	24	2	10	17,3	15:15,10:10
4	1	241	28561	16	24	2	12	10,3	15:15,12:12
4	1	241	34385	16	24	2	5	10,24	15:15,5:5
4	1	241	40993	16	24	2	10	17,3	15:15,10:10
4	1	241	41969	16	24	2	3	17,24	15:15,3:3
4	1	241	68641	16	24	2	3	17,24	15:15,3:3
4	1	241	71937	16	24	2	5	24,10	15:15,5:5
4	1	3f8	4306	15	21	3	0	595,11,26	15:14,4:4
4	1	3f8	36690	15	23	3	5	11,17,595	15:15,8:8
4	1	3f8	146946	15	23	3	8	595,25,10	15:14,4:4
4	1	3f8	201794	15	23	3	9	595,25,10	15:15,4:4
4	1	3f8	38786	15	25	3	5	595,26,17	15:7,2:2
4	1	3f8	71170	15	25	3	9	19,595,25	15:11,2:2
4	1	3f8	72595	15	25	4	4	19,595,25,8	15:7,2:2
4	1	3f8	111043	15	25	4	2	11,595,26,16	15:13,4:4
4	1	400	0	12	16	0	0		15:10
4	1	400	1	12	16	0	1		15:11
4	1	400	4	12	16	0	4		15:14
4	1	400	5	12	16	0	5		15:15
4	1	400	32	12	16	1	0	8	15:11
4	1	400	480	12	16	1	4	24	15:15
4	1	400	1056	12	16	1	0	24	15:11
4	1	400	1376	12	16	1	0	26	15:14
4	1	407	185745	6	12	2	12	24,523	12:12
4	1	407	2465	6	14	2	13	24,523	12:12
4	1	407	14146	6	14	3	12	24,523,26	12:12
4	1	407	16978	6	14	3	12	24,523,24	12:12
4	1	407	21345	6	14	2	13	24,523	12:12
4	1	407	40193	6	14	2	13	24,523	12:12
4	1	407	94865	6	14	2	14	24,523	12:12
4	1	407	253217	6	14	2	13	24,523	12:12
4	1	408	480	8	12	1	4	24	7:7
4	1	408	1056	8	12	1	0	24	7:3
4	1	408	1601	8	12	2	0	24,2	7:7
4	1	408	1680	8	12	1	4	3	14:14
4	1	408	2160	8	12	1	0	3	14:10
4	1	408	4064	8	12	1	0	3	14:10
4	1	408	4224	8	12	1	4	24	7:7
4	1	408	4368	8	12	1	0	24	7:3
4	1	442	18130	16	22	3	0	1,19,3	15:15,10:10
4	1	442	49410	16	22	3	0	26,2,1	15:15,6:6
4	1	442	59090	16	22	3	0	26,2,1	15:15,6:6
4	1	442	96706	16	22	3	0	26,1,2	15:15,6:6
4	1	442	34930	16	24	3	0	19,1,24	15:7,3:3
4	1	442	36882	16	24	3	1	1,24,2	15:15,6:6
4	1	442	43826	16	24	3	8	1,19,24	15:15,3:3
4	1	442	48658	16	24	3	0	2,26,8	15:13,5:5
4	1	444	1	16	18	0	1		15:15,3:3
4	1	444	32	16	18	1	0	8	15:15,3:3
4	1	444	8240	16	18	1	0	8	15:15,3:3
4	1	444	18224	16	18	1	0	8	15:15,3:3
4	1	444	20208	16	18	1	0	8	15:15,3:3
4	1	444	20560	16	18	1	0	8	15:15,3:3
4	1	444	22160	16	18	1	0	8	15:15,3:3
4	1	444	25536	16	18	1	0	8	15:15,3:3
4	1	488	1056	16	18	1	0	24	15:15,3:3
4	1	488	4368	16	18	1	0	24	15:15,3:3
4	1	488	4512	16	18	1	0	24	15:15,3:3
4	1	488	5744	16	18	1	0	24	15:15,3:3
4	1	488	6992	16	18	1	0	24	15:15,3:3
4	1	488	7104	16	18	1	0	24	15:15,3:3
4	1	488	8192	16	18	1	0	24	15:15,3:3
4	1	488	10384	16	18	1	0	24	15:15,3:3
4	1	4cc	8	16	24	0	8		15:2,10:10
4	1	4cc	9	16	24	0	9		15:3,10:10
4	1	4cc	12	16	24	0	12		15:6,10:10
4	1	4cc	13	16	24	0	13		15:7,10:10
4	1	4cc	208	16	24	1	8	8	15:3,10:10
4	1	4cc	352	16	24	1	9	26	15:7,10:10
4	1	4cc	512	16	24	1	0	11	15:2,10:10
4	1	4cc	576	16	24	1	5	11	15:7,10:10
4	1	600	32	8	12	1	0	8	13:9
4	1	600	2000	8	12	1	4	1	14:14
4	1	600	2096	8	12	1	0	1	14:10
4	1	600	2464	8	12	1	4	8	13:13
4	1	600	3440	8	12	1	0	1	14:10
4	1	600	5216	8	12	1	4	1	14:14
4	1	600	7072	8	12	1	0	1	14:10
4	1	600	8064	8	12	1	4	8	13:13
4	1	648	116419	6	18	4	13	10,2,19,529	10:10
4	1	648	21973	6	20	6	5	2,11,26,11,537,17	6:6
4	1	648	89845	6	20	6	5	10,19,24,665,10,11	9:9
4	1	648	121430	6	20	7	2	10,665,10,11,1,17,2	12:12
4	1	648	55494	6	22	7	6	24,10,2,11,25,523,8	12:12
4	1	648	81285	6	22	6	13	24,26,10,16,665,3	10:10
4	1	648	98918	6	22	7	5	25,17,538,8,19,11,17	9:9
4	1	648	255174	6	24	7	13	8,26,25,2,8,17,537	6:6
4	1	64e	110402	10	16	3	8	2,600,10	10:10,5:5
4	1	64e	48387	10	20	4	9	2,664,3,19	12:12,3:3
4	1	64e	219910	10	24	7	1	2,16,664,16,17,3,17	12:12,3:3
4	1	64e	165737	10	28	10	0	11,2,26,19,592,26,24,2,10,24	6:6,9:9
4	1	64e	58371	11	19	4	4	8,2,8,529	14:14,2:2
4	1	64e	202515	11	19	4	4	16,3,538,19	6:6,9:9,1:1
4	1	64e	86515	11	21	4	6	11,8,16,602	5:5,10:10,8:8
4	1	64e	100563	11	21	4	10	2,17,10,664	12:12,3:3,1:1
4	1	800	0	12	14	0	0		15:11
4	1	800	4	12	14	0	4		15:15
4	1	800	1376	12	14	1	0	26	15:15
4	1	800	2016	12	14	1	0	26	15:15
4	1	800	2304	12	14	1	0	10	15:15
4	1	800	3456	12	14	1	0	26	15:15
4	1	800	3568	12	14	1	0	26	15:15
4	1	800	3728	12	14	1	0	26	15:15
4	1	87b	37747	15	27	4	10	10,26,16,523	15:13,8:8
4	1	87b	180883	15	29	4	13	2,10,26,595	15:11,8:8
4	1	87b	222037	15	29	6	9	24,2,8,10,595,24	15:15,8:8
4	1	87b	187571	15	31	4	10	26,16,523,11	15:8,8:8
4	1	87b	90035	15	33	4	14	24,11,16,523	15:8,8:8
4	1	87b	93575	15	33	8	3	8,25,11,25,8,2,665,3	15:15,2:2
4	1	87b	67685	15	34	6	6	19,24,19,26,8,523	15:5,0:0,8:8
4	1	87b	64965	15	35	6	14	24,19,16,522,25,10	15:12,4:4
4	1	888	0	16	16	0	0		15:15,3:3
4	1	888	4	16	20	0	4		15:11,3:3
4	1	888	8	16	20	0	8		15:7,3:3
4	1	888	384	16	20	1	2	1	15:15,3:3
4	1	888	400	16	20	1	0	19	15:7,3:3
4	1	888	448	16	20	1	2	1	15:15,3:3
4	1	888	512	16	20	1	0	11	15:7,3:3
4	1	888	928	16	20	1	0	11	15:7,3:3
4	1	8a2	16930	6	10	3	0	595,11,3	9:9
4	1	8a2	57777	6	10	2	8	10,595	9:9
4	1	8a2	68513	6	10	2	8	595,11	9:9
4	1	8a2	90705	6	10	2	8	10,595	9:9
4	1	8a2	91617	6	10	2	8	10,595	9:9
4	1	8a2	196881	6	10	2	8	11,595	9:9
4	1	8a2	199425	6	10	2	8	10,595	9:9
4	1	8a2	202241	6	10	2	8	11,595	9:9
4	1	8c4	30130	6	10	3	0	10,531,11	10:10
4	1	8c4	95313	6	10	2	8	10,531	10:10
4	1	8c4	100609	6	10	2	8	2,531	10:10
4	1	8c4	146689	6	10	2	8	531,3	10:10
4	1	8c4	152513	6	10	2	8	2,531	10:10
4	1	8c4	174209	6	10	2	8	10,531	10:10
4	1	8c4	183105	6	10	2	8	2,531	10:10
4	1	8c4	185585	6	10	2	8	10,531	10:10
4	1	a40	62385	16	22	2	2	19,16	15:15,9:9
4	1	a40	63505	16	22	2	0	19,16	15:13,9:9
4	1	a40	65025	16	22	2	0	16,19	15:13,9:9
4	1	a40	70321	16	22	2	2	19,16	15:15,9:9
4	1	a40	73089	16	22	2	2	19,16	15:15,9:9
4	1	a40	73537	16	22	2	0	16,19	15:13,9:9
4	1	a40	76033	16	22	2	2	19,16	15:15,9:9
4	1	a40	101889	16	22	2	0	16,19	15:13,9:9
4	1	c78	43414	10	24	7	8	2,17,600,1,16,2,19	6:6,9:9
4	1	c78	155443	11	17	4	0	11,8,538,17	14:14,2:2
4	1	c78	117011	11	19	4	8	2,8,25,664	12:12,3:3,1:1
4	1	c78	211267	11	19	4	8	11,16,522,24	3:3,12:12,2:2
4	1	c78	244899	11	19	4	2	11,10,8,538	14:14,4:4
4	1	c78	5411	11	21	4	10	26,2,592,2	12:12,3:3,1:1
4	1	c78	42853	11	21	6	0	24,2,592,24,2,26	3:3,12:12,4:4
4	1	c78	114786	11	21	3	3	25,522,26	14:12,4:4
4	1	f80	1376	16	20	1	0	26	15:7,12:12
4	1	f80	2016	16	20	1	0	26	15:7,12:12
4	1	f80	3456	16	20	1	0	26	15:7,12:12
4	1	f80	3568	16	20	1	0	26	15:7,12:12
4	1	f80	3728	16	20	1	0	26	15:7,12:12
4	1	f80	6288	16	20	1	0	26	15:7,12:12
4	1	f80	7456	16	20	1	0	26	15:7,12:12
4	1	f80	11264	16	20	1	0	26	15:7,12:12
4	1	ff8	400	13	19	1	0	19	15:3,8:8
4	1	ff8	1376	13	19	1	0	26	15:3,4:4
4	1	ff8	2016	13	19	1	0	26	15:3,4:4
4	1	ff8	2720	13	19	1	0	19	15:3,8:8
4	1	ff8	3456	13	19	1	0	26	15:3,4:4
4	1	ff8	3568	13	19	1	0	26	15:3,4:4
4	1	ff8	3728	13	19	1	0	26	15:3,4:4
4	1	ff8	4016	13	19	1	0	19	15:3,8:8
4	1	1248	16001	4	8	2	0	25,2	6:6
4	1	1248	21105	4	8	2	0	2,11	12:12
4	1	1248	36833	4	8	2	0	16,25	3:3
4	1	1248	44625	4	8	2	0	11,2	12:12
4	1	1248	47761	4	8	2	0	25,2	6:6
4	1	1248	54129	4	8	2	0	11,16	9:9
4	1	1248	92801	4	8	2	0	16,25	3:3
4	1	1248	96833	4	8	2	0	16,11	9:9
4	1	1400	1552	8	12	1	1	17	11:11
4	1	1400	2304	8	12	1	0	10	13:12
4	1	1400	4320	8	12	1	0	10	13:12
4	1	1400	5008	8	12	1	0	10	13:12
4	1	1400	5328	8	12	1	1	17	11:11
4	1	1400	5664	8	12	1	1	10	13:13
4	1	1400	7696	8	12	1	0	17	11:10
4	1	1400	8400	8	12	1	1	17	11:11
4	1	1460	82771	6	14	4	2	24,16,538,1	6:6
4	1	1460	149589	6	18	6	1	16,25,26,538,16,1	6:6
4	1	1460	199221	6	20	6	6	2,16,600,26,11,10	5:5
4	1	1460	221653	6	20	6	6	2,664,10,8,26,16	5:5
4	1	1460	24806	6	22	7	3	8,16,1,522,2,1,24	5:5
4	1	1460	110407	6	22	8	2	10,24,2,600,17,8,16,2	5:5
4	1	1460	12394	6	32	11	7	8,24,25,16,602,10,1,10,17,19,10	9:9
4	1	1460	19581	6	36	14	3	16,25,24,602,25,17,26,16,24,25,8,1,24,11	5:5
4	1	15ca	21234	15	23	3	2	1,24,592	15:13,1:1
4	1	15ca	61219	15	23	4	2	16,1,595,24	15:15,1:1
4	1	15ca	123155	15	23	4	8	1,595,25,24	15:15,1:1
4	1	15ca	138963	15	23	4	8	1,24,592,19	15:15,1:1
4	1	15ca	204323	15	23	4	0	1,595,3,10	15:11,8:8
4	1	15ca	22482	15	25	3	4	3,8,531	15:9,8:8
4	1	15ca	67539	15	25	4	10	11,8,531,24	15:15,1:1
4	1	15ca	212466	15	25	3	2	1,595,24	15:5,1:1
4	1	16c7	148922	6	27	11	1	3,10,24,2,592,538,8,8,24,1,3	4:4,0:0,8:8
4	1	16c7	32997	7	19	6	4	11,26,24,595,24,11	9:9,4:4
4	1	16c7	13125	7	22	6	11	3,2,8,592,26,538	0:0,1:1,4:4,2:2
4	1	16c7	46791	7	25	8	12	3,10,24,11,11,2,592,25	9:9,4:4
4	1	16c7	150711	7	26	8	3	1,17,16,8,2,26,523,17	10:10,0:0,4:4
4	1	16c7	190154	7	31	11	15	24,11,11,26,595,25,523,1,19,16,600	8:8
4	1	16c7	15293	7	35	14	10	3,1,24,8,10,2,17,16,529,10,16,26,602,11	1:1,4:4,2:2
4	1	16c7	32106	7	36	11	15	2,24,25,25,8,8,595,3,10,25,11	3:3,0:0,4:4
4	1	1c00	7696	16	18	1	0	17	15:15,10:10
4	1	1c00	10672	16	18	1	0	17	15:15,10:10
4	1	1c00	17040	16	18	1	0	17	15:15,10:10
4	1	1c00	24000	16	18	1	0	17	15:15,10:10
4	1	1c00	26784	16	18	1	0	17	15:15,10:10
4	1	1c00	27920	16	18	1	0	17	15:15,10:10
4	1	1c00	29376	16	18	1	0	17	15:15,10:10
4	1	1c00	31024	16	18	1	0	17	15:15,10:10
4	1	2000	0	12	14	0	0		15:13
4	1	2000	2	12	14	0	2		15:15
4	1	2000	2096	12	14	1	0	1	15:15
4	1	2000	3440	12	14	1	0	1	15:15
4	1	2000	6864	12	14	1	0	25	15:15
4	1	2000	7072	12	14	1	0	1	15:15
4	1	2000	7696	12	14	1	0	17	15:15
4	1	2000	9232	12	14	1	0	25	15:15
4	1	20ca	3681	18	24	2	4	595,26	15:14,5:5
4	1	20ca	21249	18	24	2	4	595,26	15:14,5:5
4	1	20ca	67889	18	24	2	8	595,19	15:14,9:9
4	1	20ca	150065	18	24	2	8	19,595	15:14,9:9
4	1	20ca	232785	18	24	2	4	595,26	15:14,5:5
4	1	20ca	12097	18	26	2	8	1,595	15:6,9:9
4	1	20ca	26865	18	26	2	8	1,592	15:6,9:9
4	1	20ca	55265	18	26	2	8	17,595	15:12,9:9
4	1	211b	142773	10	24	6	10	1,11,26,25,600,11	10:10,5:5
4	1	211b	80471	10	30	8	14	1,16,19,664,11,16,2,11	6:6,9:9
4	1	211b	37358	10	44	15	7	3,2,24,19,10,11,11,537,17,3,2,2,10,17,19	10:10,5:5
4	1	211b	40819	11	19	4	2	25,1,10,600	5:5,10:10,2:2
4	1	211b	64659	11	21	4	10	1,10,19,537	14:14,2:2
4	1	211b	75829	11	23	6	2	17,1,25,25,592,11	9:9,6:6,2:2
4	1	211b	61493	11	25	6	10	3,19,3,1,592,2	3:3,12:12,2:2
4	1	211b	141107	11	25	4	7	11,16,537,24	7:3,2:2
4	1	2222	2	4	6	0	2		3:3
4	1	2222	2096	4	6	1	0	1	3:3
4	1	2222	3440	4	6	1	0	1	3:3
4	1	2222	7072	4	6	1	0	1	3:3
4	1	2222	13744	4	6	1	0	1	3:3
4	1	2222	13936	4	6	1	0	1	3:3
4	1	2222	14800	4	6	1	0	1	3:3
4	1	2222	15888	4	6	1	0	1	3:3
4	1	22aa	0	9	9	0	0		11:11,1:1
4	1	22aa	4	9	11	0	4		11:11,1:1
4	1	22aa	1376	9	11	1	0	26	11:11,1:1
4	1	22aa	2016	9	11	1	0	26	11:11,1:1
4	1	22aa	2304	9	11	1	0	10	11:11,1:1
4	1	22aa	3456	9	11	1	0	26	11:11,1:1
4	1	22aa	3568	9	11	1	0	26	11:11,1:1
4	1	22aa	3728	9	11	1	0	26	11:11,1:1
4	1	2666	32	13	15	1	0	8	15:15,1:1
4	1	2666	8240	13	15	1	0	8	15:15,1:1
4	1	2666	18224	13	15	1	0	8	15:15,1:1
4	1	2666	20208	13	15	1	0	8	15:15,1:1
4	1	2666	20560	13	15	1	0	8	15:15,1:1
4	1	2666	22160	13	15	1	0	8	15:15,1:1
4	1	2666	25536	13	15	1	0	8	15:15,1:1
4	1	2666	26000	13	15	1	0	8	15:15,1:1
4	1	269e	105879	5	24	8	11	24,26,17,523,664,26,1,25	0:0,2:2
4	1	269e	193422	5	38	15	7	2,1,17,1,3,25,8,8,16,19,26,592,1,537,17	0:0,2:2
4	1	269e	166629	6	18	6	12	26,24,523,16,24,665	2:2,1:1
4	1	269e	110923	6	29	12	2	24,16,16,3,3,19,522,25,19,664,2,19	1:1,0:0,2:2
4	1	269e	156091	6	31	12	12	11,2,24,10,523,16,538,3,11,11,25,19	1:1,0:0,8:8
4	1	269e	108851	7	17	4	6	16,26,523,8	12:12,1:1
4	1	269e	102202	7	27	11	10	24,16,16,531,522,664,25,10,11,25,2	4:4
4	1	269e	253287	7	27	8	11	8,3,10,2,8,664,26,17	3:3,8:8
4	1	26ec	61538	7	14	3	2	3,1,592	9:9,0:0,2:2
4	1	26ec	155891	7	18	4	3	3,1,24,592	9:9,0:0,2:2
4	1	26ec	208070	7	19	7	9	3,522,1,592,10,537,16	2:2
4	1	26ec	55583	7	37	16	6	8,16,16,11,26,16,665,2,19,2,1,16,10,600,1,529	1:1
4	1	26ec	222179	8	16	4	1	3,1,592,26	9:9,8:8,2:2
4	1	26ec	49091	8	21	4	7	1,24,595,3	9:9,2:2,0:0,8:8
4	1	26ec	58850	8	21	3	15	1,24,595	9:9,2:2,0:0,8:8
4	1	26ec	60423	8	22	8	0	1,16,2,24,19,24,522,26	12:12,8:8,2:2
4	1	3400	2304	16	18	1	0	10	15:15,12:12
4	1	3400	4320	16	18	1	0	10	15:15,12:12
4	1	3400	5008	16	18	1	0	10	15:15,12:12
4	1	3400	9296	16	18	1	0	10	15:15,12:12
4	1	3400	11280	16	18	1	0	10	15:15,12:12
4	1	3400	12752	16	18	1	0	10	15:15,12:12
4	1	3400	25456	16	18	1	0	10	15:15,12:12
4	1	3400	29312	16	18	1	0	10	15:15,12:12
4	1	37ff	0	16	21	0	0		15:10,10:10,0:0
4	1	37ff	1	16	21	0	1		15:11,10:10,0:0
4	1	37ff	4	16	21	0	4		15:14,10:10,0:0
4	1	37ff	5	16	21	0	5		15:15,10:10,0:0
4	1	37ff	32	16	21	1	0	8	15:11,10:10,0:0
4	1	37ff	480	16	21	1	4	24	15:15,10:10,0:0
4	1	37ff	1056	16	21	1	0	24	15:11,10:10,0:0
4	1	37ff	1376	16	21	1	0	26	15:14,10:10,0:0
4	1	3800	2304	16	20	1	0	10	15:14,12:12
4	1	3800	4320	16	20	1	0	10	15:14,12:12
4	1	3800	5008	16	20	1	0	10	15:14,12:12
4	1	3800	5569	16	20	2	0	10,8	15:15,12:12
4	1	3800	5664	16	20	1	1	10	15:15,12:12
4	1	3800	7681	16	20	2	0	8,10	15:15,12:12
4	1	3800	9296	16	20	1	0	10	15:14,12:12
4	1	3800	10256	16	20	1	1	10	15:15,12:12
4	1	4000	0	12	14	0	0		15:14
4	1	4000	1	12	14	0	1		15:15
4	1	4000	32	12	14	1	0	8	15:15
4	1	4000	1056	12	14	1	0	24	15:15
4	1	4000	4368	12	14	1	0	24	15:15
4	1	4000	4512	12	14	1	0	24	15:15
4	1	4000	5744	12	14	1	0	24	15:15
4	1	4000	6992	12	14	1	0	24	15:15
4	1	4084	6050	16	22	3	0	10,24,16	15:15,3:3
4	1	4084	9841	16	22	2	1	26,16	15:15,3:3
4	1	4084	21793	16	22	2	4	26,2	15:15,6:6
4	1	4084	44113	16	22	2	4	26,2	15:15,6:6
4	1	4084	47393	16	22	2	1	26,16	15:15,3:3
4	1	4084	58353	16	22	2	4	26,2	15:15,6:6
4	1	4084	62129	16	22	2	1	26,16	15:15,3:3
4	1	4084	86081	16	22	2	1	26,16	15:15,3:3
4	1	4800	8992	8	10	1	0	2	14:14
4	1	4800	9344	8	10	1	0	16	11:11
4	1	4800	10240	8	10	1	0	2	14:14
4	1	4800	10752	8	10	1	0	16	11:11
4	1	4800	12880	8	10	1	0	2	14:14
4	1	4800	14000	8	10	1	0	16	11:11
4	1	4800	17776	8	10	1	0	16	11:11
4	1	4800	17792	8	10	1	0	2	14:14
4	1	4c00	0	16	16	0	0		15:15,10:10
4	1	4c00	1	16	20	0	1		15:14,10:10
4	1	4c00	4	16	20	0	4		15:11,10:10
4	1	4c00	32	16	20	1	0	8	15:14,10:10
4	1	4c00	1056	16	20	1	0	24	15:14,10:10
4	1	4c00	1376	16	20	1	0	26	15:11,10:10
4	1	4c00	1920	16	20	1	4	10	15:15,10:10
4	1	4c00	1984	16	20	1	1	8	15:15,10:10
4	1	4d27	44885	5	17	6	5	600,1,17,11,538,16	1:1
4	1	4d27	238694	5	18	7	4	26,600,19,17,11,8,523	0:0,8:8
4	1	4d27	131223	5	22	8	5	600,17,25,19,19,26,522,19	0:0,8:8
4	1	4d27	1658	5	26	11	2	10,10,664,26,10,16,529,3,3,10,11	0:0,8:8
4	1	4d27	179753	5	26	10	3	10,600,26,11,531,2,2,19,25,24	0:0,8:8
4	1	4d27	208085	6	16	6	2	664,26,10,531,17,26	8:8,2:2
4	1	4d27	214995	6	17	4	13	664,26,17,523	4:4,0:0,8:8
4	1	4d27	170517	6	18	6	10	600,26,19,10,19,531	8:8,4:4
4	1	5c00	32530	6	12	3	1	8,24,529	10:10
4	1	5c00	154707	6	16	4	3	25,8,529,8	10:10
4	1	5c00	196451	6	16	4	3	26,1,16,592	9:9
4	1	5c00	35573	6	18	6	1	8,529,25,10,16,26	12:12
4	1	5c00	114485	6	18	6	1	1,24,8,17,592,10	9:9
4	1	5c00	130917	6	18	6	1	8,2,25,529,25,10	12:12
4	1	5c00	159143	6	20	8	0	1,25,592,26,24,2,8,25	9:9
4	1	5c00	236775	6	20	8	0	1,8,16,11,11,3,3,592	9:9
4	1	6000	32	8	10	1	0	8	13:13
4	1	6000	2096	8	10	1	0	1	14:14
4	1	6000	3440	8	10	1	0	1	14:14
4	1	6000	7072	8	10	1	0	1	14:14
4	1	6000	8240	8	10	1	0	8	13:13
4	1	6000	13744	8	10	1	0	1	14:14
4	1	6000	13936	8	10	1	0	1	14:14
4	1	6000	14800	8	10	1	0	1	14:14
4	1	60ad	239714	17	26	3	1	2,531,602	15:9,0:0,4:4
4	1	60ad	63586	17	29	3	15	2,531,602	15:7,4:4
4	1	60ad	8403	17	31	4	15	538,2,8,531	15:11,8:8
4	1	60ad	20725	17	31	6	11	531,24,2,19,523,16	15:15,8:8
4	1	60ad	147606	17	31	7	9	19,602,2,19,25,523,19	15:15,8:8
4	1	60ad	31413	17	32	6	1	3,1,538,592,2,3	15:5,0:0,8:8
4	1	60ad	144261	17	32	6	4	24,600,2,2,19,531	15:5,0:0,8:8
4	1	60ad	2294	17	33	7	9	11,24,17,25,26,537,592	15:11,1:1
4	1	6300	37969	6	10	2	2	16,529	10:10
4	1	6300	54497	6	10	2	2	16,529	10:10
4	1	6300	69329	6	10	2	2	16,529	10:10
4	1	6300	216817	6	10	2	2	16,529	10:10
4	1	6300	237153	6	10	2	4	529,10	12:12
4	1	6300	7729	6	12	2	6	529,17	10:10
4	1	6300	11010	6	12	3	4	17,529,25	10:10
4	1	6300	24305	6	12	2	6	16,529	10:10
4	1	6369	183237	8	16	6	8	592,537,592,25,16,11	8:8,1:1
4	1	6369	91926	8	20	7	12	25,592,537,11,24,592,25	4:4,1:1
4	1	6369	126695	8	25	8	14	600,8,25,529,8,537,26,2	2:2,0:0,4:4
4	1	6369	109425	9	13	2	6	592,537	6:6,1:1
4	1	6369	3650	9	14	3	4	16,592,537	6:6,0:0,1:1
4	1	6369	92177	9	14	2	0	2,17	13:13,0:0,2:2
4	1	6369	168993	9	14	2	0	2,17	13:13,0:0,2:2
4	1	6369	4033	9	15	2	2	2,17	13:13,2:2
4	1	7000	0	16	16	0	0		15:15,12:12
4	1	7000	1	16	20	0	1		15:14,12:12
4	1	7000	2	16	20	0	2		15:13,12:12
4	1	7000	32	16	20	1	0	8	15:14,12:12
4	1	7000	321	16	20	2	0	17,1	15:15,12:12
4	1	7000	384	16	20	1	2	1	15:15,12:12
4	1	7000	448	16	20	1	2	1	15:15,12:12
4	1	7000	1056	16	20	1	0	24	15:14,12:12
4	1	7c00	1552	16	22	1	1	17	15:13,10:10
4	1	7c00	2304	16	22	1	0	10	15:10,12:12
4	1	7c00	4320	16	22	1	0	10	15:10,12:12
4	1	7c00	4673	16	22	2	0	16,17	15:13,10:10
4	1	7c00	5008	16	22	1	0	10	15:10,12:12
4	1	7c00	5328	16	22	1	1	17	15:13,10:10
4	1	7c00	5569	16	22	2	0	10,8	15:11,12:12
4	1	7c00	5664	16	22	1	1	10	15:11,12:12
4	1	d911	38914	15	25	3	5	3,11,600	15:7,1:1
4	1	d911	39986	15	25	3	9	3,11,600	15:11,1:1
4	1	d911	117058	15	25	3	13	3,11,600	15:15,1:1
4	1	d911	41906	15	26	3	0	3,11,600	15:2,0:0,1:1
4	1	d911	214498	15	26	3	0	11,3,600	15:2,0:0,1:1
4	1	d911	226835	15	27	4	14	3,600,1,3	15:15,2:2
4	1	d911	223746	15	28	3	12	3,8,600	15:6,0:0,1:1
4	1	d911	5522	15	29	3	15	3,11,600	15:13,1:1
4	1	fb33	8	16	25	0	8		15:2,10:10,0:0
4	1	fb33	9	16	25	0	9		15:3,10:10,0:0
4	1	fb33	12	16	25	0	12		15:6,10:10,0:0
4	1	fb33	13	16	25	0	13		15:7,10:10,0:0
4	1	fb33	208	16	25	1	8	8	15:3,10:10,0:0
4	1	fb33	352	16	25	1	9	26	15:7,10:10,0:0
4	1	fb33	512	16	25	1	0	11	15:2,10:10,0:0
4	1	fb33	576	16	25	1	5	11	15:7,10:10,0:0
4	1	ffec	10	16	21	0	10		15:15,10:10,0:0
4	1	ffec	896	16	23	1	10	11	15:15,10:10,0:0
4	1	ffec	992	16	23	1	10	25	15:15,10:10,0:0
4	1	ffec	1088	16	23	1	10	26	15:15,10:10,0:0
4	1	ffec	1504	16	23	1	10	8	15:15,10:10,0:0
4	1	ffec	1904	16	23	1	10	8	15:15,10:10,0:0
4	1	ffec	2800	16	23	1	10	24	15:15,10:10,0:0
4	1	ffec	3360	16	23	1	10	26	15:15,10:10,0:0
4	2	125a	8992	16	18	1	0	2	14:14,4:4
4	2	125a	9344	16	18	1	0	16	11:11,1:1
4	2	125a	10240	16	18	1	0	2	14:14,4:4
4	2	125a	10752	16	18	1	0	16	11:11,1:1
4	2	125a	12880	16	18	1	0	2	14:14,4:4
4	2	125a	14000	16	18	1	0	16	11:11,1:1
4	2	125a	17776	16	18	1	0	16	11:11,1:1
4	2	125a	17792	16	18	1	0	2	14:14,4:4
4	2	7c00	1552	24	30	1	1	17	15:13,10:10
4	2	7c00	2304	24	30	1	0	10	15:10,12:12
4	2	7c00	4320	24	30	1	0	10	15:10,12:12
4	2	7c00	4673	24	30	2	0	16,17	15:13,10:10
4	2	7c00	5008	24	30	1	0	10	15:10,12:12
4	2	7c00	5328	24	30	1	1	17	15:13,10:10
4	2	7c00	5569	24	30	2	0	10,8	15:11,12:12
4	2	7c00	5664	24	30	1	1	10	15:11,12:12
4	4	7c00	1552	40	46	1	1	17	15:13,10:10
4	4	7c00	2304	40	46	1	0	10	15:10,12:12
4	4	7c00	4320	40	46	1	0	10	15:10,12:12
4	4	7c00	4673	40	46	2	0	16,17	15:13,10:10
4	4	7c00	5008	40	46	1	0	10	15:10,12:12
4	4	7c00	5328	40	46	1	1	17	15:13,10:10
4	4	7c00	5569	40	46	2	0	10,8	15:11,12:12
4	4	7c00	5664	40	46	1	1	10	15:11,12:12
4	5	0	0	0	0	0	0		
4	5	0	1	0	2	0	1		
4	5	0	2	0	2	0	2		
4	5	0	4	0	2	0	4		
4	5	0	8	0	2	0	8		
4	5	0	32	0	2	1	0	8	
4	5	0	400	0	2	1	0	19	
4	5	0	512	0	2	1	0	11	
4	5	3f8	4306	46	52	3	0	595,11,26	15:14,4:4
4	5	3f8	36690	46	54	3	5	11,17,595	15:15,8:8
4	5	3f8	146946	46	54	3	8	595,25,10	15:14,4:4
4	5	3f8	201794	46	54	3	9	595,25,10	15:15,4:4
4	5	3f8	38786	46	56	3	5	595,26,17	15:7,2:2
4	5	3f8	71170	46	56	3	9	19,595,25	15:11,2:2
4	5	3f8	72595	46	56	4	4	19,595,25,8	15:7,2:2
4	5	3f8	111043	46	56	4	2	11,595,26,16	15:13,4:4
4	5	407	38977	22	28	2	8	24,523	12:8
4	5	407	85617	22	28	2	8	24,523	12:8
4	5	407	123889	22	28	2	4	24,523	12:4
4	5	407	148529	22	28	2	0	24,523	12:0
4	5	407	185745	22	28	2	12	24,523	12:12
4	5	407	204161	22	28	2	8	24,523	12:8
4	5	407	213457	22	28	2	4	24,523	12:4
4	5	407	2465	22	30	2	13	24,523	12:12
4	5	87b	37747	46	58	4	10	10,26,16,523	15:13,8:8
4	5	87b	180883	46	60	4	13	2,10,26,595	15:11,8:8
4	5	87b	222037	46	60	6	9	24,2,8,10,595,24	15:15,8:8
4	5	87b	187571	46	62	4	10	26,16,523,11	15:8,8:8
4	5	87b	90035	46	64	4	14	24,11,16,523	15:8,8:8
4	5	87b	93575	46	64	8	3	8,25,11,25,8,2,665,3	15:15,2:2
4	5	87b	64965	46	66	6	14	24,19,16,522,25,10	15:12,4:4
4	5	87b	67685	46	66	6	6	19,24,19,26,8,523	15:5,8:0
4	5	c78	155443	42	48	4	0	11,8,538,17	14:14,2:2
4	5	c78	244899	42	50	4	2	11,10,8,538	14:14,4:4
4	5	c78	114786	42	52	3	3	25,522,26	14:12,4:4
4	5	c78	117011	42	52	4	8	2,8,25,664	3:1,12:12
4	5	c78	211267	42	52	4	8	11,16,522,24	3:2,12:12
4	5	c78	5411	42	54	4	10	26,2,592,2	3:1,12:12
4	5	c78	10850	42	54	3	10	26,25,522	14:4,4:4
4	5	c78	42853	42	54	6	0	24,2,592,24,2,26	12:4,3:3
4	5	f80	0	48	52	0	0		15:7,12:8
4	5	f80	400	48	52	1	0	19	15:15,12:8
4	5	f80	1376	48	52	1	0	26	15:7,12:12
4	5	f80	2016	48	52	1	0	26	15:7,12:12
4	5	f80	2720	48	52	1	0	19	15:15,12:8
4	5	f80	3456	48	52	1	0	26	15:7,12:12
4	5	f80	3568	48	52	1	0	26	15:7,12:12
4	5	f80	3728	48	52	1	0	26	15:7,12:12
4	5	211b	40819	42	52	4	2	25,1,10,600	10:2,5:5
4	5	211b	64659	42	52	4	10	1,10,19,537	14:14,2:2
4	5	211b	110083	42	52	4	0	1,17,592,11	6:0,9:9
4	5	211b	75829	42	56	6	2	17,1,25,25,592,11	6:2,9:9
4	5	211b	94867	42	56	4	4	25,1,600,10	10:0,5:1
4	5	211b	141107	42	56	4	7	11,16,537,24	7:3,2:2
4	5	211b	142773	42	56	6	10	1,11,26,25,600,11	10:10,5:5
4	5	211b	5574	42	58	7	10	19,24,24,11,537,3,26	14:14,2:2
4	5	4000	0	28	30	0	0		15:14
4	5	4000	1	28	30	0	1		15:15
4	5	4000	32	28	30	1	0	8	15:15
4	5	4000	1056	28	30	1	0	24	15:15
4	5	4000	4368	28	30	1	0	24	15:15
4	5	4000	4512	28	30	1	0	24	15:15
4	5	4000	5744	28	30	1	0	24	15:15
4	5	4000	6992	28	30	1	0	24	15:15
4	5	4084	6050	48	54	3	0	10,24,16	15:15,3:3
4	5	4084	9841	48	54	2	1	26,16	15:15,3:3
4	5	4084	21793	48	54	2	4	26,2	15:15,6:6
4	5	4084	44113	48	54	2	4	26,2	15:15,6:6
4	5	4084	47393	48	54	2	1	26,16	15:15,3:3
4	5	4084	58353	48	54	2	4	26,2	15:15,6:6
4	5	4084	62129	48	54	2	1	26,16	15:15,3:3
4	5	4084	86081	48	54	2	1	26,16	15:15,3:3
4	5	4d27	44885	20	32	6	5	600,1,17,11,538,16	1:1
4	5	4d27	238694	20	34	7	4	26,600,19,17,11,8,523	8:0
4	5	4d27	131223	20	38	8	5	600,17,25,19,19,26,522,19	8:0
4	5	4d27	1658	20	42	11	2	10,10,664,26,10,16,529,3,3,10,11	8:0
4	5	4d27	179753	20	42	10	3	10,600,26,11,531,2,2,19,25,24	8:0
4	5	4d27	118803	22	28	4	1	600,17,522,538	4:0
4	5	4d27	157875	22	32	4	15	600,529,25,522	4:4
4	5	4d27	26021	22	34	6	14	600,19,25,531,522,17	4:4
4	5	60ad	239714	48	58	3	1	2,531,602	15:9,4:0
4	5	60ad	63586	48	60	3	15	2,531,602	15:7,4:4
4	5	60ad	8403	48	62	4	15	538,2,8,531	15:11,8:8
4	5	60ad	20725	48	62	6	11	531,24,2,19,523,16	15:15,8:8
4	5	60ad	147606	48	62	7	9	19,602,2,19,25,523,19	15:15,8:8
4	5	60ad	2294	48	64	7	9	11,24,17,25,26,537,592	15:11,1:1
4	5	60ad	31413	48	64	6	1	3,1,538,592,2,3	15:5,8:0
4	5	60ad	144261	48	64	6	4	24,600,2,2,19,531	15:5,8:0
4	5	6300	1233	22	26	2	0	529,10	12:8
4	5	6300	19233	22	26	2	0	529,10	12:8
4	5	6300	25057	22	26	2	0	17,529	10:8
4	5	6300	37953	22	26	2	0	529,10	12:8
4	5	6300	37969	22	26	2	2	16,529	10:10
4	5	6300	47553	22	26	2	0	529,17	10:8
4	5	6300	54497	22	26	2	2	16,529	10:10
4	5	6300	69329	22	26	2	2	16,529	10:10
4	5	7c00	1552	48	54	1	1	17	15:13,10:10
4	5	7c00	2304	48	54	1	0	10	15:10,12:12
4	5	7c00	4320	48	54	1	0	10	15:10,12:12
4	5	7c00	4673	48	54	2	0	16,17	15:13,10:10
4	5	7c00	5008	48	54	1	0	10	15:10,12:12
4	5	7c00	5328	48	54	1	1	17	15:13,10:10
4	5	7c00	5569	48	54	2	0	10,8	15:11,12:12
4	5	7c00	5664	48	54	1	1	10	15:11,12:12
4	6	0	0	0	0	0	0		
4	6	0	1	0	2	0	1		
4	6	0	2	0	2	0	2		
4	6	0	4	0	2	0	4		
4	6	0	8	0	2	0	8		
4	6	0	32	0	2	1	0	8	
4	6	0	400	0	2	1	0	19	
4	6	0	512	0	2	1	0	11	
4	6	400	0	32	36	0	0		15:10
4	6	400	1	32	36	0	1		15:11
4	6	400	4	32	36	0	4		15:14
4	6	400	5	32	36	0	5		15:15
4	6	400	32	32	36	1	0	8	15:11
4	6	400	480	32	36	1	4	24	15:15
4	6	400	1056	32	36	1	0	24	15:11
4	6	400	1376	32	36	1	0	26	15:14
4	6	407	38977	26	32	2	8	24,523	12:8
4	6	407	85617	26	32	2	8	24,523	12:8
4	6	407	123889	26	32	2	4	24,523	12:4
4	6	407	148529	26	32	2	0	24,523	12:0
4	6	407	185745	26	32	2	12	24,523	12:12
4	6	407	204161	26	32	2	8	24,523	12:8
4	6	407	213457	26	32	2	4	24,523	12:4
4	6	407	2465	26	34	2	13	24,523	12:12
4	6	800	0	32	34	0	0		15:11
4	6	800	4	32	34	0	4		15:15
4	6	800	1376	32	34	1	0	26	15:15
4	6	800	2016	32	34	1	0	26	15:15
4	6	800	2304	32	34	1	0	10	15:15
4	6	800	3456	32	34	1	0	26	15:15
4	6	800	3568	32	34	1	0	26	15:15
4	6	800	3728	32	34	1	0	26	15:15
4	6	87b	37747	54	66	4	10	10,26,16,523	15:13,8:8
4	6	87b	180883	54	68	4	13	2,10,26,595	15:11,8:8
4	6	87b	222037	54	68	6	9	24,2,8,10,595,24	15:15,8:8
4	6	87b	187571	54	70	4	10	26,16,523,11	15:8,8:8
4	6	87b	90035	54	72	4	14	24,11,16,523	15:8,8:8
4	6	87b	93575	54	72	8	3	8,25,11,25,8,2,665,3	15:15,2:2
4	6	87b	64965	54	74	6	14	24,19,16,522,25,10	15:12,4:4
4	6	87b	67685	54	74	6	6	19,24,19,26,8,523	15:5,8:0
4	6	1400	1552	28	32	1	1	17	11:11
4	6	1400	2304	28	32	1	0	10	13:12
4	6	1400	4320	28	32	1	0	10	13:12
4	6	1400	5008	28	32	1	0	10	13:12
4	6	1400	5328	28	32	1	1	17	11:11
4	6	1400	5664	28	32	1	1	10	13:13
4	6	1400	7696	28	32	1	0	17	11:10
4	6	1400	8400	28	32	1	1	17	11:11
4	6	2000	0	32	34	0	0		15:13
4	6	2000	2	32	34	0	2		15:15
4	6	2000	2096	32	34	1	0	1	15:15
4	6	2000	3440	32	34	1	0	1	15:15
4	6	2000	6864	32	34	1	0	25	15:15
4	6	2000	7072	32	34	1	0	1	15:15
4	6	2000	7696	32	34	1	0	17	15:15
4	6	2000	9232	32	34	1	0	25	15:15
4	6	211b	40819	50	60	4	2	25,1,10,600	10:2,5:5
4	6	211b	64659	50	60	4	10	1,10,19,537	14:14,2:2
4	6	211b	110083	50	60	4	0	1,17,592,11	6:0,9:9
4	6	211b	75829	50	64	6	2	17,1,25,25,592,11	6:2,9:9
4	6	211b	94867	50	64	4	4	25,1,600,10	10:0,5:1
4	6	211b	141107	50	64	4	7	11,16,537,24	7:3,2:2
4	6	211b	142773	50	64	6	10	1,11,26,25,600,11	10:10,5:5
4	6	211b	5574	50	66	7	10	19,24,24,11,537,3,26	14:14,2:2
4	6	3400	2304	56	58	1	0	10	15:15,12:12
4	6	3400	4320	56	58	1	0	10	15:15,12:12
4	6	3400	5008	56	58	1	0	10	15:15,12:12
4	6	3400	9296	56	58	1	0	10	15:15,12:12
4	6	3400	11280	56	58	1	0	10	15:15,12:12
4	6	3400	12752	56	58	1	0	10	15:15,12:12
4	6	3400	25456	56	58	1	0	10	15:15,12:12
4	6	3400	29312	56	58	1	0	10	15:15,12:12
4	6	3800	2304	56	60	1	0	10	15:14,12:12
4	6	3800	4320	56	60	1	0	10	15:14,12:12
4	6	3800	5008	56	60	1	0	10	15:14,12:12
4	6	3800	5569	56	60	2	0	10,8	15:15,12:12
4	6	3800	5664	56	60	1	1	10	15:15,12:12
4	6	3800	7681	56	60	2	0	8,10	15:15,12:12
4	6	3800	9296	56	60	1	0	10	15:14,12:12
4	6	3800	10256	56	60	1	1	10	15:15,12:12
4	6	4000	0	32	34	0	0		15:14
4	6	4000	1	32	34	0	1		15:15
4	6	4000	32	32	34	1	0	8	15:15
4	6	4000	1056	32	34	1	0	24	15:15
4	6	4000	4368	32	34	1	0	24	15:15
4	6	4000	4512	32	34	1	0	24	15:15
4	6	4000	5744	32	34	1	0	24	15:15
4	6	4000	6992	32	34	1	0	24	15:15
4	6	4084	6050	56	62	3	0	10,24,16	15:15,3:3
4	6	4084	9841	56	62	2	1	26,16	15:15,3:3
4	6	4084	21793	56	62	2	4	26,2	15:15,6:6
4	6	4084	44113	56	62	2	4	26,2	15:15,6:6
4	6	4084	47393	56	62	2	1	26,16	15:15,3:3
4	6	4084	58353	56	62	2	4	26,2	15:15,6:6
4	6	4084	62129	56	62	2	1	26,16	15:15,3:3
4	6	4084	86081	56	62	2	1	26,16	15:15,3:3
4	6	4c00	0	56	56	0	0		15:15,10:10
4	6	4c00	1	56	60	0	1		15:14,10:10
4	6	4c00	4	56	60	0	4		15:11,10:10
4	6	4c00	32	56	60	1	0	8	15:14,10:10
4	6	4c00	1056	56	60	1	0	24	15:14,10:10
4	6	4c00	1376	56	60	1	0	26	15:11,10:10
4	6	4c00	1920	56	60	1	4	10	15:15,10:10
4	6	4c00	1984	56	60	1	1	8	15:15,10:10
4	6	4d27	44885	24	36	6	5	600,1,17,11,538,16	1:1
4	6	4d27	238694	24	38	7	4	26,600,19,17,11,8,523	8:0
4	6	4d27	131223	24	42	8	5	600,17,25,19,19,26,522,19	8:0
4	6	4d27	1658	24	46	11	2	10,10,664,26,10,16,529,3,3,10,11	8:0
4	6	4d27	179753	24	46	10	3	10,600,26,11,531,2,2,19,25,24	8:0
4	6	4d27	118803	26	32	4	1	600,17,522,538	4:0
4	6	4d27	157875	26	36	4	15	600,529,25,522	4:4
4	6	4d27	26021	26	38	6	14	600,19,25,531,522,17	4:4
4	6	6000	32	28	30	1	0	8	13:13
4	6	6000	2096	28	30	1	0	1	14:14
4	6	6000	3440	28	30	1	0	1	14:14
4	6	6000	7072	28	30	1	0	1	14:14
4	6	6000	8240	28	30	1	0	8	13:13
4	6	6000	13744	28	30	1	0	1	14:14
4	6	6000	13936	28	30	1	0	1	14:14
4	6	6000	14800	28	30	1	0	1	14:14
4	6	60ad	239714	56	66	3	1	2,531,602	15:9,4:0
4	6	60ad	63586	56	68	3	15	2,531,602	15:7,4:4
4	6	60ad	8403	56	70	4	15	538,2,8,531	15:11,8:8
4	6	60ad	20725	56	70	6	11	531,24,2,19,523,16	15:15,8:8
4	6	60ad	147606	56	70	7	9	19,602,2,19,25,523,19	15:15,8:8
4	6	60ad	2294	56	72	7	9	11,24,17,25,26,537,592	15:11,1:1
4	6	60ad	31413	56	72	6	1	3,1,538,592,2,3	15:5,8:0
4	6	60ad	144261	56	72	6	4	24,600,2,2,19,531	15:5,8:0
4	6	6300	1233	26	30	2	0	529,10	12:8
4	6	6300	19233	26	30	2	0	529,10	12:8
4	6	6300	25057	26	30	2	0	17,529	10:8
4	6	6300	37953	26	30	2	0	529,10	12:8
4	6	6300	37969	26	30	2	2	16,529	10:10
4	6	6300	47553	26	30	2	0	529,17	10:8
4	6	6300	54497	26	30	2	2	16,529	10:10
4	6	6300	69329	26	30	2	2	16,529	10:10
4	6	6369	70999	30	44	8	13	2,3,602,529,592,602,17,600	2:0
4	6	6369	75290	30	48	11	3	600,25,2,529,537,2,17,600,531,2,11	8:0
4	6	6369	25611	30	50	12	5	538,26,595,11,3,3,17,537,3,529,8,531	8:0
4	6	6369	197629	30	52	14	1	3,11,600,3,665,664,1,523,538,3,26,25,1,10	4:0
4	6	6369	136527	30	56	16	1	11,537,2,11,10,8,595,10,25,17,8,538,665,16,24,522	2:0
4	6	6369	27258	32	50	11	15	1,595,8,538,8,25,17,595,602,523,665	2:2
4	6	6369	248271	32	56	16	12	10,522,665,1,17,11,26,538,16,1,17,531,17,600,24,665	8:8
4	6	6369	86602	34	46	11	8	592,538,529,8,523,538,17,592,17,26,595	1:0
4	6	7000	0	56	56	0	0		15:15,12:12
4	6	7000	1	56	60	0	1		15:14,12:12
4	6	7000	2	56	60	0	2		15:13,12:12
4	6	7000	32	56	60	1	0	8	15:14,12:12
4	6	7000	321	56	60	2	0	17,1	15:15,12:12
4	6	7000	384	56	60	1	2	1	15:15,12:12
4	6	7000	448	56	60	1	2	1	15:15,12:12
4	6	7000	1056	56	60	1	0	24	15:14,12:12
4	6	7c00	1552	56	62	1	1	17	15:13,10:10
4	6	7c00	2304	56	62	1	0	10	15:10,12:12
4	6	7c00	4320	56	62	1	0	10	15:10,12:12
4	6	7c00	4673	56	62	2	0	16,17	15:13,10:10
4	6	7c00	5008	56	62	1	0	10	15:10,12:12
4	6	7c00	5328	56	62	1	1	17	15:13,10:10
4	6	7c00	5569	56	62	2	0	10,8	15:11,12:12
4	6	7c00	5664	56	62	1	1	10	15:11,12:12
4	7	0	0	0	0	0	0		
4	7	0	1	0	2	0	1		
4	7	0	2	0	2	0	2		
4	7	0	4	0	2	0	4		
4	7	0	8	0	2	0	8		
4	7	0	32	0	2	1	0	8	
4	7	0	400	0	2	1	0	19	
4	7	0	512	0	2	1	0	11	
4	7	400	0	36	40	0	0		15:10
4	7	400	1	36	40	0	1		15:11
4	7	400	4	36	40	0	4		15:14
4	7	400	5	36	40	0	5		15:15
4	7	400	32	36	40	1	0	8	15:11
4	7	400	480	36	40	1	4	24	15:15
4	7	400	1056	36	40	1	0	24	15:11
4	7	400	1376	36	40	1	0	26	15:14
4	7	408	480	32	36	1	4	24	7:7
4	7	408	1056	32	36	1	0	24	7:3
4	7	408	1601	32	36	2	0	24,2	7:7
4	7	408	1680	32	36	1	4	3	14:14
4	7	408	2160	32	36	1	0	3	14:10
4	7	408	4064	32	36	1	0	3	14:10
4	7	408	4224	32	36	1	4	24	7:7
4	7	408	4368	32	36	1	0	24	7:3
4	7	800	0	36	38	0	0		15:11
4	7	800	4	36	38	0	4		15:15
4	7	800	1376	36	38	1	0	26	15:15
4	7	800	2016	36	38	1	0	26	15:15
4	7	800	2304	36	38	1	0	10	15:15
4	7	800	3456	36	38	1	0	26	15:15
4	7	800	3568	36	38	1	0	26	15:15
4	7	800	3728	36	38	1	0	26	15:15
4	7	1248	16001	28	32	2	0	25,2	6:6
4	7	1248	21105	28	32	2	0	2,11	12:12
4	7	1248	36833	28	32	2	0	16,25	3:3
4	7	1248	44625	28	32	2	0	11,2	12:12
4	7	1248	47761	28	32	2	0	25,2	6:6
4	7	1248	54129	28	32	2	0	11,16	9:9
4	7	1248	92801	28	32	2	0	16,25	3:3
4	7	1248	96833	28	32	2	0	16,11	9:9
4	7	1400	1552	32	36	1	1	17	11:11
4	7	1400	2304	32	36	1	0	10	13:12
4	7	1400	4320	32	36	1	0	10	13:12
4	7	1400	5008	32	36	1	0	10	13:12
4	7	1400	5328	32	36	1	1	17	11:11
4	7	1400	5664	32	36	1	1	10	13:13
4	7	1400	7696	32	36	1	0	17	11:10
4	7	1400	8400	32	36	1	1	17	11:11
4	7	16c7	190154	30	54	11	15	24,11,11,26,595,25,523,1,19,16,600	8:8
4	7	16c7	66763	32	54	12	13	19,600,3,602,24,1,17,26,19,8,595,600	8:8
4	7	16c7	88859	32	54	12	11	8,522,17,24,11,595,537,538,10,2,26,26	2:2
4	7	16c7	141950	34	62	15	15	10,8,26,600,595,665,25,17,529,538,16,19,24,16,25	4:4
4	7	16c7	234554	36	54	11	15	24,537,602,3,8,595,8,531,602,11,595	4:4
4	7	16c7	37645	36	58	14	6	24,602,8,17,600,531,600,8,523,1,3,26,592,25	1:0
4	7	16c7	146511	36	60	16	4	2,16,531,595,11,25,665,24,16,11,26,10,2,600,602,529	2:0
4	7	16c7	10127	38	60	16	8	529,24,26,592,2,25,602,25,531,529,602,16,19,17,24,523	4:0
4	7	2000	0	36	38	0	0		15:13
4	7	2000	2	36	38	0	2		15:15
4	7	2000	2096	36	38	1	0	1	15:15
4	7	2000	3440	36	38	1	0	1	15:15
4	7	2000	6864	36	38	1	0	25	15:15
4	7	2000	7072	36	38	1	0	1	15:15
4	7	2000	7696	36	38	1	0	17	15:15
4	7	2000	9232	36	38	1	0	25	15:15
4	7	3400	2304	64	66	1	0	10	15:15,12:12
4	7	3400	4320	64	66	1	0	10	15:15,12:12
4	7	3400	5008	64	66	1	0	10	15:15,12:12
4	7	3400	9296	64	66	1	0	10	15:15,12:12
4	7	3400	11280	64	66	1	0	10	15:15,12:12
4	7	3400	12752	64	66	1	0	10	15:15,12:12
4	7	3400	25456	64	66	1	0	10	15:15,12:12
4	7	3400	29312	64	66	1	0	10	15:15,12:12
4	7	3800	2304	64	68	1	0	10	15:14,12:12
4	7	3800	4320	64	68	1	0	10	15:14,12:12
4	7	3800	5008	64	68	1	0	10	15:14,12:12
4	7	3800	5569	64	68	2	0	10,8	15:15,12:12
4	7	3800	5664	64	68	1	1	10	15:15,12:12
4	7	3800	7681	64	68	2	0	8,10	15:15,12:12
4	7	3800	9296	64	68	1	0	10	15:14,12:12
4	7	3800	10256	64	68	1	1	10	15:15,12:12
4	7	4000	0	36	38	0	0		15:14
4	7	4000	1	36	38	0	1		15:15
4	7	4000	32	36	38	1	0	8	15:15
4	7	4000	1056	36	38	1	0	24	15:15
4	7	4000	4368	36	38	1	0	24	15:15
4	7	4000	4512	36	38	1	0	24	15:15
4	7	4000	5744	36	38	1	0	24	15:15
4	7	4000	6992	36	38	1	0	24	15:15
4	7	4800	8992	32	34	1	0	2	14:14
4	7	4800	9344	32	34	1	0	16	11:11
4	7	4800	10240	32	34	1	0	2	14:14
4	7	4800	10752	32	34	1	0	16	11:11
4	7	4800	12880	32	34	1	0	2	14:14
4	7	4800	14000	32	34	1	0	16	11:11
4	7	4800	17776	32	34	1	0	16	11:11
4	7	4800	17792	32	34	1	0	2	14:14
4	7	4c00	0	64	64	0	0		15:15,10:10
4	7	4c00	1	64	68	0	1		15:14,10:10
4	7	4c00	4	64	68	0	4		15:11,10:10
4	7	4c00	32	64	68	1	0	8	15:14,10:10
4	7	4c00	1056	64	68	1	0	24	15:14,10:10
4	7	4c00	1376	64	68	1	0	26	15:11,10:10
4	7	4c00	1920	64	68	1	4	10	15:15,10:10
4	7	4c00	1984	64	68	1	1	8	15:15,10:10
4	7	6000	32	32	34	1	0	8	13:13
4	7	6000	2096	32	34	1	0	1	14:14
4	7	6000	3440	32	34	1	0	1	14:14
4	7	6000	7072	32	34	1	0	1	14:14
4	7	6000	8240	32	34	1	0	8	13:13
4	7	6000	13744	32	34	1	0	1	14:14
4	7	6000	13936	32	34	1	0	1	14:14
4	7	6000	14800	32	34	1	0	1	14:14
4	7	6369	70999	34	48	8	13	2,3,602,529,592,602,17,600	2:0
4	7	6369	75290	34	52	11	3	600,25,2,529,537,2,17,600,531,2,11	8:0
4	7	6369	25611	34	54	12	5	538,26,595,11,3,3,17,537,3,529,8,531	8:0
4	7	6369	197629	34	56	14	1	3,11,600,3,665,664,1,523,538,3,26,25,1,10	4:0
4	7	6369	136527	34	60	16	1	11,537,2,11,10,8,595,10,25,17,8,538,665,16,24,522	2:0
4	7	6369	27258	36	54	11	15	1,595,8,538,8,25,17,595,602,523,665	2:2
4	7	6369	248271	36	60	16	12	10,522,665,1,17,11,26,538,16,1,17,531,17,600,24,665	8:8
4	7	6369	86602	38	50	11	8	592,538,529,8,523,538,17,592,17,26,595	1:0
4	7	7000	0	64	64	0	0		15:15,12:12
4	7	7000	1	64	68	0	1		15:14,12:12
4	7	7000	2	64	68	0	2		15:13,12:12
4	7	7000	32	64	68	1	0	8	15:14,12:12
4	7	7000	321	64	68	2	0	17,1	15:15,12:12
4	7	7000	384	64	68	1	2	1	15:15,12:12
4	7	7000	448	64	68	1	2	1	15:15,12:12
4	7	7000	1056	64	68	1	0	24	15:14,12:12
4	7	7c00	1552	64	70	1	1	17	15:13,10:10
4	7	7c00	2304	64	70	1	0	10	15:10,12:12
4	7	7c00	4320	64	70	1	0	10	15:10,12:12
4	7	7c00	4673	64	70	2	0	16,17	15:13,10:10
4	7	7c00	5008	64	70	1	0	10	15:10,12:12
4	7	7c00	5328	64	70	1	1	17	15:13,10:10
4	7	7c00	5569	64	70	2	0	10,8	15:11,12:12
4	7	7c00	5664	64	70	1	1	10	15:11,12:12
4	8	0	0	0	0	0	0		
4	8	0	1	0	2	0	1		
4	8	0	2	0	2	0	2		
4	8	0	4	0	2	0	4		
4	8	0	8	0	2	0	8		
4	8	0	32	0	2	1	0	8	
4	8	0	400	0	2	1	0	19	
4	8	0	512	0	2	1	0	11	
4	8	1400	1552	36	40	1	1	17	11:11
4	8	1400	2304	36	40	1	0	10	13:12
4	8	1400	4320	36	40	1	0	10	13:12
4	8	1400	5008	36	40	1	0	10	13:12
4	8	1400	5328	36	40	1	1	17	11:11
4	8	1400	5664	36	40	1	1	10	13:13
4	8	1400	7696	36	40	1	0	17	11:10
4	8	1400	8400	36	40	1	1	17	11:11
4	8	16c7	190154	34	58	11	15	24,11,11,26,595,25,523,1,19,16,600	8:8
4	8	16c7	66763	36	58	12	13	19,600,3,602,24,1,17,26,19,8,595,600	8:8
4	8	16c7	88859	36	58	12	11	8,522,17,24,11,595,537,538,10,2,26,26	2:2
4	8	16c7	141950	38	66	15	15	10,8,26,600,595,665,25,17,529,538,16,19,24,16,25	4:4
4	8	16c7	234554	40	58	11	15	24,537,602,3,8,595,8,531,602,11,595	4:4
4	8	16c7	37645	40	62	14	6	24,602,8,17,600,531,600,8,523,1,3,26,592,25	1:0
4	8	16c7	146511	40	64	16	4	2,16,531,595,11,25,665,24,16,11,26,10,2,600,602,529	2:0
4	8	16c7	10127	42	64	16	8	529,24,26,592,2,25,602,25,531,529,602,16,19,17,24,523	4:0
4	8	4000	0	40	42	0	0		15:14
4	8	4000	1	40	42	0	1		15:15
4	8	4000	32	40	42	1	0	8	15:15
4	8	4000	1056	40	42	1	0	24	15:15
4	8	4000	4368	40	42	1	0	24	15:15
4	8	4000	4512	40	42	1	0	24	15:15
4	8	4000	5744	40	42	1	0	24	15:15
4	8	4000	6992	40	42	1	0	24	15:15
4	8	4800	8992	36	38	1	0	2	14:14
4	8	4800	9344	36	38	1	0	16	11:11
4	8	4800	10240	36	38	1	0	2	14:14
4	8	4800	10752	36	38	1	0	16	11:11
4	8	4800	12880	36	38	1	0	2	14:14
4	8	4800	14000	36	38	1	0	16	11:11
4	8	4800	17776	36	38	1	0	16	11:11
4	8	4800	17792	36	38	1	0	2	14:14
4	8	6000	32	36	38	1	0	8	13:13
4	8	6000	2096	36	38	1	0	1	14:14
4	8	6000	3440	36	38	1	0	1	14:14
4	8	6000	7072	36	38	1	0	1	14:14
4	8	6000	8240	36	38	1	0	8	13:13
4	8	6000	13744	36	38	1	0	1	14:14
4	8	6000	13936	36	38	1	0	1	14:14
4	8	6000	14800	36	38	1	0	1	14:14
4	8	7c00	1552	72	78	1	1	17	15:13,10:10
4	8	7c00	2304	72	78	1	0	10	15:10,12:12
4	8	7c00	4320	72	78	1	0	10	15:10,12:12
4	8	7c00	4673	72	78	2	0	16,17	15:13,10:10
4	8	7c00	5008	72	78	1	0	10	15:10,12:12
4	8	7c00	5328	72	78	1	1	17	15:13,10:10
4	8	7c00	5569	72	78	2	0	10,8	15:11,12:12
4	8	7c00	5664	72	78	1	1	10	15:11,12:12
4	9	0	0	0	0	0	0		
4	9	0	1	0	2	0	1		
4	9	0	2	0	2	0	2		
4	9	0	4	0	2	0	4		
4	9	0	8	0	2	0	8		
4	9	0	32	0	2	1	0	8	
4	9	0	400	0	2	1	0	19	
4	9	0	512	0	2	1	0	11	
4	9	400	0	44	48	0	0		15:10
4	9	400	1	44	48	0	1		15:11
4	9	400	4	44	48	0	4		15:14
4	9	400	5	44	48	0	5		15:15
4	9	400	32	44	48	1	0	8	15:11
4	9	400	480	44	48	1	4	24	15:15
4	9	400	1056	44	48	1	0	24	15:11
4	9	400	1376	44	48	1	0	26	15:14
4	9	488	1056	80	82	1	0	24	15:15,3:3
4	9	488	4368	80	82	1	0	24	15:15,3:3
4	9	488	4512	80	82	1	0	24	15:15,3:3
4	9	488	5744	80	82	1	0	24	15:15,3:3
4	9	488	6992	80	82	1	0	24	15:15,3:3
4	9	488	7104	80	82	1	0	24	15:15,3:3
4	9	488	8192	80	82	1	0	24	15:15,3:3
4	9	488	10384	80	82	1	0	24	15:15,3:3
4	9	1400	1552	40	44	1	1	17	11:11
4	9	1400	2304	40	44	1	0	10	13:12
4	9	1400	4320	40	44	1	0	10	13:12
4	9	1400	5008	40	44	1	0	10	13:12
4	9	1400	5328	40	44	1	1	17	11:11
4	9	1400	5664	40	44	1	1	10	13:13
4	9	1400	7696	40	44	1	0	17	11:10
4	9	1400	8400	40	44	1	1	17	11:11
4	9	37ff	0	108	112	0	0		15:10,10:10,0:0
4	9	37ff	1	108	112	0	1		15:11,10:10,0:0
4	9	37ff	4	108	112	0	4		15:14,10:10,0:0
4	9	37ff	5	108	112	0	5		15:15,10:10,0:0
4	9	37ff	32	108	112	1	0	8	15:11,10:10,0:0
4	9	37ff	480	108	112	1	4	24	15:15,10:10,0:0
4	9	37ff	1056	108	112	1	0	24	15:11,10:10,0:0
4	9	37ff	1376	108	112	1	0	26	15:14,10:10,0:0
4	9	4000	0	44	46	0	0		15:14
4	9	4000	1	44	46	0	1		15:15
4	9	4000	32	44	46	1	0	8	15:15
4	9	4000	1056	44	46	1	0	24	15:15
4	9	4000	4368	44	46	1	0	24	15:15
4	9	4000	4512	44	46	1	0	24	15:15
4	9	4000	5744	44	46	1	0	24	15:15
4	9	4000	6992	44	46	1	0	24	15:15
4	9	6000	32	40	42	1	0	8	13:13
4	9	6000	2096	40	42	1	0	1	14:14
4	9	6000	3440	40	42	1	0	1	14:14
4	9	6000	7072	40	42	1	0	1	14:14
4	9	6000	8240	40	42	1	0	8	13:13
4	9	6000	13744	40	42	1	0	1	14:14
4	9	6000	13936	40	42	1	0	1	14:14
4	9	6000	14800	40	42	1	0	1	14:14
4	9	ffec	10	108	112	0	10		15:15,10:10,0:0
4	9	ffec	2	108	114	0	2		15:7,10:2,0:0
4	9	ffec	8	108	114	0	8		15:13,10:8,0:0
4	9	ffec	896	108	114	1	10	11	15:15,10:10,0:0
4	9	ffec	992	108	114	1	10	25	15:15,10:10,0:0
4	9	ffec	1088	108	114	1	10	26	15:15,10:10,0:0
4	9	ffec	1504	108	114	1	10	8	15:15,10:10,0:0
4	9	ffec	1904	108	114	1	10	8	15:15,10:10,0:0
4	10	0	0	0	0	0	0		
4	10	0	1	0	2	0	1		
4	10	0	2	0	2	0	2		
4	10	0	4	0	2	0	4		
4	10	0	8	0	2	0	8		
4	10	0	32	0	2	1	0	8	
4	10	0	400	0	2	1	0	19	
4	10	0	512	0	2	1	0	11	
4	10	2	0	48	54	0	0		15:1
4	10	2	2	48	54	0	2		15:3
4	10	2	4	48	54	0	4		15:5
4	10	2	6	48	54	0	6		15:7
4	10	2	8	48	54	0	8		15:9
4	10	2	10	48	54	0	10		15:11
4	10	2	12	48	54	0	12		15:13
4	10	2	14	48	54	0	14		15:15
4	10	4	0	48	54	0	0		15:2
4	10	4	1	48	54	0	1		15:3
4	10	4	4	48	54	0	4		15:6
4	10	4	5	48	54	0	5		15:7
4	10	4	8	48	54	0	8		15:10
4	10	4	9	48	54	0	9		15:11
4	10	4	12	48	54	0	12		15:14
4	10	4	13	48	54	0	13		15:15
4	10	28	784	44	48	1	8	10	13:13
4	10	28	1168	44	48	1	8	17	11:11
4	10	28	1792	44	48	1	8	10	13:13
4	10	28	2304	44	48	1	0	10	13:5
4	10	28	2352	44	48	1	8	17	11:11
4	10	28	4320	44	48	1	0	10	13:5
4	10	28	4912	44	48	1	8	17	11:11
4	10	28	5008	44	48	1	0	10	13:5
4	10	19a	16482	90	100	3	8	26,16,592	15:5,9:9
4	10	19a	18769	90	100	2	2	16,592	15:10,9:1
4	10	19a	19315	90	100	4	4	19,531,1,3	15:15,10:8
4	10	19a	31474	90	100	3	4	25,592,16	15:14,9:1
4	10	19a	33073	90	100	2	6	16,592	15:14,9:1
4	10	19a	33985	90	100	2	6	16,592	15:14,9:1
4	10	19a	38754	90	100	3	0	592,16,3	15:8,9:9
4	10	19a	42770	90	100	3	1	592,2,26	15:13,12:4
4	10	442	18130	88	94	3	0	1,19,3	15:15,10:10
4	10	442	49410	88	94	3	0	26,2,1	15:15,6:6
4	10	442	59090	88	94	3	0	26,2,1	15:15,6:6
4	10	442	96706	88	94	3	0	26,1,2	15:15,6:6
4	10	442	34930	88	96	3	0	19,1,24	15:7,3:3
4	10	442	36882	88	96	3	1	1,24,2	15:15,6:6
4	10	442	43826	88	96	3	8	1,19,24	15:15,3:3
4	10	442	48658	88	96	3	0	2,26,8	15:13,5:5
4	10	600	32	44	48	1	0	8	13:9
4	10	600	2000	44	48	1	4	1	14:14
4	10	600	2096	44	48	1	0	1	14:10
4	10	600	2464	44	48	1	4	8	13:13
4	10	600	3440	44	48	1	0	1	14:10
4	10	600	5216	44	48	1	4	1	14:14
4	10	600	7072	44	48	1	0	1	14:10
4	10	600	8064	44	48	1	4	8	13:13
4	10	64e	110402	82	88	3	8	2,600,10	10:10,5:5
4	10	64e	58371	82	90	4	4	8,2,8,529	14:14,2:2
4	10	64e	48387	82	92	4	9	2,664,3,19	12:12,3:3
4	10	64e	163074	82	92	3	8	2,10,529	14:2,2:2
4	10	64e	202515	82	92	4	4	16,3,538,19	9:1,6:6
4	10	64e	232258	82	92	3	2	10,2,600	10:0,5:5
4	10	64e	86515	82	94	4	6	11,8,16,602	10:8,5:5
4	10	64e	100563	82	94	4	10	2,17,10,664	3:1,12:12
4	10	ff8	400	84	90	1	0	19	15:3,8:8
4	10	ff8	1376	84	90	1	0	26	15:3,4:4
4	10	ff8	2016	84	90	1	0	26	15:3,4:4
4	10	ff8	2720	84	90	1	0	19	15:3,8:8
4	10	ff8	3456	84	90	1	0	26	15:3,4:4
4	10	ff8	3568	84	90	1	0	26	15:3,4:4
4	10	ff8	3728	84	90	1	0	26	15:3,4:4
4	10	ff8	4016	84	90	1	0	19	15:3,8:8
4	10	37ff	0	120	124	0	0		15:10,10:10,0:0
4	10	37ff	1	120	124	0	1		15:11,10:10,0:0
4	10	37ff	4	120	124	0	4		15:14,10:10,0:0
4	10	37ff	5	120	124	0	5		15:15,10:10,0:0
4	10	37ff	32	120	124	1	0	8	15:11,10:10,0:0
4	10	37ff	480	120	124	1	4	24	15:15,10:10,0:0
4	10	37ff	1056	120	124	1	0	24	15:11,10:10,0:0
4	10	37ff	1376	120	124	1	0	26	15:14,10:10,0:0
4	10	4000	0	48	50	0	0		15:14
4	10	4000	1	48	50	0	1		15:15
4	10	4000	32	48	50	1	0	8	15:15
4	10	4000	1056	48	50	1	0	24	15:15
4	10	4000	4368	48	50	1	0	24	15:15
4	10	4000	4512	48	50	1	0	24	15:15
4	10	4000	5744	48	50	1	0	24	15:15
4	10	4000	6992	48	50	1	0	24	15:15
4	10	ffec	10	120	124	0	10		15:15,10:10,0:0
4	10	ffec	2	120	126	0	2		15:7,10:2,0:0
4	10	ffec	8	120	126	0	8		15:13,10:8,0:0
4	10	ffec	896	120	126	1	10	11	15:15,10:10,0:0
4	10	ffec	992	120	126	1	10	25	15:15,10:10,0:0
4	10	ffec	1088	120	126	1	10	26	15:15,10:10,0:0
4	10	ffec	1504	120	126	1	10	8	15:15,10:10,0:0
4	10	ffec	1904	120	126	1	10	8	15:15,10:10,0:0
4	11	0	0	0	0	0	0		
4	11	0	1	0	2	0	1		
4	11	0	2	0	2	0	2		
4	11	0	4	0	2	0	4		
4	11	0	8	0	2	0	8		
4	11	0	32	0	2	1	0	8	
4	11	0	400	0	2	1	0	19	
4	11	0	512	0	2	1	0	11	
4	11	2	0	52	58	0	0		15:1
4	11	2	2	52	58	0	2		15:3
4	11	2	4	52	58	0	4		15:5
4	11	2	6	52	58	0	6		15:7
4	11	2	8	52	58	0	8		15:9
4	11	2	10	52	58	0	10		15:11
4	11	2	12	52	58	0	12		15:13
4	11	2	14	52	58	0	14		15:15
4	11	4	0	52	58	0	0		15:2
4	11	4	1	52	58	0	1		15:3
4	11	4	4	52	58	0	4		15:6
4	11	4	5	52	58	0	5		15:7
4	11	4	8	52	58	0	8		15:10
4	11	4	9	52	58	0	9		15:11
4	11	4	12	52	58	0	12		15:14
4	11	4	13	52	58	0	13		15:15
4	11	28	784	48	52	1	8	10	13:13
4	11	28	1168	48	52	1	8	17	11:11
4	11	28	1792	48	52	1	8	10	13:13
4	11	28	2304	48	52	1	0	10	13:5
4	11	28	2352	48	52	1	8	17	11:11
4	11	28	4320	48	52	1	0	10	13:5
4	11	28	4912	48	52	1	8	17	11:11
4	11	28	5008	48	52	1	0	10	13:5
4	11	19a	16482	98	108	3	8	26,16,592	15:5,9:9
4	11	19a	18769	98	108	2	2	16,592	15:10,9:1
4	11	19a	19315	98	108	4	4	19,531,1,3	15:15,10:8
4	11	19a	31474	98	108	3	4	25,592,16	15:14,9:1
4	11	19a	33073	98	108	2	6	16,592	15:14,9:1
4	11	19a	33985	98	108	2	6	16,592	15:14,9:1
4	11	19a	38754	98	108	3	0	592,16,3	15:8,9:9
4	11	19a	42770	98	108	3	1	592,2,26	15:13,12:4
4	11	241	18273	96	104	2	10	17,3	15:15,10:10
4	11	241	23233	96	104	2	10	17,3	15:15,10:10
4	11	241	28561	96	104	2	12	10,3	15:15,12:12
4	11	241	34385	96	104	2	5	10,24	15:15,5:5
4	11	241	40993	96	104	2	10	17,3	15:15,10:10
4	11	241	41969	96	104	2	3	17,24	15:15,3:3
4	11	241	68641	96	104	2	3	17,24	15:15,3:3
4	11	241	71937	96	104	2	5	24,10	15:15,5:5
4	11	442	18130	96	102	3	0	1,19,3	15:15,10:10
4	11	442	49410	96	102	3	0	26,2,1	15:15,6:6
4	11	442	59090	96	102	3	0	26,2,1	15:15,6:6
4	11	442	96706	96	102	3	0	26,1,2	15:15,6:6
4	11	442	34930	96	104	3	0	19,1,24	15:7,3:3
4	11	442	36882	96	104	3	1	1,24,2	15:15,6:6
4	11	442	43826	96	104	3	8	1,19,24	15:15,3:3
4	11	442	48658	96	104	3	0	2,26,8	15:13,5:5
4	11	600	32	48	52	1	0	8	13:9
4	11	600	2000	48	52	1	4	1	14:14
4	11	600	2096	48	52	1	0	1	14:10
4	11	600	2464	48	52	1	4	8	13:13
4	11	600	3440	48	52	1	0	1	14:10
4	11	600	5216	48	52	1	4	1	14:14
4	11	600	7072	48	52	1	0	1	14:10
4	11	600	8064	48	52	1	4	8	13:13
4	11	64e	110402	90	96	3	8	2,600,10	10:10,5:5
4	11	64e	58371	90	98	4	4	8,2,8,529	14:14,2:2
4	11	64e	48387	90	100	4	9	2,664,3,19	12:12,3:3
4	11	64e	163074	90	100	3	8	2,10,529	14:2,2:2
4	11	64e	202515	90	100	4	4	16,3,538,19	9:1,6:6
4	11	64e	232258	90	100	3	2	10,2,600	10:0,5:5
4	11	64e	86515	90	102	4	6	11,8,16,602	10:8,5:5
4	11	64e	100563	90	102	4	10	2,17,10,664	3:1,12:12
4	11	a40	62385	96	102	2	2	19,16	15:15,9:9
4	11	a40	63505	96	102	2	0	19,16	15:13,9:9
4	11	a40	65025	96	102	2	0	16,19	15:13,9:9
4	11	a40	70321	96	102	2	2	19,16	15:15,9:9
4	11	a40	73089	96	102	2	2	19,16	15:15,9:9
4	11	a40	73537	96	102	2	0	16,19	15:13,9:9
4	11	a40	76033	96	102	2	2	19,16	15:15,9:9
4	11	a40	101889	96	102	2	0	16,19	15:13,9:9
4	11	ff8	400	92	98	1	0	19	15:3,8:8
4	11	ff8	1376	92	98	1	0	26	15:3,4:4
4	11	ff8	2016	92	98	1	0	26	15:3,4:4
4	11	ff8	2720	92	98	1	0	19	15:3,8:8
4	11	ff8	3456	92	98	1	0	26	15:3,4:4
4	11	ff8	3568	92	98	1	0	26	15:3,4:4
4	11	ff8	3728	92	98	1	0	26	15:3,4:4
4	11	ff8	4016	92	98	1	0	19	15:3,8:8
4	11	37ff	0	132	136	0	0		15:10,10:10,0:0
4	11	37ff	1	132	136	0	1		15:11,10:10,0:0
4	11	37ff	4	132	136	0	4		15:14,10:10,0:0
4	11	37ff	5	132	136	0	5		15:15,10:10,0:0
4	11	37ff	32	132	136	1	0	8	15:11,10:10,0:0
4	11	37ff	480	132	136	1	4	24	15:15,10:10,0:0
4	11	37ff	1056	132	136	1	0	24	15:11,10:10,0:0
4	11	37ff	1376	132	136	1	0	26	15:14,10:10,0:0
4	11	ffec	10	132	136	0	10		15:15,10:10,0:0
4	11	ffec	2	132	138	0	2		15:7,10:2,0:0
4	11	ffec	8	132	138	0	8		15:13,10:8,0:0
4	11	ffec	896	132	138	1	10	11	15:15,10:10,0:0
4	11	ffec	992	132	138	1	10	25	15:15,10:10,0:0
4	11	ffec	1088	132	138	1	10	26	15:15,10:10,0:0
4	11	ffec	1504	132	138	1	10	8	15:15,10:10,0:0
4	11	ffec	1904	132	138	1	10	8	15:15,10:10,0:0
4	12	0	0	0	0	0	0		
4	12	0	1	0	2	0	1		
4	12	0	2	0	2	0	2		
4	12	0	4	0	2	0	4		
4	12	0	8	0	2	0	8		
4	12	0	32	0	2	1	0	8	
4	12	0	400	0	2	1	0	19	
4	12	0	512	0	2	1	0	11	
4	12	241	18273	104	112	2	10	17,3	15:15,10:10
4	12	241	23233	104	112	2	10	17,3	15:15,10:10
4	12	241	28561	104	112	2	12	10,3	15:15,12:12
4	12	241	34385	104	112	2	5	10,24	15:15,5:5
4	12	241	40993	104	112	2	10	17,3	15:15,10:10
4	12	241	41969	104	112	2	3	17,24	15:15,3:3
4	12	241	68641	104	112	2	3	17,24	15:15,3:3
4	12	241	71937	104	112	2	5	24,10	15:15,5:5
4	12	488	1056	104	106	1	0	24	15:15,3:3
4	12	488	4368	104	106	1	0	24	15:15,3:3
4	12	488	4512	104	106	1	0	24	15:15,3:3
4	12	488	5744	104	106	1	0	24	15:15,3:3
4	12	488	6992	104	106	1	0	24	15:15,3:3
4	12	488	7104	104	106	1	0	24	15:15,3:3
4	12	488	8192	104	106	1	0	24	15:15,3:3
4	12	488	10384	104	106	1	0	24	15:15,3:3
4	12	a40	62385	104	110	2	2	19,16	15:15,9:9
4	12	a40	63505	104	110	2	0	19,16	15:13,9:9
4	12	a40	65025	104	110	2	0	16,19	15:13,9:9
4	12	a40	70321	104	110	2	2	19,16	15:15,9:9
4	12	a40	73089	104	110	2	2	19,16	15:15,9:9
4	12	a40	73537	104	110	2	0	16,19	15:13,9:9
4	12	a40	76033	104	110	2	2	19,16	15:15,9:9
4	12	a40	101889	104	110	2	0	16,19	15:13,9:9
4	12	4000	0	56	58	0	0		15:14
4	12	4000	1	56	58	0	1		15:15
4	12	4000	32	56	58	1	0	8	15:15
4	12	4000	1056	56	58	1	0	24	15:15
4	12	4000	4368	56	58	1	0	24	15:15
4	12	4000	4512	56	58	1	0	24	15:15
4	12	4000	5744	56	58	1	0	24	15:15
4	12	4000	6992	56	58	1	0	24	15:15
4	13	0	0	0	0	0	0		
4	13	0	1	0	2	0	1		
4	13	0	2	0	2	0	2		
4	13	0	4	0	2	0	4		
4	13	0	8	0	2	0	8		
4	13	0	32	0	2	1	0	8	
4	13	0	400	0	2	1	0	19	
4	13	0	512	0	2	1	0	11	
4	13	136	16163	114	126	4	6	529,24,16,8	15:15,9:1
4	13	136	45219	114	126	4	0	17,2,529,26	15:12,10:2
4	13	136	63747	114	126	4	10	531,10,26,16	15:13,3:3
4	13	136	72691	114	126	4	0	531,19,3,25	15:2,10:10
4	13	136	73090	114	126	3	4	531,24,16	15:6,3:1
4	13	136	79074	114	126	3	0	529,8,2	15:8,12:4
4	13	136	84642	114	126	3	5	17,2,529	15:13,10:2
4	13	136	95507	114	126	4	10	25,10,24,523	15:11,12:12
4	13	488	1056	112	114	1	0	24	15:15,3:3
4	13	488	4368	112	114	1	0	24	15:15,3:3
4	13	488	4512	112	114	1	0	24	15:15,3:3
4	13	488	5744	112	114	1	0	24	15:15,3:3
4	13	488	6992	112	114	1	0	24	15:15,3:3
4	13	488	7104	112	114	1	0	24	15:15,3:3
4	13	488	8192	112	114	1	0	24	15:15,3:3
4	13	488	10384	112	114	1	0	24	15:15,3:3
4	13	4000	0	60	62	0	0		15:14
4	13	4000	1	60	62	0	1		15:15
4	13	4000	32	60	62	1	0	8	15:15
4	13	4000	1056	60	62	1	0	24	15:15
4	13	4000	4368	60	62	1	0	24	15:15
4	13	4000	4512	60	62	1	0	24	15:15
4	13	4000	5744	60	62	1	0	24	15:15
4	13	4000	6992	60	62	1	0	24	15:15
4	14	0	0	0	0	0	0		
4	14	0	1	0	2	0	1		
4	14	0	2	0	2	0	2		
4	14	0	4	0	2	0	4		
4	14	0	8	0	2	0	8		
4	14	0	32	0	2	1	0	8	
4	14	0	400	0	2	1	0	19	
4	14	0	512	0	2	1	0	11	
4	14	4000	0	64	66	0	0		15:14
4	14	4000	1	64	66	0	1		15:15
4	14	4000	32	64	66	1	0	8	15:15
4	14	4000	1056	64	66	1	0	24	15:15
4	14	4000	4368	64	66	1	0	24	15:15
4	14	4000	4512	64	66	1	0	24	15:15
4	14	4000	5744	64	66	1	0	24	15:15
4	14	4000	6992	64	66	1	0	24	15:15
4	15	0	0	0	0	0	0		
4	15	0	1	0	2	0	1		
4	15	0	2	0	2	0	2		
4	15	0	4	0	2	0	4		
4	15	0	8	0	2	0	8		
4	15	0	32	0	2	1	0	8	
4	15	0	400	0	2	1	0	19	
4	15	0	512	0	2	1	0	11	
4	15	407	38977	62	68	2	8	24,523	12:8
4	15	407	85617	62	68	2	8	24,523	12:8
4	15	407	123889	62	68	2	4	24,523	12:4
4	15	407	148529	62	68	2	0	24,523	12:0
4	15	407	185745	62	68	2	12	24,523	12:12
4	15	407	204161	62	68	2	8	24,523	12:8
4	15	407	213457	62	68	2	4	24,523	12:4
4	15	407	2465	62	70	2	13	24,523	12:12
4	16	0	0	0	0	0	0		
4	16	0	1	0	2	0	1		
4	16	0	2	0	2	0	2		
4	16	0	4	0	2	0	4		
4	16	0	8	0	2	0	8		
4	16	0	32	0	2	1	0	8	
4	16	0	400	0	2	1	0	19	
4	16	0	512	0	2	1	0	11	
4	16	400	0	72	76	0	0		15:10
4	16	400	1	72	76	0	1		15:11
4	16	400	4	72	76	0	4		15:14
4	16	400	5	72	76	0	5		15:15
4	16	400	32	72	76	1	0	8	15:11
4	16	400	480	72	76	1	4	24	15:15
4	16	400	1056	72	76	1	0	24	15:11
4	16	400	1376	72	76	1	0	26	15:14
4	17	0	0	0	0	0	0		
4	17	0	1	0	2	0	1		
4	17	0	2	0	2	0	2		
4	17	0	4	0	2	0	4		
4	17	0	8	0	2	0	8		
4	17	0	32	0	2	1	0	8	
4	17	0	400	0	2	1	0	19	
4	17	0	512	0	2	1	0	11	
4	18	0	0	0	0	0	0		
4	18	0	1	0	2	0	1		
4	18	0	2	0	2	0	2		
4	18	0	4	0	2	0	4		
4	18	0	8	0	2	0	8		
4	18	0	32	0	2	1	0	8	
4	18	0	400	0	2	1	0	19	
4	18	0	512	0	2	1	0	11	
4	18	1	0	80	88	0	0		15:0
4	18	1	1	80	88	0	1		15:1
4	18	1	2	80	88	0	2		15:2
4	18	1	3	80	88	0	3		15:3
4	18	1	4	80	88	0	4		15:4
4	18	1	5	80	88	0	5		15:5
4	18	1	6	80	88	0	6		15:6
4	18	1	7	80	88	0	7		15:7
4	18	4000	0	80	82	0	0		15:14
4	18	4000	1	80	82	0	1		15:15
4	18	4000	32	80	82	1	0	8	15:15
4	18	4000	1056	80	82	1	0	24	15:15
4	18	4000	4368	80	82	1	0	24	15:15
4	18	4000	4512	80	82	1	0	24	15:15
4	18	4000	5744	80	82	1	0	24	15:15
4	18	4000	6992	80	82	1	0	24	15:15
5	0	a48	204341	6	18	6	8	25,2,26,8,537,26	22:6
5	0	a48	105074	7	13	3	4	2,8,537	22:6,18:2
5	0	a48	194647	7	27	8	25	4,1,16,20,602,33,10,11	21:5,20:4
5	0	a48	155750	8	20	7	2	546,2,1,26,19,28,592	25:25
5	0	a48	86393	8	30	10	28	17,2,600,10,11,3,596,17,26,16	26:26
5	0	a48	204859	8	33	12	2	10,17,32,25,25,28,17,1,608,1,28,2	22:6,18:2,16:0,20:4
5	0	a48	33523	9	15	4	2	16,602,25,665	19:3,17:1
5	0	a48	155605	9	21	6	18	673,33,1,11,16,602	21:21,17:17
5	0	b6c	102739	17	33	4	23	602,11,531,16	31:26,24:24
5	0	b6c	214423	17	35	8	24	602,529,25,24,10,17,11,17	31:27,18:18
5	0	b6c	145590	17	44	7	15	602,531,24,12,25,35,10	10:10,2:2,0:0,8:8,31:4
5	0	b6c	218689	18	26	2	10	602,531	31:6,24:8,18:2
5	0	b6c	179923	18	27	4	4	602,531,17,10	31:14,20:4,16:0,24:8
5	0	b6c	194643	18	27	4	2	4,602,673,4	31:14,18:2,16:0,24:8
5	0	b6c	243281	18	27	2	8	602,531	31:4,18:2,16:0,24:8
5	0	b6c	90465	18	28	2	21	602,529	31:25,24:24,18:18
5	0	1480	112882	16	24	3	0	17,1,3	31:11,26:10
5	0	1480	173443	16	24	4	0	2,3,17,33	31:15,26:10
5	0	1480	183682	16	24	3	0	3,8,2	31:13,28:12
5	0	1480	46500	16	26	5	0	3,1,12,10,12	31:15,28:12
5	0	1480	91379	16	26	4	4	3,28,17,1	31:31,26:26
5	0	1480	150610	16	26	3	16	10,2,3	31:29,28:28
5	0	1480	245890	16	26	3	4	10,26,3	31:13,28:12
5	0	1480	7682	16	28	3	22	25,10,3	31:31,28:28
5	0	1ec8	209797	17	33	6	6	1,522,664,8,35,25	31:5,17:1
5	0	1ec8	174035	18	33	4	31	17,602,2,531	31:31,18:18,16:16,24:24
5	0	1ec8	11363	18	36	4	7	4,522,2,665	3:3,1:1,0:0,2:2,31:5,16:0,18:2
5	0	1ec8	39878	18	36	7	10	26,522,16,35,537,8,34	31:9,24:8,18:2
5	0	1ec8	131910	18	39	7	6	531,1,11,10,3,665,26	31:4,17:1,16:0,18:2
5	0	1ec8	82167	18	40	8	15	11,522,16,2,32,25,523,35	31:7,24:8,18:2
5	0	1ec8	10198	18	41	7	22	522,2,1,664,24,35,25	31:20,17:17,16:16,18:18
5	0	1ec8	68865	19	27	2	1	522,2	31:3,28:12,18:2
5	0	80f0c0f	6	16	25	0	6		14:14,4:4,31:28
5	0	80f0c0f	7	16	25	0	7		14:14,4:4,31:29
5	0	80f0c0f	528	16	25	1	5	25	14:14,4:4,31:29
5	0	80f0c0f	2336	16	25	1	5	25	14:14,4:4,31:29
5	0	80f0c0f	13024	16	25	1	6	8	14:14,4:4,31:29
5	0	80f0c0f	14512	16	25	1	5	25	14:14,4:4,31:29
5	0	80f0c0f	14768	16	25	1	4	25	14:14,4:4,31:28
5	0	80f0c0f	14880	16	25	1	4	25	14:14,4:4,31:28
5	0	20802001	122665	8	31	10	9	20,2,1,24,4,8,11,32,608,1	14:14,10:10,8:8,12:12
5	0	20802001	50974	8	40	15	11	10,11,12,19,32,35,12,25,28,16,3,668,34,529,33	26:10
5	0	20802001	190921	9	33	10	23	16,1,10,600,737,20,19,12,25,34	13:13,5:5
5	0	20802001	256534	10	26	7	6	25,1,10,2,736,17,4	14:14,22:6
5	0	20802001	184713	10	30	10	0	738,17,2,16,28,602,26,737,35,32	7:0
5	0	20802001	81209	10	32	10	15	8,34,2,546,737,3,17,26,12,538	28:12
5	0	20802001	219993	10	34	10	14	24,34,32,33,16,10,33,2,545,3	14:14,28:28
5	0	20802001	8797	10	38	14	11	17,24,19,610,26,3,610,17,34,672,16,11,16,4	11:11
5	0	30003000	2	4	6	0	2		14:14
5	0	30003000	9600	4	6	1	0	17	14:14
5	0	30003000	19152	4	6	1	0	17	14:14
5	0	30003000	20608	4	6	1	0	25	14:14
5	0	30003000	27264	4	6	1	0	25	14:14
5	0	30003000	28672	4	6	1	0	17	14:14
5	0	30003000	29056	4	6	1	0	25	14:14
5	0	30003000	30416	4	6	1	0	17	14:14
5	0	44000000	0	8	10	0	0		27:26
5	0	44000000	1	8	10	0	1		27:27
5	0	44000000	464	8	10	1	0	8	27:27
5	0	44000000	6144	8	10	1	0	32	27:27
5	0	44000000	7568	8	10	1	0	32	27:27
5	0	44000000	9152	8	10	1	0	8	27:27
5	0	44000000	9744	8	10	1	0	32	27:27
5	0	44000000	10112	8	10	1	0	24	27:27
5	0	47000300	205538	10	18	3	6	24,546,17	14:14,25:25
5	0	47000300	145538	10	20	3	22	4,32,546	14:14,25:9
5	0	47000300	191681	10	20	2	23	34,546	14:14,25:9
5	0	47000300	202215	10	26	8	4	1,17,3,25,17,4,24,738	7:7,25:25
5	0	47000300	212757	10	26	6	7	17,10,33,545,10,28	14:14,25:9
5	0	47000300	9537	11	17	2	18	32,546	14:14,10:10,25:9
5	0	47000300	53890	11	17	3	2	34,546,24	14:14,10:10,25:25
5	0	47000300	120289	11	17	2	6	546,34	14:14,25:25,24:24
5	0	80f0c0f0	2	16	23	0	2		14:14,4:4,31:28
5	0	80f0c0f0	3	16	23	0	3		14:14,4:4,31:29
5	0	80f0c0f0	544	16	23	1	2	32	14:14,4:4,31:29
5	0	80f0c0f0	833	16	23	2	0	24,17	14:14,4:4,31:29
5	0	80f0c0f0	976	16	23	1	2	24	14:14,4:4,31:29
5	0	80f0c0f0	2736	16	23	1	2	32	14:14,4:4,31:29
5	0	80f0c0f0	5088	16	23	1	1	25	14:14,4:4,31:29
5	0	80f0c0f0	8160	16	23	1	1	25	14:14,4:4,31:29
5	0	b4d22911	202132	17	33	5	0	2,1,24,32,19	8:8,3:3,1:1,0:0,2:2,31:11,28:12
5	0	b4d22911	125796	17	37	5	10	24,32,33,2,25	2:2,3:3,0:0,4:4,31:7,28:12,16:0
5	0	b4d22911	124837	17	39	6	17	1,3,24,34,26,35	10:10,2:2,8:8,4:4,31:30,21:21,16:16
5	0	b4d22911	16339	17	41	4	9	2,35,24,25	1:1,3:3,8:8,4:4,31:0,28:12,16:0
5	0	b4d22911	78404	17	41	5	10	10,1,10,32,24	3:3,0:0,2:2,8:8,4:4,31:1,28:12
5	0	b4d22911	114716	17	49	13	2	1,19,1,11,16,12,10,26,19,33,20,3,2	7:7,4:4,31:14,16:0,24:8
5	0	b4d22911	114856	17	50	9	23	35,33,2,16,19,26,24,17,33	3:3,0:0,8:8,31:26,28:28,16:16
5	0	b4d22911	248856	17	51	9	9	2,4,1,32,28,24,24,24,33	13:13,2:2,8:8,4:4,31:16,16:16,18:18
5	0	ec80c800	44788	17	36	5	15	2,4,25,8,11	2:2,10:10,31:15,21:5
5	0	ec80c800	59364	17	36	5	13	32,20,26,32,10	2:2,10:10,31:13,21:5
5	0	ec80c800	116260	17	36	5	5	4,11,2,24,34	2:2,10:10,31:5,21:5
5	0	ec80c800	218259	17	36	4	21	25,32,12,10	8:8,10:10,31:21,21:21
5	0	ec80c800	176628	17	38	5	31	16,28,11,12,26	8:8,10:10,31:31,21:21
5	0	ec80c800	244132	17	38	5	15	20,2,8,20,24	10:10,2:2,0:0,8:8,31:15,21:5
5	0	ec80c800	8264	17	44	9	15	25,32,35,34,12,35,4,32,16	2:2,10:10,31:15,21:5
5	0	ec80c800	42968	17	44	9	5	20,2,8,32,33,16,24,25,33	8:8,10:10,31:5,21:5
5	0	ecc88000	227987	17	34	4	13	16,26,11,35	13:13,2:2,31:13,18:2
5	0	ecc88000	114323	17	36	4	13	33,26,3,8	13:13,0:0,2:2,31:13,16:0,18:2
5	0	ecc88000	175172	17	36	5	15	26,19,33,8,11	13:13,2:2,31:15,18:2
5	0	ecc88000	90824	17	43	9	13	12,32,19,17,20,35,35,33,34	6:6,31:13,25:9
5	0	ecc88000	106196	17	43	5	16	32,12,8,34,35	13:0,31:16,18:18
5	0	ecc88000	34184	17	44	9	9	8,19,12,8,24,20,16,34,28	2:2,6:6,31:9,25:9
5	0	ecc88000	256136	17	48	9	23	8,24,16,25,11,35,1,26,32	7:7,0:0,8:8,31:23,16:16,24:24
5	0	ecc88000	74392	17	50	9	0	8,19,35,2,10,35,34,16,34	13:0,2:2,31:0,18:2
5	0	fce8c080	122114	17	33	3	13	12,34,17	13:13,4:4,31:13,16:0,18:2
5	0	fce8c080	224258	17	33	3	13	17,12,34	4:4,6:6,31:13,25:9,16:0
5	0	fce8c080	81908	17	36	5	15	11,34,19,17,12	11:11,2:2,31:15,20:4
5	0	fce8c080	137012	17	36	5	15	10,33,34,16,20	13:13,4:4,31:15,18:2
5	0	fce8c080	125859	17	37	4	27	20,33,34,10	11:11,2:2,31:27,16:16,20:20
5	0	fce8c080	159763	17	37	4	27	20,33,24,10	11:11,2:2,31:27,16:16,20:20
5	0	fce8c080	154964	17	39	5	9	12,24,17,20,34	6:6,2:2,0:0,4:4,31:9,25:9,16:0
5	0	fce8c080	162164	17	39	5	9	10,4,20,33,1	6:6,1:1,4:4,2:2,31:9,25:9,16:0
5	0	fec8c800	208066	17	33	3	13	33,28,11	13:13,8:8,31:13,16:0,18:2
5	0	fec8c800	59443	17	34	4	15	35,2,25,12	7:7,2:2,31:15,24:8
5	0	fec8c800	187363	17	36	4	31	35,12,28,25	7:7,2:2,31:31,24:24
5	0	fec8c800	148068	17	37	5	7	35,11,11,12,25	7:7,2:2,31:7,16:0,24:8
5	0	fec8c800	241284	17	37	5	13	33,12,28,16,11	13:13,8:8,31:13,16:0,18:2
5	0	fec8c800	163588	17	38	5	15	25,4,3,12,35	1:1,0:0,10:10,31:15,21:5,16:0
5	0	fec8c800	213428	17	38	5	31	25,33,28,11,8	7:7,2:2,31:31,24:24
5	0	fec8c800	196244	17	39	5	13	33,28,3,2,11	13:13,1:1,0:0,8:8,31:13,16:0,18:2
5	0	fefce8c0	33380	17	32	5	0	20,33,26,10,26	11:11,0:0,2:2,31:11,16:0,20:4
5	0	fefce8c0	79586	17	32	3	18	10,33,20	0:0,2:2,6:6,31:11,25:9,16:0
5	0	fefce8c0	5763	17	34	4	24	12,17,3,34	13:13,0:0,4:4,31:29,16:16,18:18
5	0	fefce8c0	60212	17	38	5	10	20,10,33,25,3	11:11,0:0,1:1,8:8,2:2,31:11,16:0,20:4
5	0	fefce8c0	135672	17	41	9	2	17,4,16,2,1,33,4,8,24	13:13,0:0,1:1,8:8,4:4,31:15,18:2
5	0	fefce8c0	195912	17	42	9	1	34,8,16,2,2,24,12,24,17	11:11,0:0,2:2,31:11,16:0,20:4
5	0	fefce8c0	15736	17	43	9	26	20,35,28,17,35,25,10,4,20	10:10,0:0,4:4,31:15,21:5
5	0	fefce8c0	122984	17	43	9	26	17,20,35,11,19,33,4,4,10	13:13,0:0,4:4,31:31,18:18
5	0	ffecec80	5314	17	30	3	16	33,11,28	13:13,0:0,8:8,31:29,16:16,18:18
5	0	ffecec80	167028	17	33	5	24	35,2,2,25,12	7:7,0:0,2:2,31:31,24:24
5	0	ffecec80	248084	17	33	5	18	17,33,17,11,28	13:13,0:0,8:8,31:31,18:18
5	0	ffecec80	96756	17	35	5	11	16,25,2,12,35	0:0,10:10,31:31,21:21,16:16
5	0	ffecec80	157892	17	35	5	26	4,25,12,32,3	1:1,0:0,10:10,31:31,21:21
5	0	ffecec80	115301	17	38	6	4	25,10,12,35,34,10	8:8,2:2,10:10,31:21,21:21,16:16
5	0	ffecec80	128344	17	41	9	10	2,25,12,35,24,25,34,20,24	4:4,10:10,31:15,21:5,16:0
5	0	ffecec80	1544	17	43	9	25	24,8,28,11,16,2,2,33,24	7:7,0:0,2:2,31:31,24:24
5	0	ffecfec8	106211	17	33	4	17	25,32,10,12	8:8,2:2,10:10,31:13,21:5
5	0	ffecfec8	206452	17	33	5	4	34,25,4,11,8	8:8,2:2,10:10,31:13,21:5
5	0	ffecfec8	225156	17	33	5	24	11,28,25,26,24	10:10,0:0,8:8,31:15,21:5
5	0	ffecfec8	151267	17	37	4	25	32,25,10,12	10:10,0:0,8:8,31:5,21:5
5	0	ffecfec8	188260	17	37	5	3	11,16,28,26,4	0:0,2:2,10:10,31:21,21:21
5	0	ffecfec8	239300	17	37	5	3	20,11,16,25,26	0:0,2:2,10:10,31:5,21:5
5	0	ffecfec8	238724	17	38	5	27	25,20,16,10,11	0:0,10:10,31:23,21:21
5	0	ffecfec8	231192	17	41	9	12	11,32,34,33,3,3,28,32,33	10:10,0:0,8:8,31:31,21:21
5	0	fffeecc8	106196	17	31	5	16	32,12,8,34,35	13:13,0:0,31:31,16:16,18:18
5	0	fffeecc8	60244	17	37	5	23	24,26,33,11,19	13:13,0:0,2:2,31:15,18:2
5	0	fffeecc8	200308	17	37	5	29	33,26,25,24,11	7:7,0:0,8:8,31:15,24:8
5	0	fffeecc8	25591	17	41	8	14	33,2,8,19,2,2,11,3	13:13,0:0,2:2,31:31,18:18
5	0	fffeecc8	34184	17	43	9	9	8,19,12,8,24,20,16,34,28	4:4,2:2,6:6,31:27,25:25
5	0	fffeecc8	42740	17	47	5	9	2,35,11,33,8	13:0,2:2,31:16,16:16,18:18
5	0	fffeecc8	225704	17	47	9	19	28,26,12,32,32,24,34,35,2	0:0,2:2,10:10,31:5,21:5
5	0	fffeecc8	79276	17	51	13	28	16,24,10,26,3,28,11,28,26,20,20,32,11	13:13,0:0,31:31,16:16,18:18
5	1	13	10	24	28	0	10		31:15,26:10
5	1	13	2	24	30	0	2		31:7,26:2
5	1	13	8	24	30	0	8		31:13,26:8
5	1	13	26	24	30	0	26		31:31,26:26
5	1	13	368	24	30	1	10	35	31:15,26:10
5	1	13	4128	24	30	1	10	8	31:15,26:10
5	1	13	4320	24	30	1	10	12	31:15,26:10
5	1	13	4672	24	30	1	10	12	31:15,26:10
5	1	a48	105074	10	18	3	4	2,8,537	22:2
5	1	a48	204341	10	22	6	8	25,2,26,8,537,26	22:6
5	1	a48	194647	10	32	8	25	4,1,16,20,602,33,10,11	21:4
5	1	a48	204859	10	38	12	2	10,17,32,25,25,28,17,1,608,1,28,2	22:0
5	1	a48	33523	12	20	4	2	16,602,25,665	19:1
5	1	a48	155750	12	24	7	2	546,2,1,26,19,28,592	25:25
5	1	a48	155605	12	26	6	18	673,33,1,11,16,602	21:17
5	1	a48	86393	12	34	10	28	17,2,600,10,11,3,596,17,26,16	26:26
5	1	b6c	102739	24	40	4	23	602,11,531,16	31:26,24:24
5	1	b6c	214423	24	42	8	24	602,529,25,24,10,17,11,17	31:27,18:18
5	1	b6c	88870	26	42	7	15	595,3,673,32,1,602,3	31:15,20:4
5	1	b6c	228890	26	50	11	8	522,25,3,600,529,19,19,2,32,4,4	31:2,18:2
5	1	b6c	145590	26	51	7	15	602,531,24,12,25,35,10	10:10,2:2,0:0,8:8,31:4
5	1	b6c	164183	27	45	8	9	602,17,529,25,10,596,33,32	6:6,4:4,31:5
5	1	b6c	257337	27	49	10	28	602,531,11,25,600,1,4,33,34,4	31:23,24:24,16:16
5	1	b6c	110507	27	51	12	10	672,602,529,25,35,34,10,26,25,24,35,11	31:7,24:8,16:0
5	1	1480	112882	24	32	3	0	17,1,3	31:11,26:10
5	1	1480	173443	24	32	4	0	2,3,17,33	31:15,26:10
5	1	1480	183682	24	32	3	0	3,8,2	31:13,28:12
5	1	1480	46500	24	34	5	0	3,1,12,10,12	31:15,28:12
5	1	1480	91379	24	34	4	4	3,28,17,1	31:31,26:26
5	1	1480	150610	24	34	3	16	10,2,3	31:29,28:28
5	1	1480	245890	24	34	3	4	10,26,3	31:13,28:12
5	1	1480	7682	24	36	3	22	25,10,3	31:31,28:28
5	1	1ec8	209797	24	40	6	6	1,522,664,8,35,25	31:5,17:1
5	1	1ec8	229845	26	40	6	29	32,522,2,32,665,545	31:31,18:18
5	1	1ec8	34399	26	60	16	12	19,24,1,11,595,33,10,26,665,11,10,522,3,16,1,33	31:10,18:2
5	1	1ec8	193193	27	51	10	15	522,16,33,34,675,32,537,16,19,24	31:13,18:2,16:0
5	1	1ec8	180635	27	55	12	17	24,529,35,33,17,20,34,24,524,736,25,8	5:5,1:1,31:17
5	1	1ec8	39878	28	46	7	10	26,522,16,35,537,8,34	31:9,24:8,18:2
5	1	1ec8	82167	28	50	8	15	11,522,16,2,32,25,523,35	31:7,24:8,18:2
5	1	1ec8	76798	28	56	15	8	8,4,16,529,16,26,665,35,24,3,25,602,35,532,17	10:10,31:26
5	1	100050	9	24	28	0	9		13:13,31:31
5	1	100050	11232	24	28	1	1	19	13:13,31:31
5	1	100050	14816	24	28	1	1	19	13:13,31:31
5	1	100050	17120	24	28	1	1	19	13:13,31:31
5	1	100050	19088	24	28	1	8	16	13:13,31:31
5	1	100050	24768	24	28	1	8	16	13:13,31:31
5	1	100050	32432	24	28	1	1	19	13:13,31:31
5	1	100050	32976	24	28	1	1	19	13:13,31:31
5	1	200013	3089	10	16	2	8	10,532	26:8
5	1	200013	9233	10	16	2	8	11,532	26:8
5	1	200013	9457	10	16	2	2	532,33	26:2
5	1	200013	41409	10	16	2	2	8,532	26:2
5	1	200013	99393	10	16	2	0	532,10	26:0
5	1	200013	108369	10	16	2	2	532,24	26:2
5	1	200013	154897	10	16	2	10	532,32	26:10
5	1	200013	185601	10	16	2	0	532,34	26:0
5	1	c060c0c	76709	15	17	6	0	8,545,611,600,673,545	6:6,2:2
5	1	c060c0c	4	16	20	0	4		6:6,29:21
5	1	c060c0c	12	16	20	0	12		6:6,29:29
5	1	c060c0c	7552	16	20	1	4	35	6:6,29:29
5	1	c060c0c	11568	16	20	1	4	3	6:6,29:29
5	1	c060c0c	24048	16	20	1	4	35	6:6,29:29
5	1	c060c0c	28848	16	20	1	4	35	6:6,29:29
5	1	c060c0c	38096	16	20	1	4	35	6:6,29:29
5	1	10202020	176929	10	12	2	0	736,1	7:7
5	1	10202020	32209	10	14	2	0	736,10	7:5
5	1	10202020	40561	10	14	2	2	736,4	7:7
5	1	10202020	89681	10	14	2	0	736,11	7:5
5	1	10202020	102929	10	14	2	0	736,28	7:5
5	1	10202020	106546	10	14	3	0	736,4,1	7:7
5	1	10202020	155777	10	14	2	2	736,28	7:7
5	1	10202020	23538	10	16	3	16	17,736,28	7:7
5	1	10701f00	41172	28	46	5	21	8,34,25,20,35	12:12,31:11,19:3
5	1	10701f00	239640	28	60	9	23	4,4,1,35,8,20,32,28,24	7:3,31:3,24:8
5	1	10701f00	160300	28	62	13	2	12,26,12,35,2,20,16,4,8,8,1,28,12	9:9,31:19,22:18
5	1	10701f00	244812	28	62	13	19	26,35,8,12,3,8,28,33,1,33,11,16,1	12:12,31:7,19:3
5	1	10701f00	241676	28	66	13	17	8,25,35,20,32,16,16,8,4,10,10,10,32	9:9,31:2,22:2
5	1	10701f00	255884	28	68	13	5	10,11,10,33,24,11,28,32,25,20,33,16,33	7:2,31:18,24:24
5	1	10701f00	198308	29	39	5	0	24,25,35,20,35	7:7,8:8,31:31,24:24
5	1	10701f00	20068	29	41	5	2	1,20,24,19,8	7:7,8:8,31:31,24:24
5	1	1a7d8b6c	222466	32	38	3	10	668,547,602	5:5,8:8,2:2,31:29,18:18
5	1	1a7d8b6c	217314	33	38	3	24	668,547,602	5:5,2:2,0:0,8:8,31:15,18:2,16:0
5	1	1a7d8b6c	214361	33	63	10	23	10,2,4,531,610,1,24,11,19,610	14:2,8:8,4:4,31:22,16:16
5	1	1a7d8b6c	181657	33	66	10	30	2,668,602,20,546,2,34,19,19,8	7:1,0:0,2:2,8:8,4:4,31:4
5	1	1a7d8b6c	132178	34	46	3	20	668,2,602	5:5,8:8,2:2,31:11,19:0
5	1	1a7d8b6c	135187	34	52	4	8	2,668,1,28	10:10,5:5,31:17,19:16
5	1	1a7d8b6c	21141	34	53	6	18	668,35,604,34,16,16	10:10,5:5,0:0,2:2,31:1,18:2,16:0
5	1	1a7d8b6c	208645	34	54	6	11	12,547,12,10,532,8	13:5,8:8,2:2,31:25,18:18
5	1	20802001	122665	10	36	10	9	20,2,1,24,4,8,11,32,608,1	14:8
5	1	20802001	190921	12	38	10	23	16,1,10,600,737,20,19,12,25,34	13:5
5	1	20802001	50974	12	44	15	11	10,11,12,19,32,35,12,25,28,16,3,668,34,529,33	26:10
5	1	20802001	121215	12	48	16	17	1,8,16,610,26,20,24,3,10,35,20,25,11,8,522,34	7:1
5	1	20802001	184713	14	34	10	0	738,17,2,16,28,602,26,737,35,32	7:0
5	1	20802001	81209	14	36	10	15	8,34,2,546,737,3,17,26,12,538	28:12
5	1	20802001	8797	14	42	14	11	17,24,19,610,26,3,610,17,34,672,16,11,16,4	11:11
5	1	20802001	225915	14	42	12	29	28,665,26,1,16,3,34,546,20,32,600,24	14:12
5	1	40001500	68897	10	12	2	0	596,24	25:9
5	1	40001500	18433	10	14	2	0	596,4	25:8
5	1	40001500	61169	10	14	2	16	596,24	25:25
5	1	40001500	65649	10	14	2	0	596,3	25:8
5	1	40001500	66353	10	14	2	1	596,35	25:9
5	1	40001500	102065	10	14	2	1	596,32	25:9
5	1	40001500	108721	10	14	2	1	596,4	25:9
5	1	40001500	128817	10	14	2	0	596,10	25:8
5	1	44000000	0	12	14	0	0		27:26
5	1	44000000	1	12	14	0	1		27:27
5	1	44000000	464	12	14	1	0	8	27:27
5	1	44000000	6144	12	14	1	0	32	27:27
5	1	44000000	7568	12	14	1	0	32	27:27
5	1	44000000	9152	12	14	1	0	8	27:27
5	1	44000000	9744	12	14	1	0	32	27:27
5	1	44000000	10112	12	14	1	0	24	27:27
5	1	8c4e18f0	86172	33	69	13	18	17,25,4,34,33,33,35,24,26,35,4,2,8	14:12,4:4,31:25,19:19
5	1	8c4e18f0	167032	33	74	9	15	32,17,1,34,11,4,24,25,12	7:0,0:0,4:4,31:4,25:1
5	1	8c4e18f0	217850	34	64	11	2	28,19,34,35,2,33,672,28,26,12,537	11:10,8:8,31:16,20:20,16:16
5	1	8c4e18f0	14287	34	70	16	3	19,2,24,24,2,25,3,24,608,8,2,35,12,34,522,19	14:6,5:5,2:2,1:1,31:13
5	1	8c4e18f0	150764	34	70	13	28	10,3,32,20,26,26,32,24,4,33,33,33,4	7:5,2:2,1:1,31:15,25:8
5	1	8c4e18f0	190876	34	70	13	1	8,4,19,4,33,26,19,34,19,24,20,16,25	7:5,8:8,31:26,26:18,16:16
5	1	8c4e18f0	36696	34	71	9	29	24,26,35,28,8,8,24,10,25	13:4,2:2,0:0,4:4,31:11,22:0
5	1	8c4e18f0	96172	34	71	13	22	8,2,28,8,19,17,34,17,2,3,16,34,28	14:14,2:2,0:0,8:8,31:13,25:1
5	1	b4d22911	160904	29	57	9	22	1,12,24,24,16,34,24,12,2	6:6,1:1,31:29,25:17
5	1	b4d22911	241064	29	59	9	26	25,1,8,4,25,2,10,32,24	13:12,4:4,31:21,18:18
5	1	b4d22911	109556	30	44	5	2	2,8,33,26,25	3:3,4:4,2:2,31:15,28:4
5	1	b4d22911	194007	30	52	8	22	19,604,19,737,3,8,4,35	12:12,8:8,2:2,31:5,18:2
5	1	b4d22911	107076	30	55	5	14	2,26,1,24,32	3:3,2:2,0:0,4:4,31:1,28:8
5	1	b4d22911	252707	30	55	4	29	1,24,2,32	3:3,1:1,0:0,4:4,31:18,28:24
5	1	b4d22911	114716	30	60	13	2	1,19,1,11,16,12,10,26,19,33,20,3,2	7:7,4:4,31:14,24:8,16:0
5	1	b4d22911	114856	30	61	9	23	35,33,2,16,19,26,24,17,33	3:3,0:0,8:8,31:26,28:28,16:16
5	1	c56b4a5a	12843	25	50	12	9	20,26,35,34,1,529,523,32,592,24,35,17	6:6,5:5,1:1,0:0,8:8,19:2,16:0
5	1	c56b4a5a	23402	26	51	11	10	19,25,602,17,538,10,531,540,28,16,34	7:2,2:2,0:0,8:8,25:1
5	1	c56b4a5a	184910	26	56	15	21	537,25,33,592,25,3,34,28,596,1,26,35,25,24,672	9:9,4:4,1:1,30:6
5	1	c56b4a5a	112751	26	65	16	9	34,537,34,19,24,611,8,3,34,20,24,12,19,17,16,19	15:6,2:2,0:0,8:8,21:20
5	1	c56b4a5a	66555	27	51	12	28	10,540,33,28,25,3,12,28,3,522,11,547	11:11,14:14,4:4,24:24
5	1	c56b4a5a	175529	27	52	10	6	736,4,11,25,33,34,24,11,1,532	10:10,2:2,0:0,4:4,21:1,26:8,16:0
5	1	c56b4a5a	177789	27	64	14	29	1,26,17,25,12,19,28,26,3,17,10,737,595,11	11:10,1:1,0:0,4:4,25:17,18:18,16:16
5	1	c56b4a5a	205561	28	49	10	24	1,12,19,538,16,3,529,595,19,11	12:12,9:9,0:0,2:2,26:18,17:17,16:16
5	1	e07fe000	253287	27	47	8	6	20,33,28,738,17,20,3,2	31:27,26:26,16:16
5	1	e07fe000	47959	27	53	8	19	34,8,668,12,19,34,12,26	31:9,21:1,16:0
5	1	e07fe000	76210	29	37	3	8	25,24,20	7:7,4:4,31:31,24:24
5	1	e07fe000	26325	29	45	6	3	2,32,16,10,540,595	31:28,28:28,16:16
5	1	e07fe000	29635	29	45	4	24	24,20,25,8	7:6,4:4,31:14,24:8
5	1	e07fe000	95332	29	45	5	16	25,20,16,24,35	7:6,4:4,31:14,24:8
5	1	e07fe000	213778	29	45	3	11	1,20,24	7:6,4:4,31:30,24:24
5	1	e07fe000	170786	29	46	3	28	25,20,24	7:3,0:0,4:4,31:11,24:8
5	1	ff800000	0	20	22	0	0		31:23,24:24
5	1	ff800000	16	20	24	0	16		31:7,24:8
5	1	ff800000	240	20	24	1	0	28	24:8,31:23
5	1	ff800000	5584	20	24	1	0	28	24:8,31:23
5	1	ff800000	10112	20	24	1	0	24	31:23,24:24
5	1	ff800000	12512	20	24	1	0	24	31:23,24:24
5	1	ff800000	15472	20	24	1	0	28	24:8,31:23
5	1	ff800000	16464	20	24	1	0	24	31:23,24:24
5	2	44000000	0	16	18	0	0		27:26
5	2	44000000	1	16	18	0	1		27:27
5	2	44000000	464	16	18	1	0	8	27:27
5	2	44000000	6144	16	18	1	0	32	27:27
5	2	44000000	7568	16	18	1	0	32	27:27
5	2	44000000	9152	16	18	1	0	8	27:27
5	2	44000000	9744	16	18	1	0	32	27:27
5	2	44000000	10112	16	18	1	0	24	27:27
5	4	b4d22911	109556	76	92	5	2	2,8,33,26,25	3:2,4:4,31:15,28:4
5	4	b4d22911	202132	76	92	5	0	2,1,24,32,19	3:0,8:8,31:11,28:12
5	4	b4d22911	194007	76	100	8	22	19,604,19,737,3,8,4,35	12:8,2:2,31:5,18:2
5	4	b4d22911	107076	76	104	5	14	2,26,1,24,32	3:2,4:0,31:1,28:8
5	4	b4d22911	160904	76	104	9	22	1,12,24,24,16,34,24,12,2	6:6,1:1,31:29,25:17
5	4	b4d22911	252707	76	104	4	29	1,24,2,32	3:1,4:0,31:18,28:24
5	4	b4d22911	241064	76	106	9	26	25,1,8,4,25,2,10,32,24	13:12,4:4,31:21,18:18
5	4	b4d22911	114716	76	108	13	2	1,19,1,11,16,12,10,26,19,33,20,3,2	7:7,4:4,31:14,24:0
5	10	a48	105074	46	54	3	4	2,8,537	22:2
5	10	a48	204341	46	58	6	8	25,2,26,8,537,26	22:6
5	10	a48	194647	46	68	8	25	4,1,16,20,602,33,10,11	21:4
5	10	a48	204859	46	74	12	2	10,17,32,25,25,28,17,1,608,1,28,2	22:0
5	10	a48	33523	48	56	4	2	16,602,25,665	19:1
5	10	a48	155750	48	60	7	2	546,2,1,26,19,28,592	25:25
5	10	a48	155605	48	62	6	18	673,33,1,11,16,602	21:17
5	10	a48	86393	48	70	10	28	17,2,600,10,11,3,596,17,26,16	26:26
5	10	1480	112882	96	104	3	0	17,1,3	31:11,26:10
5	10	1480	173443	96	104	4	0	2,3,17,33	31:15,26:10
5	10	1480	183682	96	104	3	0	3,8,2	31:13,28:12
5	10	1480	46500	96	106	5	0	3,1,12,10,12	31:15,28:12
5	10	1480	91379	96	106	4	4	3,28,17,1	31:31,26:26
5	10	1480	150610	96	106	3	16	10,2,3	31:29,28:28
5	10	1480	245890	96	106	3	4	10,26,3	31:13,28:12
5	10	1480	7682	96	108	3	22	25,10,3	31:31,28:28
5	11	b6c	102739	104	120	4	23	602,11,531,16	31:26,24:24
5	11	b6c	214423	104	122	8	24	602,529,25,24,10,17,11,17	31:27,18:18
5	11	b6c	145590	104	132	7	15	602,531,24,12,25,35,10	10:0,31:4
5	11	b6c	88870	106	122	7	15	595,3,673,32,1,602,3	31:15,20:4
5	11	b6c	164183	106	126	8	9	602,17,529,25,10,596,33,32	6:4,31:5
5	11	b6c	228890	106	130	11	8	522,25,3,600,529,19,19,2,32,4,4	31:2,18:2
5	11	b6c	257337	106	130	10	28	602,531,11,25,600,1,4,33,34,4	31:23,24:16
5	11	b6c	110507	106	132	12	10	672,602,529,25,35,34,10,26,25,24,35,11	31:7,24:0
5	11	1ec8	209797	104	120	6	6	1,522,664,8,35,25	31:5,17:1
5	11	1ec8	229845	106	120	6	29	32,522,2,32,665,545	31:31,18:18
5	11	1ec8	193193	106	132	10	15	522,16,33,34,675,32,537,16,19,24	31:13,18:0
5	11	1ec8	180635	106	136	12	17	24,529,35,33,17,20,34,24,524,736,25,8	5:1,31:17
5	11	1ec8	34399	106	140	16	12	19,24,1,11,595,33,10,26,665,11,10,522,3,16,1,33	31:10,18:2
5	11	1ec8	57323	106	140	12	26	1,33,522,10,10,664,4,531,33,2,26,32	3:0,31:24
5	11	1ec8	52550	108	126	7	2	2,522,28,664,665,604,32	31:0,18:0
5	11	1ec8	213302	108	128	7	27	16,2,673,665,592,537,32	31:25,18:16
5	12	20802001	122665	54	80	10	9	20,2,1,24,4,8,11,32,608,1	14:8
5	12	20802001	190921	56	82	10	23	16,1,10,600,737,20,19,12,25,34	13:5
5	12	20802001	50974	56	88	15	11	10,11,12,19,32,35,12,25,28,16,3,668,34,529,33	26:10
5	12	20802001	121215	56	92	16	17	1,8,16,610,26,20,24,3,10,35,20,25,11,8,522,34	7:1
5	12	20802001	184713	58	78	10	0	738,17,2,16,28,602,26,737,35,32	7:0
5	12	20802001	81209	58	80	10	15	8,34,2,546,737,3,17,26,12,538	28:12
5	12	20802001	8797	58	86	14	11	17,24,19,610,26,3,610,17,34,672,16,11,16,4	11:11
5	12	20802001	225915	58	86	12	29	28,665,26,1,16,3,34,546,20,32,600,24	14:12
6	0	ffecfec8ec80c800	157048	18	51	9	62	40,43,32,12,34,5,28,8,10	8:8,9:9,0:0,2:2,40:40,61:60,52:52
6	0	ffecfec8ec80c800	172236	18	53	13	1	20,41,5,16,32,42,26,21,13,4,5,10,5	6:6,8:8,4:4,16:16,18:18,55:1,49:1
6	0	ffecfec8ec80c800	7480	19	51	9	30	10,10,2,24,29,3,25,13,35	8:8,1:1,3:3,16:16,47:14,44:12,33:1,32:0,34:2
6	0	ffecfec8ec80c800	115736	19	51	9	27	25,32,41,29,17,19,34,2,2	7:7,3:3,4:4,2:2,16:0,47:11,34:2,32:0,40:8
6	0	ffecfec8ec80c800	556	19	53	13	10	37,2,41,35,4,1,21,29,33,11,16,35,16	1:1,8:8,6:6,28:12,24:8,34:2,62:10
6	0	ffecfec8ec80c800	4172	19	56	13	41	43,11,40,20,19,21,28,40,29,29,5,17,5	10:10,2:2,8:8,4:4,25:9,40:40,34:34,59:41
6	0	ffecfec8ec80c800	86316	19	57	13	12	11,3,2,29,35,1,41,42,32,3,42,12,3	8:8,3:3,2:2,10:10,16:16,47:12,37:5,32:0,36:4
6	0	ffecfec8ec80c800	121260	19	57	13	13	34,32,37,21,44,1,3,21,2,20,41,25,35	7:7,1:1,5:5,2:2,10:10,16:0,47:13,32:0,40:8
6	1	4c800004848	180498	12	22	3	21	531,746,2	22:18
6	1	4c800004848	40613	14	30	6	57	10,12,2,531,746,619	22:2
6	1	4c800004848	10401	20	24	2	24	531,744	22:22,19:19
6	1	4c800004848	140130	20	32	3	6	531,12,746	22:16,19:17
6	1	4c800004848	134098	20	34	3	50	531,8,746	22:16,19:17
6	1	4c800004848	63265	20	36	2	62	531,746	22:16,19:17
6	1	4c800004848	23185	22	32	2	12	531,2	22:2,58:34
6	1	4c800004848	94385	22	32	2	25	531,2	22:22,58:50
6	1	cc000004848	227891	10	30	4	55	3,744,11,16	19:16
6	1	cc000004848	84454	12	26	7	48	24,608,12,37,19,555,13	26:10
6	1	cc000004848	96822	12	28	7	37	680,24,554,21,2,19,35	26:10
6	1	cc000004848	6595	12	32	4	63	554,37,744,16	19:16
6	1	cc000004848	198907	12	40	12	38	35,3,746,2,34,17,17,5,13,43,741,17	22:2
6	1	cc000004848	66134	14	24	7	32	808,546,2,24,28,28,554	22:6
6	1	cc000004848	104374	14	26	7	1	611,3,746,8,2,808,21	22:2
6	1	cc000004848	104855	14	30	8	34	602,683,44,3,746,8,19,44	26:8
6	1	8c800000cc00	59632	24	26	1	0	24	26:10,55:39
6	1	8c800000cc00	92464	24	26	1	0	24	26:10,55:39
6	1	8c800000cc00	112880	24	26	1	0	24	26:10,55:39
6	1	8c800000cc00	163296	24	26	1	0	24	26:10,55:39
6	1	8c800000cc00	189488	24	26	1	0	24	26:10,55:39
6	1	8c800000cc00	193648	24	26	1	0	24	26:10,55:39
6	1	8c800000cc00	235104	24	26	1	0	24	26:10,55:39
6	1	8c800000cc00	244256	24	26	1	0	24	26:10,55:39
6	1	691ec800001480	76623	54	88	16	33	42,24,19,35,17,525,33,11,10,8,529,33,21,42,665,29	29:12,37:37,55:38,58:42
6	1	691ec800001480	96675	60	86	4	6	16,13,1,5	23:0,26:8,42:34,59:34,61:45
6	1	691ec800001480	57990	60	88	7	5	8,17,547,738,42,19,25	31:12,23:3,44:32,37:33,54:36
6	1	691ec800001480	47276	61	103	13	52	8,8,16,10,35,33,3,11,13,42,1,5,42	10:10,2:2,23:22,58:2,61:17,55:21
6	1	691ec800001480	187030	62	86	7	10	42,16,8,32,538,17,42	31:11,19:3,41:40,51:33,54:36,48:32
6	1	691ec800001480	187823	62	108	16	41	28,44,21,738,24,33,41,2,672,43,28,19,533,28,19,37	23:0,47:15,35:0,58:0,49:1
6	1	691ec800001480	5188	64	84	5	0	2,17,24,8,35	31:6,19:2,61:45,54:36,58:56
6	1	691ec800001480	207379	64	90	4	56	16,26,1,13	23:22,27:19,42:8,59:24,61:21
6	1	80c0e0f0f8fcfe	184822	22	46	7	3	12,35,3,42,35,537,19	13:8,22:16,36:4
6	1	80c0e0f0f8fcfe	15026	24	32	3	0	12,21,35	57:1,50:18,36:36
6	1	80c0e0f0f8fcfe	95777	24	32	2	16	12,21	50:2,57:17,36:36
6	1	80c0e0f0f8fcfe	2753	24	34	2	16	21,33	43:1,50:18,36:36
6	1	80c0e0f0f8fcfe	47633	24	34	2	9	21,12	57:8,50:18,36:36
6	1	80c0e0f0f8fcfe	181249	24	34	2	40	33,21	36:4,43:41,50:34
6	1	80c0e0f0f8fcfe	76241	24	36	2	33	12,21	36:4,57:32,50:50
6	1	80c0e0f0f8fcfe	86385	24	36	2	0	33,42	15:1,22:2,36:4
6	1	38fe7f06fbe1f00	167045	65	85	6	3	33,28,737,29,17,611	14:8,25:24,28:28,16:16,45:44,42:42,36:36,57:57
6	1	38fe7f06fbe1f00	197771	67	118	12	57	19,35,29,16,25,19,44,24,41,5,33,5	11:1,4:4,0:0,8:8,31:1,28:0,16:0,44:8,61:29,50:16
6	1	38fe7f06fbe1f00	76088	69	106	9	7	11,37,44,26,13,19,20,44,13	0:0,8:8,29:12,26:0,22:6,38:36,40:40,59:56,53:53
6	1	38fe7f06fbe1f00	166508	70	123	13	53	40,29,8,11,1,44,24,28,20,12,4,35,33	4:4,0:0,8:8,25:1,22:6,47:1,37:4,42:2,57:16,50:16
6	1	38fe7f06fbe1f00	224306	72	101	3	22	19,29,35	15:2,4:4,0:0,8:8,29:1,24:8,16:0,47:13,36:4,32:0,57:8,50:0
6	1	38fe7f06fbe1f00	108467	73	106	4	29	21,29,35,26	15:5,0:0,8:8,29:4,20:4,47:2,40:8,36:4,53:1,50:2
6	1	38fe7f06fbe1f00	122391	73	107	8	41	37,537,17,738,35,26,12,29	4:4,29:17,22:16,39:36,34:34,40:40,36:36,61:44,50:32
6	1	38fe7f06fbe1f00	91960	74	121	9	47	4,29,32,19,32,28,32,12,4	13:5,0:0,1:1,23:1,28:8,43:33,36:36,32:32,55:36,57:40
6	1	c06060c0c0c0606	110737	14	26	2	53	43,748	6:6,21:20
6	1	c06060c0c0c0606	206161	14	26	2	53	3,748	6:6,21:20
6	1	c06060c0c0c0606	245873	14	26	2	29	43,748	6:6,21:20
6	1	c06060c0c0c0606	99314	14	28	3	53	43,748,35	6:6,21:20
6	1	c06060c0c0c0606	186385	15	25	2	30	3,748	6:6,4:4,21:21
6	1	c06060c0c0c0606	18531	15	27	4	1	16,748,11,37	6:6,2:2,37:0
6	1	c06060c0c0c0606	139299	15	27	4	14	19,748,37,1	6:6,4:4,37:37
6	1	c06060c0c0c0606	23521	15	29	2	55	43,748	6:6,4:4,21:20
6	1	2020000023130000	109071	12	50	16	37	32,744,3,29,12,26,35,35,8,24,21,669,42,13,34,43	26:16
6	1	2020000023130000	253419	18	40	12	54	744,3,28,16,12,600,600,669,28,13,26,546	50:34
6	1	2020000023130000	80757	20	32	6	0	29,10,744,533,24,13	26:24,50:16
6	1	2020000023130000	80769	22	28	2	18	24,744	23:7,50:2
6	1	2020000023130000	249521	22	30	2	42	37,744	23:23,50:18
6	1	2020000023130000	32961	22	32	2	14	37,744	23:19,50:50
6	1	2020000023130000	158050	22	32	3	50	744,10,3	30:14,50:34
6	1	2020000023130000	2561	22	34	2	39	744,3	30:26,50:50
6	1	3a94b5a5c56b4a5a	79828	30	54	5	33	19,25,34,16,33	15:4,1:1,22:18,25:17,32:32
6	1	3a94b5a5c56b4a5a	37885	30	68	14	29	16,11,10,668,523,2,29,24,19,32,5,1,2,32	15:5,22:4,17:1,16:0,32:32
6	1	3a94b5a5c56b4a5a	119458	31	41	3	33	34,668,537	4:4,1:1,23:20,28:28,18:18,32:32
6	1	3a94b5a5c56b4a5a	77906	31	47	3	11	19,33,34	15:15,4:4,1:1,25:24,22:18,32:0
6	1	3a94b5a5c56b4a5a	3941	31	51	6	22	28,737,547,8,28,13	13:9,4:4,1:1,27:2,24:8,32:0
6	1	3a94b5a5c56b4a5a	144025	31	51	10	2	34,29,2,21,12,25,17,546,675,20	11:11,6:6,8:8,28:8,18:2,16:0,32:32
6	1	3a94b5a5c56b4a5a	117428	31	53	5	30	13,13,33,19,34	15:10,4:4,1:1,22:6,25:9,32:0
6	1	3a94b5a5c56b4a5a	235570	31	55	3	49	19,33,34	15:5,4:4,1:1,22:0,25:0,32:32
6	1	80a0a0a080000000	33760	24	26	1	0	41	31:31,37:37
6	1	80a0a0a080000000	72640	24	26	1	0	41	31:31,37:37
6	1	80a0a0a080000000	133888	24	26	1	0	41	31:31,37:37
6	1	80a0a0a080000000	160416	24	26	1	0	41	31:31,37:37
6	1	80a0a0a080000000	177376	24	26	1	0	41	31:31,37:37
6	1	80a0a0a080000000	199312	24	26	1	0	41	31:31,37:37
6	1	80a0a0a080000000	249936	24	26	1	0	41	31:31,37:37
6	1	80a0a0a080000000	12608	24	28	1	32	41	31:31,37:5
6	1	93ce070f6c31f8f0	24882	25	33	3	16	35,26,529	15:13,8:8,2:2,20:20,18:18,32:32
6	1	93ce070f6c31f8f0	187298	25	39	3	28	35,19,537	15:5,4:4,18:2,24:8,16:0,32:0
6	1	93ce070f6c31f8f0	254052	25	43	5	33	19,42,35,21,3	4:4,25:25,18:18,43:34
6	1	93ce070f6c31f8f0	40706	25	45	3	45	21,35,19	15:6,25:17,18:18,32:0
6	1	93ce070f6c31f8f0	72292	25	45	5	19	34,19,21,26,34	15:12,25:9,18:2,32:32
6	1	93ce070f6c31f8f0	102386	25	45	3	56	19,21,35	15:3,25:0,18:2,32:0
6	1	93ce070f6c31f8f0	131220	25	47	5	38	19,37,21,35,2	15:9,25:24,18:18,32:0
6	1	93ce070f6c31f8f0	143189	25	47	6	13	33,1,26,529,35,34	15:2,8:8,4:4,20:20,18:18,32:32
6	1	c0c0cc008448cc00	225329	17	27	2	45	547,746	10:10,2:2,22:18
6	1	c0c0cc008448cc00	96822	17	33	7	37	680,24,554,21,2,19,35	6:6,2:2,26:10
6	1	c0c0cc008448cc00	76359	17	37	8	57	40,538,40,37,29,554,24,8	10:10,2:2,22:6
6	1	c0c0cc008448cc00	234226	18	30	3	21	2,24,675	10:10,51:34
6	1	c0c0cc008448cc00	92073	18	40	10	21	2,37,16,16,37,24,554,808,736,20	10:10,22:18
6	1	c0c0cc008448cc00	67895	18	44	8	54	33,24,40,554,35,2,13,40	22:2,26:24
6	1	c0c0cc008448cc00	209954	19	29	3	25	16,547,26	10:10,2:2,54:38
6	1	c0c0cc008448cc00	153905	20	22	2	16	746,675	10:10,51:3
6	1	df16c1361a7d8b6c	237609	78	116	10	24	2,40,8,19,25,33,4,5,33,33	6:6,12:12,8:8,31:6,19:2,20:4,47:13,44:12,32:0,59:0
6	1	df16c1361a7d8b6c	182559	78	130	16	13	12,2,35,8,611,43,33,13,29,17,20,11,13,29,29,736	7:4,8:8,26:8,16:0,47:0,46:6,35:3,36:4,59:19
6	1	df16c1361a7d8b6c	15240	80	125	9	46	5,37,10,8,33,13,2,19,41	15:10,6:6,0:0,1:1,8:8,2:2,20:20,16:16,47:40,59:49,62:54,50:48
6	1	df16c1361a7d8b6c	79226	81	111	11	34	5,11,13,24,748,736,34,33,610,19,672	3:3,8:8,27:8,29:5,19:3,40:40,33:33,61:48,54:54
6	1	df16c1361a7d8b6c	216857	81	112	10	39	672,10,37,608,11,545,532,680,13,25	15:10,1:1,0:0,8:8,23:22,17:17,44:36,37:37,34:34,32:32,57:49,50:48
6	1	df16c1361a7d8b6c	197709	83	130	14	59	5,16,13,3,4,20,43,665,34,8,600,40,524,24	13:1,10:10,1:1,0:0,2:2,8:8,4:4,27:18,24:24,37:33,32:32,62:52,57:57,50:50
6	1	df16c1361a7d8b6c	229053	83	134	14	57	29,597,556,1,16,20,5,28,8,34,555,4,26,25	15:12,3:3,10:10,0:0,1:1,28:20,44:32,34:34,55:33,57:32,50:32
6	1	df16c1361a7d8b6c	186060	83	135	13	29	21,24,10,12,19,11,44,43,26,20,8,4,19	13:4,2:2,8:8,4:4,30:12,19:0,39:39,42:40,41:33,61:57,52:48
6	1	ffecfec8ec80c800	16532	33	57	5	52	25,32,20,42,29	8:8,23:18,34:2,55:20
6	1	ffecfec8ec80c800	260984	33	64	9	51	11,24,5,8,44,24,12,40,10	9:9,0:0,2:2,53:36,61:57
6	1	ffecfec8ec80c800	35944	33	65	9	38	35,32,28,21,13,37,42,17,20	4:4,18:2,59:32,57:56
6	1	ffecfec8ec80c800	2376	33	70	9	55	32,26,3,41,24,13,28,5,3	0:0,1:1,30:0,34:2,62:22
6	1	ffecfec8ec80c800	83916	33	73	13	34	8,1,35,3,35,26,2,12,40,24,25,43,8	3:3,31:0,29:5,32:0
6	1	ffecfec8ec80c800	212444	33	73	13	55	26,20,40,29,2,4,25,43,42,28,13,44,4	8:8,23:4,34:2,55:23
6	1	ffecfec8ec80c800	18476	33	74	13	47	12,19,13,35,16,10,16,26,44,19,34,44,32	0:0,2:2,29:17,36:4,61:13
6	1	ffecfec8ec80c800	210855	34	56	8	0	11,41,29,25,37,672,20,26	10:10,4:4,2:2,16:0,32:0,59:0,49:0
6	2	ffecfec8ec80c800	16532	48	72	5	52	25,32,20,42,29	8:8,23:18,34:2,55:20
6	2	ffecfec8ec80c800	35944	48	80	9	38	35,32,28,21,13,37,42,17,20	4:4,18:2,59:32,57:56
6	2	ffecfec8ec80c800	83916	48	88	13	34	8,1,35,3,35,26,2,12,40,24,25,43,8	3:3,31:0,29:5,32:0
6	2	ffecfec8ec80c800	212444	48	88	13	55	26,20,40,29,2,4,25,43,42,28,13,44,4	8:8,23:4,34:2,55:23
6	2	ffecfec8ec80c800	260984	49	79	9	51	11,24,5,8,44,24,12,40,10	9:9,2:2,0:0,53:36,61:57
6	2	ffecfec8ec80c800	2376	49	85	9	55	32,26,3,41,24,13,28,5,3	1:1,0:0,30:0,34:2,62:22
6	2	ffecfec8ec80c800	18476	49	89	13	47	12,19,13,35,16,10,16,26,44,19,34,44,32	2:2,0:0,29:17,36:4,61:13
6	2	ffecfec8ec80c800	150053	50	72	6	25	20,11,736,42,41,40	10:10,31:27,29:20,32:32
