0	0	0	5	257	0	0	0	0	104	48	4	1
1	0	0	5	257	0	0	1	0	104	20	3	1
2	0	0	5	257	0	0	2	0	104	24	2	1
3	0	0	5	257	0	0	3	0	104	40	1	1
4	0	0	5	257	0	0	4	0	104	40	1	1
5	0	0	5	257	0	0	5	0	104	40	1	1
6	0	0	5	257	0	0	6	0	104	40	1	1
7	1	0	7	257	0	0	0	0	148	72	6	1
8	1	0	7	257	0	0	1	0	148	28	4	1
9	1	0	7	257	0	0	2	0	148	36	2	1
10	1	0	7	257	0	0	3	0	148	60	1	1
11	1	0	7	257	0	0	4	0	148	60	1	1
12	1	0	7	257	0	0	5	0	148	60	1	1
13	1	0	7	257	0	0	6	0	148	60	1	1
14	2	0	9	257	0	0	0	0	192	160	8	1
15	2	0	9	257	0	0	1	0	192	76	5	1
16	2	0	9	257	0	0	2	0	192	60	3	1
17	2	0	9	257	0	0	3	0	192	80	2	1
18	2	0	9	257	0	0	4	0	192	112	1	1
19	2	0	9	257	0	0	5	0	192	112	1	1
20	2	0	9	257	0	0	6	0	192	112	1	1
21	3	0	11	257	0	0	0	0	236	200	10	1
22	3	0	11	257	0	0	1	0	236	92	6	1
23	3	0	11	257	0	0	2	0	236	72	3	1
24	3	0	11	257	0	0	3	0	236	100	2	1
25	3	0	11	257	0	0	4	0	236	140	1	1
26	3	0	11	257	0	0	5	0	236	140	1	1
27	3	0	11	257	0	0	6	0	236	140	1	1
28	4	0	13	257	0	0	0	0	280	240	12	1
29	4	0	13	257	0	0	1	0	280	108	7	1
30	4	0	13	257	0	0	2	0	280	88	4	1
31	4	0	13	257	0	0	3	0	280	120	2	1
32	4	0	13	257	0	0	4	0	280	168	1	1
33	4	0	13	257	0	0	5	0	280	168	1	1
34	4	0	13	257	0	0	6	0	280	168	1	1
35	5	0	15	257	0	0	0	0	324	280	14	1
36	5	0	15	257	0	0	1	0	324	124	8	1
37	5	0	15	257	0	0	2	0	324	100	4	1
38	5	0	15	257	0	0	3	0	324	140	2	1
39	5	0	15	257	0	0	4	0	324	196	1	1
40	5	0	15	257	0	0	5	0	324	196	1	1
41	5	0	15	257	0	0	6	0	324	196	1	1
42	6	0	17	257	0	0	0	0	368	448	16	1
43	6	0	17	257	0	0	1	0	368	212	9	1
44	6	0	17	257	0	0	2	0	368	156	5	1
45	6	0	17	257	0	0	3	0	368	172	3	1
46	6	0	17	257	0	0	4	0	368	224	2	1
47	6	0	17	257	0	0	5	0	368	288	1	1
48	6	0	17	257	0	0	6	0	368	288	1	1
49	7	0	19	257	0	0	0	0	412	504	18	1
50	7	0	19	257	0	0	1	0	412	236	10	1
51	7	0	19	257	0	0	2	0	412	168	5	1
52	7	0	19	257	0	0	3	0	412	192	3	1
53	7	0	19	257	0	0	4	0	412	252	2	1
54	7	0	19	257	0	0	5	0	412	324	1	1
55	7	0	19	257	0	0	6	0	412	324	1	1
56	8	0	21	257	0	0	0	0	456	560	20	1
57	8	0	21	257	0	0	1	0	456	260	11	1
58	8	0	21	257	0	0	2	0	456	192	6	1
59	8	0	21	257	0	0	3	0	456	212	3	1
60	8	0	21	257	0	0	4	0	456	280	2	1
61	8	0	21	257	0	0	5	0	456	360	1	1
62	8	0	21	257	0	0	6	0	456	360	1	1
63	9	0	23	257	0	0	0	0	500	616	22	1
64	9	0	23	257	0	0	1	0	500	284	12	1
65	9	0	23	257	0	0	2	0	500	204	6	1
66	9	0	23	257	0	0	3	0	500	232	3	1
67	9	0	23	257	0	0	4	0	500	308	2	1
68	9	0	23	257	0	0	5	0	500	396	1	1
69	9	0	23	257	0	0	6	0	500	396	1	1
70	10	0	25	257	0	0	0	0	544	672	24	1
71	10	0	25	257	0	0	1	0	544	308	13	1
72	10	0	25	257	0	0	2	0	544	228	7	1
73	10	0	25	257	0	0	3	0	544	256	4	1
74	10	0	25	257	0	0	4	0	544	336	2	1
75	10	0	25	257	0	0	5	0	544	432	1	1
76	10	0	25	257	0	0	6	0	544	432	1	1
77	11	0	27	257	0	0	0	0	588	728	26	1
78	11	0	27	257	0	0	1	0	588	332	14	1
79	11	0	27	257	0	0	2	0	588	240	7	1
80	11	0	27	257	0	0	3	0	588	276	4	1
81	11	0	27	257	0	0	4	0	588	364	2	1
82	11	0	27	257	0	0	5	0	588	468	1	1
83	11	0	27	257	0	0	6	0	588	468	1	1
84	12	0	29	257	0	0	0	0	632	784	28	1
85	12	0	29	257	0	0	1	0	632	356	15	1
86	12	0	29	257	0	0	2	0	632	264	8	1
87	12	0	29	257	0	0	3	0	632	296	4	1
88	12	0	29	257	0	0	4	0	632	392	2	1
89	12	0	29	257	0	0	5	0	632	504	1	1
90	12	0	29	257	0	0	6	0	632	504	1	1
91	13	0	31	257	0	0	0	0	676	840	30	1
92	13	0	31	257	0	0	1	0	676	380	16	1
93	13	0	31	257	0	0	2	0	676	276	8	1
94	13	0	31	257	0	0	3	0	676	316	4	1
95	13	0	31	257	0	0	4	0	676	420	2	1
96	13	0	31	257	0	0	5	0	676	540	1	1
97	13	0	31	257	0	0	6	0	676	540	1	1
98	14	0	33	257	0	0	0	0	720	1152	32	1
99	14	0	33	257	0	0	1	0	720	540	17	1
100	14	0	33	257	0	0	2	0	720	372	9	1
101	14	0	33	257	0	0	3	0	720	380	5	1
102	14	0	33	257	0	0	4	0	720	460	3	1
103	14	0	33	257	0	0	5	0	720	576	2	1
104	14	0	33	257	0	0	6	0	720	704	1	1
105	15	0	35	257	0	0	0	0	764	1224	34	1
106	15	0	35	257	0	0	1	0	764	572	18	1
107	15	0	35	257	0	0	2	0	764	384	9	1
108	15	0	35	257	0	0	3	0	764	400	5	1
109	15	0	35	257	0	0	4	0	764	488	3	1
110	15	0	35	257	0	0	5	0	764	612	2	1
111	15	0	35	257	0	0	6	0	764	748	1	1
112	16	0	37	257	0	0	0	0	808	1296	36	1
113	16	0	37	257	0	0	1	0	808	604	19	1
114	16	0	37	257	0	0	2	0	808	416	10	1
115	16	0	37	257	0	0	3	0	808	420	5	1
116	16	0	37	257	0	0	4	0	808	516	3	1
117	16	0	37	257	0	0	5	0	808	648	2	1
118	16	0	37	257	0	0	6	0	808	792	1	1
119	17	0	39	257	0	0	0	0	852	1368	38	1
120	17	0	39	257	0	0	1	0	852	636	20	1
121	17	0	39	257	0	0	2	0	852	428	10	1
122	17	0	39	257	0	0	3	0	852	440	5	1
123	17	0	39	257	0	0	4	0	852	544	3	1
124	17	0	39	257	0	0	5	0	852	684	2	1
125	17	0	39	257	0	0	6	0	852	836	1	1
126	18	0	41	257	0	0	0	0	896	1440	40	1
127	18	0	41	257	0	0	1	0	896	668	21	1
128	18	0	41	257	0	0	2	0	896	460	11	1
129	18	0	41	257	0	0	3	0	896	472	6	1
130	18	0	41	257	0	0	4	0	896	572	3	1
131	18	0	41	257	0	0	5	0	896	720	2	1
132	18	0	41	257	0	0	6	0	896	880	1	1
133	19	0	43	257	0	0	0	0	940	1512	42	1
134	19	0	43	257	0	0	1	0	940	700	22	1
135	19	0	43	257	0	0	2	0	940	472	11	1
136	19	0	43	257	0	0	3	0	940	492	6	1
137	19	0	43	257	0	0	4	0	940	600	3	1
138	19	0	43	257	0	0	5	0	940	756	2	1
139	19	0	43	257	0	0	6	0	940	924	1	1
140	20	0	45	257	0	0	0	0	984	1584	44	1
141	20	0	45	257	0	0	1	0	984	732	23	1
142	20	0	45	257	0	0	2	0	984	504	12	1
143	20	0	45	257	0	0	3	0	984	512	6	1
144	20	0	45	257	0	0	4	0	984	628	3	1
145	20	0	45	257	0	0	5	0	984	792	2	1
146	20	0	45	257	0	0	6	0	984	968	1	1
147	21	0	47	257	0	0	0	0	1028	1656	46	1
148	21	0	47	257	0	0	1	0	1028	764	24	1
149	21	0	47	257	0	0	2	0	1028	516	12	1
150	21	0	47	257	0	0	3	0	1028	532	6	1
151	21	0	47	257	0	0	4	0	1028	656	3	1
152	21	0	47	257	0	0	5	0	1028	828	2	1
153	21	0	47	257	0	0	6	0	1028	1012	1	1
154	22	0	49	257	0	0	0	0	1072	1728	48	1
155	22	0	49	257	0	0	1	0	1072	796	25	1
156	22	0	49	257	0	0	2	0	1072	548	13	1
157	22	0	49	257	0	0	3	0	1072	564	7	1
158	22	0	49	257	0	0	4	0	1072	688	4	1
159	22	0	49	257	0	0	5	0	1072	864	2	1
160	22	0	49	257	0	0	6	0	1072	1056	1	1
161	23	0	51	257	0	0	0	0	1116	1800	50	1
162	23	0	51	257	0	0	1	0	1116	828	26	1
163	23	0	51	257	0	0	2	0	1116	560	13	1
164	23	0	51	257	0	0	3	0	1116	584	7	1
165	23	0	51	257	0	0	4	0	1116	716	4	1
166	23	0	51	257	0	0	5	0	1116	900	2	1
167	23	0	51	257	0	0	6	0	1116	1100	1	1
168	24	0	53	257	0	0	0	0	1160	1872	52	1
169	24	0	53	257	0	0	1	0	1160	860	27	1
170	24	0	53	257	0	0	2	0	1160	592	14	1
171	24	0	53	257	0	0	3	0	1160	604	7	1
172	24	0	53	257	0	0	4	0	1160	744	4	1
173	24	0	53	257	0	0	5	0	1160	936	2	1
174	24	0	53	257	0	0	6	0	1160	1144	1	1
175	25	0	55	257	0	0	0	0	1204	1944	54	1
176	25	0	55	257	0	0	1	0	1204	892	28	1
177	25	0	55	257	0	0	2	0	1204	604	14	1
178	25	0	55	257	0	0	3	0	1204	624	7	1
179	25	0	55	257	0	0	4	0	1204	772	4	1
180	25	0	55	257	0	0	5	0	1204	972	2	1
181	25	0	55	257	0	0	6	0	1204	1188	1	1
182	26	0	57	257	0	0	0	0	1248	2016	56	1
183	26	0	57	257	0	0	1	0	1248	924	29	1
184	26	0	57	257	0	0	2	0	1248	636	15	1
185	26	0	57	257	0	0	3	0	1248	656	8	1
186	26	0	57	257	0	0	4	0	1248	800	4	1
187	26	0	57	257	0	0	5	0	1248	1008	2	1
188	26	0	57	257	0	0	6	0	1248	1232	1	1
189	27	0	59	257	0	0	0	0	1292	2088	58	1
190	27	0	59	257	0	0	1	0	1292	956	30	1
191	27	0	59	257	0	0	2	0	1292	648	15	1
192	27	0	59	257	0	0	3	0	1292	676	8	1
193	27	0	59	257	0	0	4	0	1292	828	4	1
194	27	0	59	257	0	0	5	0	1292	1044	2	1
195	27	0	59	257	0	0	6	0	1292	1276	1	1
196	28	0	61	257	0	0	0	0	1336	2160	60	1
197	28	0	61	257	0	0	1	0	1336	988	31	1
198	28	0	61	257	0	0	2	0	1336	680	16	1
199	28	0	61	257	0	0	3	0	1336	696	8	1
200	28	0	61	257	0	0	4	0	1336	856	4	1
201	28	0	61	257	0	0	5	0	1336	1080	2	1
202	28	0	61	257	0	0	6	0	1336	1320	1	1
203	29	0	63	257	0	0	0	0	1380	2232	62	1
204	29	0	63	257	0	0	1	0	1380	1020	32	1
205	29	0	63	257	0	0	2	0	1380	692	16	1
206	29	0	63	257	0	0	3	0	1380	716	8	1
207	29	0	63	257	0	0	4	0	1380	884	4	1
208	29	0	63	257	0	0	5	0	1380	1116	2	1
209	29	0	63	257	0	0	6	0	1380	1364	1	1
210	30	0	65	257	0	0	0	0	1424	3280	64	1
211	30	0	65	257	0	0	1	0	1424	1538	33	1
212	30	0	65	257	0	0	2	0	1424	958	17	1
213	30	0	65	257	0	0	3	0	1424	858	9	1
214	30	0	65	257	0	0	4	0	1424	966	5	1
215	30	0	65	257	0	0	5	0	1424	1162	3	1
216	30	0	65	257	0	0	6	0	1424	1394	2	1
217	31	0	67	257	0	0	0	0	1468	3336	66	1
218	31	0	67	257	0	0	1	0	1468	1564	34	1
219	31	0	67	257	0	0	2	0	1468	976	17	1
220	31	0	67	257	0	0	3	0	1468	876	9	1
221	31	0	67	257	0	0	4	0	1468	984	5	1
222	31	0	67	257	0	0	5	0	1468	1180	3	1
223	31	0	67	257	0	0	6	0	1468	1412	2	1
224	32	0	69	257	0	0	0	0	1512	3416	68	1
225	32	0	69	257	0	0	1	0	1512	1604	35	1
226	32	0	69	257	0	0	2	0	1512	1008	18	1
227	32	0	69	257	0	0	3	0	1512	908	9	1
228	32	0	69	257	0	0	4	0	1512	1016	5	1
229	32	0	69	257	0	0	5	0	1512	1212	3	1
230	32	0	69	257	0	0	6	0	1512	1444	2	1
231	33	0	71	257	0	0	0	0	1556	3472	70	1
232	33	0	71	257	0	0	1	0	1556	1628	36	1
233	33	0	71	257	0	0	2	0	1556	1020	18	1
234	33	0	71	257	0	0	3	0	1556	928	9	1
235	33	0	71	257	0	0	4	0	1556	1036	5	1
236	33	0	71	257	0	0	5	0	1556	1232	3	1
237	33	0	71	257	0	0	6	0	1556	1464	2	1
238	34	0	73	255	0	0	0	0	1556	3496	70	1
239	34	0	73	255	0	0	1	0	1556	1644	36	1
240	34	0	73	255	0	0	2	0	1556	1056	19	1
241	34	0	73	255	0	0	3	0	1556	948	10	1
242	34	0	73	255	0	0	4	0	1556	1064	5	1
243	34	0	73	255	0	0	5	0	1556	1252	3	1
244	34	0	73	255	0	0	6	0	1556	1476	2	1
245	35	0	75	254	0	0	0	0	1578	3516	71	1
246	35	0	75	254	0	0	1	0	1578	1630	36	1
247	35	0	75	254	0	0	2	0	1578	1026	18	1
248	35	0	75	254	0	0	3	0	1578	958	10	1
249	35	0	75	254	0	0	4	0	1578	1078	5	1
250	35	0	75	254	0	0	5	0	1578	1262	3	1
251	35	0	75	254	0	0	6	0	1578	1482	2	1
252	36	0	77	252	0	0	0	0	1578	3484	71	1
253	36	0	77	252	0	0	1	0	1578	1614	36	1
254	36	0	77	252	0	0	2	0	1578	1046	19	1
255	36	0	77	252	0	0	3	0	1578	958	10	1
256	36	0	77	252	0	0	4	0	1578	1078	5	1
257	36	0	77	252	0	0	5	0	1578	1254	3	1
258	36	0	77	252	0	0	6	0	1578	1466	2	1
259	37	0	79	251	0	0	0	0	1600	3504	72	1
260	37	0	79	251	0	0	1	0	1600	1644	37	1
261	37	0	79	251	0	0	2	0	1600	1052	19	1
262	37	0	79	251	0	0	3	0	1600	968	10	1
263	37	0	79	251	0	0	4	0	1600	1092	5	1
264	37	0	79	251	0	0	5	0	1600	1264	3	1
265	37	0	79	251	0	0	6	0	1600	1472	2	1
266	38	0	81	249	0	0	0	0	1600	3608	72	1
267	38	0	81	249	0	0	1	0	1600	1700	37	1
268	38	0	81	249	0	0	2	0	1600	1076	19	1
269	38	0	81	249	0	0	3	0	1600	976	10	1
270	38	0	81	249	0	0	4	0	1600	1112	6	1
271	38	0	81	249	0	0	5	0	1600	1324	3	1
272	38	0	81	249	0	0	6	0	1600	1524	2	1
273	39	0	83	248	0	0	0	0	1622	3644	73	1
274	39	0	83	248	0	0	1	0	1622	1694	37	1
275	39	0	83	248	0	0	2	0	1622	1082	19	1
276	39	0	83	248	0	0	3	0	1622	986	10	1
277	39	0	83	248	0	0	4	0	1622	1126	6	1
278	39	0	83	248	0	0	5	0	1622	1342	3	1
279	39	0	83	248	0	0	6	0	1622	1538	2	1
280	40	0	85	246	0	0	0	0	1622	3628	73	1
281	40	0	85	246	0	0	1	0	1622	1686	37	1
282	40	0	85	246	0	0	2	0	1622	1074	19	1
283	40	0	85	246	0	0	3	0	1622	986	10	1
284	40	0	85	246	0	0	4	0	1622	1126	6	1
285	40	0	85	246	0	0	5	0	1622	1342	3	1
286	40	0	85	246	0	0	6	0	1622	1530	2	1
287	41	0	87	245	0	0	0	0	1644	3664	74	1
288	41	0	87	245	0	0	1	0	1644	1724	38	1
289	41	0	87	245	0	0	2	0	1644	1080	19	1
290	41	0	87	245	0	0	3	0	1644	996	10	1
291	41	0	87	245	0	0	4	0	1644	1140	6	1
292	41	0	87	245	0	0	5	0	1644	1360	3	1
293	41	0	87	245	0	0	6	0	1644	1544	2	1
294	42	0	89	243	0	0	0	0	1644	3648	74	1
295	42	0	89	243	0	0	1	0	1644	1716	38	1
296	42	0	89	243	0	0	2	0	1644	1108	20	1
297	42	0	89	243	0	0	3	0	1644	1016	11	1
298	42	0	89	243	0	0	4	0	1644	1140	6	1
299	42	0	89	243	0	0	5	0	1644	1360	3	1
300	42	0	89	243	0	0	6	0	1644	1536	2	1
301	43	0	91	241	0	0	0	0	1644	3632	74	1
302	43	0	91	241	0	0	1	0	1644	1708	38	1
303	43	0	91	241	0	0	2	0	1644	1072	19	1
304	43	0	91	241	0	0	3	0	1644	988	10	1
305	43	0	91	241	0	0	4	0	1644	1120	5	1
306	43	0	91	241	0	0	5	0	1644	1360	3	1
307	43	0	91	241	0	0	6	0	1644	1528	2	1
308	44	0	93	240	0	0	0	0	1666	3668	75	1
309	44	0	93	240	0	0	1	0	1666	1702	38	1
310	44	0	93	240	0	0	2	0	1666	1106	20	1
311	44	0	93	240	0	0	3	0	1666	998	10	1
312	44	0	93	240	0	0	4	0	1666	1134	5	1
313	44	0	93	240	0	0	5	0	1666	1378	3	1
314	44	0	93	240	0	0	6	0	1666	1542	2	1
315	45	0	95	238	0	0	0	0	1666	3652	75	1
316	45	0	95	238	0	0	1	0	1666	1694	38	1
317	45	0	95	238	0	0	2	0	1666	1070	19	1
318	45	0	95	238	0	0	3	0	1666	998	10	1
319	45	0	95	238	0	0	4	0	1666	1134	5	1
320	45	0	95	238	0	0	5	0	1666	1378	3	1
321	45	0	95	238	0	0	6	0	1666	1534	2	1
322	46	0	97	237	0	0	0	0	1688	3952	76	1
323	46	0	97	237	0	0	1	0	1688	1868	39	1
324	46	0	97	237	0	0	2	0	1688	1176	20	1
325	46	0	97	237	0	0	3	0	1688	1068	11	1
326	46	0	97	237	0	0	4	0	1688	1184	6	1
327	46	0	97	237	0	0	5	0	1688	1416	4	1
328	46	0	97	237	0	0	6	0	1688	1680	2	1
329	47	0	99	235	0	0	0	0	1688	3952	76	1
330	47	0	99	235	0	0	1	0	1688	1868	39	1
331	47	0	99	235	0	0	2	0	1688	1176	20	1
332	47	0	99	235	0	0	3	0	1688	1068	11	1
333	47	0	99	235	0	0	4	0	1688	1184	6	1
334	47	0	99	235	0	0	5	0	1688	1416	4	1
335	47	0	99	235	0	0	6	0	1688	1680	2	1
336	48	0	101	234	0	0	0	0	1710	4004	77	1
337	48	0	101	234	0	0	1	0	1710	1870	39	1
338	48	0	101	234	0	0	2	0	1710	1182	20	1
339	48	0	101	234	0	0	3	0	1710	1050	10	1
340	48	0	101	234	0	0	4	0	1710	1198	6	1
341	48	0	101	234	0	0	5	0	1710	1434	4	1
342	48	0	101	234	0	0	6	0	1710	1702	2	1
343	49	0	103	232	0	0	0	0	1710	4004	77	1
344	49	0	103	232	0	0	1	0	1710	1870	39	1
345	49	0	103	232	0	0	2	0	1710	1182	20	1
346	49	0	103	232	0	0	3	0	1710	1050	10	1
347	49	0	103	232	0	0	4	0	1710	1198	6	1
348	49	0	103	232	0	0	5	0	1710	1434	4	1
349	49	0	103	232	0	0	6	0	1710	1702	2	1
350	50	0	105	231	0	0	0	0	1732	4056	78	1
351	50	0	105	231	0	0	1	0	1732	1916	40	1
352	50	0	105	231	0	0	2	0	1732	1224	21	1
353	50	0	105	231	0	0	3	0	1732	1088	11	1
354	50	0	105	231	0	0	4	0	1732	1212	6	1
355	50	0	105	231	0	0	5	0	1732	1452	4	1
356	50	0	105	231	0	0	6	0	1732	1724	2	1
357	51	0	107	229	0	0	0	0	1732	4056	78	1
358	51	0	107	229	0	0	1	0	1732	1916	40	1
359	51	0	107	229	0	0	2	0	1732	1188	20	1
360	51	0	107	229	0	0	3	0	1732	1088	11	1
361	51	0	107	229	0	0	4	0	1732	1212	6	1
362	51	0	107	229	0	0	5	0	1732	1452	4	1
363	51	0	107	229	0	0	6	0	1732	1724	2	1
364	52	0	109	228	0	0	0	0	1754	4108	79	1
365	52	0	109	228	0	0	1	0	1754	1918	40	1
366	52	0	109	228	0	0	2	0	1754	1230	21	1
367	52	0	109	228	0	0	3	0	1754	1098	11	1
368	52	0	109	228	0	0	4	0	1754	1226	6	1
369	52	0	109	228	0	0	5	0	1754	1470	4	1
370	52	0	109	228	0	0	6	0	1754	1746	2	1
371	53	0	111	226	0	0	0	0	1754	4108	79	1
372	53	0	111	226	0	0	1	0	1754	1918	40	1
373	53	0	111	226	0	0	2	0	1754	1194	20	1
374	53	0	111	226	0	0	3	0	1754	1070	10	1
375	53	0	111	226	0	0	4	0	1754	1206	5	1
376	53	0	111	226	0	0	5	0	1754	1458	3	1
377	53	0	111	226	0	0	6	0	1754	1746	2	1
378	54	0	113	225	0	0	0	0	1776	4160	80	1
379	54	0	113	225	0	0	1	0	1776	1964	41	1
380	54	0	113	225	0	0	2	0	1776	1236	21	1
381	54	0	113	225	0	0	3	0	1776	1108	11	1
382	54	0	113	225	0	0	4	0	1776	1240	6	1
383	54	0	113	225	0	0	5	0	1776	1476	3	1
384	54	0	113	225	0	0	6	0	1776	1768	2	1
385	55	0	115	223	0	0	0	0	1776	4160	80	1
386	55	0	115	223	0	0	1	0	1776	1964	41	1
387	55	0	115	223	0	0	2	0	1776	1236	21	1
388	55	0	115	223	0	0	3	0	1776	1108	11	1
389	55	0	115	223	0	0	4	0	1776	1240	6	1
390	55	0	115	223	0	0	5	0	1776	1476	3	1
391	55	0	115	223	0	0	6	0	1776	1768	2	1
392	56	0	117	222	0	0	0	0	1798	4212	81	1
393	56	0	117	222	0	0	1	0	1798	1966	41	1
394	56	0	117	222	0	0	2	0	1798	1242	21	1
395	56	0	117	222	0	0	3	0	1798	1118	11	1
396	56	0	117	222	0	0	4	0	1798	1254	6	1
397	56	0	117	222	0	0	5	0	1798	1494	3	1
398	56	0	117	222	0	0	6	0	1798	1790	2	1
399	57	0	119	220	0	0	0	0	1798	4212	81	1
400	57	0	119	220	0	0	1	0	1798	1966	41	1
401	57	0	119	220	0	0	2	0	1798	1242	21	1
402	57	0	119	220	0	0	3	0	1798	1118	11	1
403	57	0	119	220	0	0	4	0	1798	1254	6	1
404	57	0	119	220	0	0	5	0	1798	1494	3	1
405	57	0	119	220	0	0	6	0	1798	1790	2	1
406	58	0	121	219	0	0	0	0	1820	4264	82	1
407	58	0	121	219	0	0	1	0	1820	2012	42	1
408	58	0	121	219	0	0	2	0	1820	1284	22	1
409	58	0	121	219	0	0	3	0	1820	1156	12	1
410	58	0	121	219	0	0	4	0	1820	1268	6	1
411	58	0	121	219	0	0	5	0	1820	1512	3	1
412	58	0	121	219	0	0	6	0	1820	1812	2	1
413	59	0	123	217	0	0	0	0	1820	4264	82	1
414	59	0	123	217	0	0	1	0	1820	2012	42	1
415	59	0	123	217	0	0	2	0	1820	1248	21	1
416	59	0	123	217	0	0	3	0	1820	1128	11	1
417	59	0	123	217	0	0	4	0	1820	1268	6	1
418	59	0	123	217	0	0	5	0	1820	1512	3	1
419	59	0	123	217	0	0	6	0	1820	1812	2	1
420	60	0	125	216	0	0	0	0	1842	4316	83	1
421	60	0	125	216	0	0	1	0	1842	2014	42	1
422	60	0	125	216	0	0	2	0	1842	1290	22	1
423	60	0	125	216	0	0	3	0	1842	1138	11	1
424	60	0	125	216	0	0	4	0	1842	1282	6	1
425	60	0	125	216	0	0	5	0	1842	1530	3	1
426	60	0	125	216	0	0	6	0	1842	1834	2	1
427	61	0	127	214	0	0	0	0	1842	4316	83	1
428	61	0	127	214	0	0	1	0	1842	2014	42	1
429	61	0	127	214	0	0	2	0	1842	1254	21	1
430	61	0	127	214	0	0	3	0	1842	1138	11	1
431	61	0	127	214	0	0	4	0	1842	1282	6	1
432	61	0	127	214	0	0	5	0	1842	1530	3	1
433	61	0	127	214	0	0	6	0	1842	1834	2	1
434	62	0	129	213	0	0	0	0	1864	4320	84	1
435	62	0	129	213	0	0	1	0	1864	2018	43	1
436	62	0	129	213	0	0	2	0	1864	1258	22	1
437	62	0	129	213	0	0	3	0	1864	1142	12	1
438	62	0	129	213	0	0	4	0	1864	1286	7	1
439	62	0	129	213	0	0	5	0	1864	1534	4	1
440	62	0	129	213	0	0	6	0	1864	1838	3	1
441	63	0	131	211	0	0	0	0	1864	4272	84	1
442	63	0	131	211	0	0	1	0	1864	1996	43	1
443	63	0	131	211	0	0	2	0	1864	1264	22	1
444	63	0	131	211	0	0	3	0	1864	1140	12	1
445	63	0	131	211	0	0	4	0	1864	1276	7	1
446	63	0	131	211	0	0	5	0	1864	1516	4	1
447	63	0	131	211	0	0	6	0	1864	1812	3	1
448	64	0	133	210	0	0	0	0	1886	4300	85	1
449	64	0	133	210	0	0	1	0	1886	1990	43	1
450	64	0	133	210	0	0	2	0	1886	1254	22	1
451	64	0	133	210	0	0	3	0	1886	1134	11	1
452	64	0	133	210	0	0	4	0	1886	1274	6	1
453	64	0	133	210	0	0	5	0	1886	1530	4	1
454	64	0	133	210	0	0	6	0	1886	1822	3	1
455	65	0	135	208	0	0	0	0	1886	4252	85	1
456	65	0	135	208	0	0	1	0	1886	1966	43	1
457	65	0	135	208	0	0	2	0	1886	1254	22	1
458	65	0	135	208	0	0	3	0	1886	1134	11	1
459	65	0	135	208	0	0	4	0	1886	1266	6	1
460	65	0	135	208	0	0	5	0	1886	1514	4	1
461	65	0	135	208	0	0	6	0	1886	1798	3	1
462	66	0	137	207	0	0	0	0	1908	4328	86	1
463	66	0	137	207	0	0	1	0	1908	2028	44	1
464	66	0	137	207	0	0	2	0	1908	1296	23	1
465	66	0	137	207	0	0	3	0	1908	1164	12	1
466	66	0	137	207	0	0	4	0	1908	1308	6	1
467	66	0	137	207	0	0	5	0	1908	1552	4	1
468	66	0	137	207	0	0	6	0	1908	1832	3	1
469	67	0	139	205	0	0	0	0	1908	4296	86	1
470	67	0	139	205	0	0	1	0	1908	2012	44	1
471	67	0	139	205	0	0	2	0	1908	1260	22	1
472	67	0	139	205	0	0	3	0	1908	1164	12	1
473	67	0	139	205	0	0	4	0	1908	1308	6	1
474	67	0	139	205	0	0	5	0	1908	1544	4	1
475	67	0	139	205	0	0	6	0	1908	1816	3	1
476	68	0	141	204	0	0	0	0	1930	4316	87	1
477	68	0	141	204	0	0	1	0	1930	1998	44	1
478	68	0	141	204	0	0	2	0	1930	1286	23	1
479	68	0	141	204	0	0	3	0	1930	1174	12	1
480	68	0	141	204	0	0	4	0	1930	1322	6	1
481	68	0	141	204	0	0	5	0	1930	1554	4	1
482	68	0	141	204	0	0	6	0	1930	1822	3	1
483	69	0	143	202	0	0	0	0	1930	4284	87	1
484	69	0	143	202	0	0	1	0	1930	1982	44	1
485	69	0	143	202	0	0	2	0	1930	1250	22	1
486	69	0	143	202	0	0	3	0	1930	1146	11	1
487	69	0	143	202	0	0	4	0	1930	1322	6	1
488	69	0	143	202	0	0	5	0	1930	1546	4	1
489	69	0	143	202	0	0	6	0	1930	1806	3	1
490	70	0	145	201	0	0	0	0	1952	4440	88	1
491	70	0	145	201	0	0	1	0	1952	2084	45	1
492	70	0	145	201	0	0	2	0	1952	1316	23	1
493	70	0	145	201	0	0	3	0	1952	1192	12	1
494	70	0	145	201	0	0	4	0	1952	1356	7	1
495	70	0	145	201	0	0	5	0	1952	1624	4	1
496	70	0	145	201	0	0	6	0	1952	1880	3	1
497	71	0	147	199	0	0	0	0	1952	4424	88	1
498	71	0	147	199	0	0	1	0	1952	2076	45	1
499	71	0	147	199	0	0	2	0	1952	1316	23	1
500	71	0	147	199	0	0	3	0	1952	1192	12	1
501	71	0	147	199	0	0	4	0	1952	1356	7	1
502	71	0	147	199	0	0	5	0	1952	1624	4	1
503	71	0	147	199	0	0	6	0	1952	1872	3	1
504	72	0	149	198	0	0	0	0	1974	4460	89	1
505	72	0	149	198	0	0	1	0	1974	2070	45	1
506	72	0	149	198	0	0	2	0	1974	1314	23	1
507	72	0	149	198	0	0	3	0	1974	1202	12	1
508	72	0	149	198	0	0	4	0	1974	1370	7	1
509	72	0	149	198	0	0	5	0	1974	1642	4	1
510	72	0	149	198	0	0	6	0	1974	1886	3	1
511	73	0	151	196	0	0	0	0	1974	4444	89	1
512	73	0	151	196	0	0	1	0	1974	2062	45	1
513	73	0	151	196	0	0	2	0	1974	1314	23	1
514	73	0	151	196	0	0	3	0	1974	1202	12	1
515	73	0	151	196	0	0	4	0	1974	1370	7	1
516	73	0	151	196	0	0	5	0	1974	1642	4	1
517	73	0	151	196	0	0	6	0	1974	1878	3	1
518	74	0	153	195	0	0	0	0	1996	4480	90	1
519	74	0	153	195	0	0	1	0	1996	2100	46	1
520	74	0	153	195	0	0	2	0	1996	1348	24	1
521	74	0	153	195	0	0	3	0	1996	1232	13	1
522	74	0	153	195	0	0	4	0	1996	1384	7	1
523	74	0	153	195	0	0	5	0	1996	1660	4	1
524	74	0	153	195	0	0	6	0	1996	1892	3	1
525	75	0	155	193	0	0	0	0	1992	4464	90	1
526	75	0	155	193	0	0	1	0	1992	2092	46	1
527	75	0	155	193	0	0	2	0	1992	1312	23	1
528	75	0	155	193	0	0	3	0	1992	1204	12	1
529	75	0	155	193	0	0	4	0	1992	1364	6	1
530	75	0	155	193	0	0	5	0	1992	1648	3	1
531	75	0	155	193	0	0	6	0	1992	1880	2	1
532	76	0	157	192	0	0	0	0	2014	4500	91	1
533	76	0	157	192	0	0	1	0	2014	2086	46	1
534	76	0	157	192	0	0	2	0	2014	1346	24	1
535	76	0	157	192	0	0	3	0	2014	1214	12	1
536	76	0	157	192	0	0	4	0	2014	1378	6	1
537	76	0	157	192	0	0	5	0	2014	1666	3	1
538	76	0	157	192	0	0	6	0	2014	1894	2	1
539	77	0	159	190	0	0	0	0	2014	4484	91	1
540	77	0	159	190	0	0	1	0	2014	2078	46	1
541	77	0	159	190	0	0	2	0	2014	1310	23	1
542	77	0	159	190	0	0	3	0	2014	1214	12	1
543	77	0	159	190	0	0	4	0	2014	1378	6	1
544	77	0	159	190	0	0	5	0	2014	1666	3	1
545	77	0	159	190	0	0	6	0	2014	1886	2	1
546	78	0	161	189	0	0	0	0	2036	4784	92	1
547	78	0	161	189	0	0	1	0	2036	2252	47	1
548	78	0	161	189	0	0	2	0	2036	1416	24	1
549	78	0	161	189	0	0	3	0	2036	1284	13	1
550	78	0	161	189	0	0	4	0	2036	1428	7	1
551	78	0	161	189	0	0	5	0	2036	1704	4	1
552	78	0	161	189	0	0	6	0	2036	2032	2	1
553	79	0	163	187	0	0	0	0	2036	4784	92	1
554	79	0	163	187	0	0	1	0	2036	2252	47	1
555	79	0	163	187	0	0	2	0	2036	1416	24	1
556	79	0	163	187	0	0	3	0	2036	1284	13	1
557	79	0	163	187	0	0	4	0	2036	1428	7	1
558	79	0	163	187	0	0	5	0	2036	1704	4	1
559	79	0	163	187	0	0	6	0	2036	2032	2	1
560	80	0	165	186	0	0	0	0	2058	4836	93	1
561	80	0	165	186	0	0	1	0	2058	2254	47	1
562	80	0	165	186	0	0	2	0	2058	1422	24	1
563	80	0	165	186	0	0	3	0	2058	1266	12	1
564	80	0	165	186	0	0	4	0	2058	1442	7	1
565	80	0	165	186	0	0	5	0	2058	1722	4	1
566	80	0	165	186	0	0	6	0	2058	2054	2	1
567	81	0	167	184	0	0	0	0	2058	4836	93	1
568	81	0	167	184	0	0	1	0	2058	2254	47	1
569	81	0	167	184	0	0	2	0	2058	1422	24	1
570	81	0	167	184	0	0	3	0	2058	1266	12	1
571	81	0	167	184	0	0	4	0	2058	1442	7	1
572	81	0	167	184	0	0	5	0	2058	1722	4	1
573	81	0	167	184	0	0	6	0	2058	2054	2	1
574	82	0	169	183	0	0	0	0	2080	4888	94	1
575	82	0	169	183	0	0	1	0	2080	2300	48	1
576	82	0	169	183	0	0	2	0	2080	1464	25	1
577	82	0	169	183	0	0	3	0	2080	1304	13	1
578	82	0	169	183	0	0	4	0	2080	1456	7	1
579	82	0	169	183	0	0	5	0	2080	1740	4	1
580	82	0	169	183	0	0	6	0	2080	2076	2	1
581	83	0	171	181	0	0	0	0	2080	4888	94	1
582	83	0	171	181	0	0	1	0	2080	2300	48	1
583	83	0	171	181	0	0	2	0	2080	1428	24	1
584	83	0	171	181	0	0	3	0	2080	1304	13	1
585	83	0	171	181	0	0	4	0	2080	1456	7	1
586	83	0	171	181	0	0	5	0	2080	1740	4	1
587	83	0	171	181	0	0	6	0	2080	2076	2	1
588	84	0	173	180	0	0	0	0	2102	4940	95	1
589	84	0	173	180	0	0	1	0	2102	2302	48	1
590	84	0	173	180	0	0	2	0	2102	1470	25	1
591	84	0	173	180	0	0	3	0	2102	1314	13	1
592	84	0	173	180	0	0	4	0	2102	1470	7	1
593	84	0	173	180	0	0	5	0	2102	1758	4	1
594	84	0	173	180	0	0	6	0	2102	2098	2	1
595	85	0	175	178	0	0	0	0	2102	4940	95	1
596	85	0	175	178	0	0	1	0	2102	2302	48	1
597	85	0	175	178	0	0	2	0	2102	1434	24	1
598	85	0	175	178	0	0	3	0	2102	1286	12	1
599	85	0	175	178	0	0	4	0	2102	1450	6	1
600	85	0	175	178	0	0	5	0	2102	1758	4	1
601	85	0	175	178	0	0	6	0	2102	2098	2	1
602	86	0	177	177	0	0	0	0	2124	4992	96	1
603	86	0	177	177	0	0	1	0	2124	2348	49	1
604	86	0	177	177	0	0	2	0	2124	1476	25	1
605	86	0	177	177	0	0	3	0	2124	1324	13	1
606	86	0	177	177	0	0	4	0	2124	1484	7	1
607	86	0	177	177	0	0	5	0	2124	1776	4	1
608	86	0	177	177	0	0	6	0	2124	2120	2	1
609	87	0	179	175	0	0	0	0	2124	4992	96	1
610	87	0	179	175	0	0	1	0	2124	2348	49	1
611	87	0	179	175	0	0	2	0	2124	1476	25	1
612	87	0	179	175	0	0	3	0	2124	1324	13	1
613	87	0	179	175	0	0	4	0	2124	1484	7	1
614	87	0	179	175	0	0	5	0	2124	1776	4	1
615	87	0	179	175	0	0	6	0	2124	2120	2	1
616	88	0	181	174	0	0	0	0	2146	5044	97	1
617	88	0	181	174	0	0	1	0	2146	2350	49	1
618	88	0	181	174	0	0	2	0	2146	1482	25	1
619	88	0	181	174	0	0	3	0	2146	1334	13	1
620	88	0	181	174	0	0	4	0	2146	1498	7	1
621	88	0	181	174	0	0	5	0	2146	1794	4	1
622	88	0	181	174	0	0	6	0	2146	2142	2	1
623	89	0	183	172	0	0	0	0	2146	5044	97	1
624	89	0	183	172	0	0	1	0	2146	2350	49	1
625	89	0	183	172	0	0	2	0	2146	1482	25	1
626	89	0	183	172	0	0	3	0	2146	1334	13	1
627	89	0	183	172	0	0	4	0	2146	1498	7	1
628	89	0	183	172	0	0	5	0	2146	1794	4	1
629	89	0	183	172	0	0	6	0	2146	2142	2	1
630	90	0	185	171	0	0	0	0	2168	5096	98	1
631	90	0	185	171	0	0	1	0	2168	2396	50	1
632	90	0	185	171	0	0	2	0	2168	1524	26	1
633	90	0	185	171	0	0	3	0	2168	1372	14	1
634	90	0	185	171	0	0	4	0	2168	1512	7	1
635	90	0	185	171	0	0	5	0	2168	1812	4	1
636	90	0	185	171	0	0	6	0	2168	2164	2	1
637	91	0	187	169	0	0	0	0	2168	5096	98	1
638	91	0	187	169	0	0	1	0	2168	2396	50	1
639	91	0	187	169	0	0	2	0	2168	1488	25	1
640	91	0	187	169	0	0	3	0	2168	1344	13	1
641	91	0	187	169	0	0	4	0	2168	1512	7	1
642	91	0	187	169	0	0	5	0	2168	1812	4	1
643	91	0	187	169	0	0	6	0	2168	2164	2	1
644	92	0	189	168	0	0	0	0	2190	5148	99	1
645	92	0	189	168	0	0	1	0	2190	2398	50	1
646	92	0	189	168	0	0	2	0	2190	1530	26	1
647	92	0	189	168	0	0	3	0	2190	1354	13	1
648	92	0	189	168	0	0	4	0	2190	1526	7	1
649	92	0	189	168	0	0	5	0	2190	1830	4	1
650	92	0	189	168	0	0	6	0	2190	2186	2	1
651	93	0	191	166	0	0	0	0	2190	5148	99	1
652	93	0	191	166	0	0	1	0	2190	2398	50	1
653	93	0	191	166	0	0	2	0	2190	1494	25	1
654	93	0	191	166	0	0	3	0	2190	1354	13	1
655	93	0	191	166	0	0	4	0	2190	1526	7	1
656	93	0	191	166	0	0	5	0	2190	1830	4	1
657	93	0	191	166	0	0	6	0	2190	2186	2	1
658	94	0	193	165	0	0	0	0	2212	5152	100	1
659	94	0	193	165	0	0	1	0	2212	2402	51	1
660	94	0	193	165	0	0	2	0	2212	1498	26	1
661	94	0	193	165	0	0	3	0	2212	1358	14	1
662	94	0	193	165	0	0	4	0	2212	1530	8	1
663	94	0	193	165	0	0	5	0	2212	1834	5	1
664	94	0	193	165	0	0	6	0	2212	2190	3	1
665	95	0	195	163	0	0	0	0	2212	5104	100	1
666	95	0	195	163	0	0	1	0	2212	2380	51	1
667	95	0	195	163	0	0	2	0	2212	1504	26	1
668	95	0	195	163	0	0	3	0	2212	1356	14	1
669	95	0	195	163	0	0	4	0	2212	1520	8	1
670	95	0	195	163	0	0	5	0	2212	1816	5	1
671	95	0	195	163	0	0	6	0	2212	2164	3	1
672	96	0	197	162	0	0	0	0	2234	5132	101	1
673	96	0	197	162	0	0	1	0	2234	2374	51	1
674	96	0	197	162	0	0	2	0	2234	1494	26	1
675	96	0	197	162	0	0	3	0	2234	1350	13	1
676	96	0	197	162	0	0	4	0	2234	1518	7	1
677	96	0	197	162	0	0	5	0	2234	1818	4	1
678	96	0	197	162	0	0	6	0	2234	2174	3	1
679	97	0	199	160	0	0	0	0	2234	5084	101	1
680	97	0	199	160	0	0	1	0	2234	2350	51	1
681	97	0	199	160	0	0	2	0	2234	1494	26	1
682	97	0	199	160	0	0	3	0	2234	1350	13	1
683	97	0	199	160	0	0	4	0	2234	1510	7	1
684	97	0	199	160	0	0	5	0	2234	1802	4	1
685	97	0	199	160	0	0	6	0	2234	2150	3	1
686	98	0	201	159	0	0	0	0	2256	5160	102	1
687	98	0	201	159	0	0	1	0	2256	2412	52	1
688	98	0	201	159	0	0	2	0	2256	1536	27	1
689	98	0	201	159	0	0	3	0	2256	1380	14	1
690	98	0	201	159	0	0	4	0	2256	1552	7	1
691	98	0	201	159	0	0	5	0	2256	1840	4	1
692	98	0	201	159	0	0	6	0	2256	2184	3	1
693	99	0	203	157	0	0	0	0	2256	5128	102	1
694	99	0	203	157	0	0	1	0	2256	2396	52	1
695	99	0	203	157	0	0	2	0	2256	1500	26	1
696	99	0	203	157	0	0	3	0	2256	1380	14	1
697	99	0	203	157	0	0	4	0	2256	1552	7	1
698	99	0	203	157	0	0	5	0	2256	1832	4	1
699	99	0	203	157	0	0	6	0	2256	2168	3	1
700	100	0	205	156	0	0	0	0	2278	5148	103	1
701	100	0	205	156	0	0	1	0	2278	2382	52	1
702	100	0	205	156	0	0	2	0	2278	1526	27	1
703	100	0	205	156	0	0	3	0	2278	1390	14	1
704	100	0	205	156	0	0	4	0	2278	1566	7	1
705	100	0	205	156	0	0	5	0	2278	1842	4	1
706	100	0	205	156	0	0	6	0	2278	2174	3	1
707	101	0	207	154	0	0	0	0	2278	5116	103	1
708	101	0	207	154	0	0	1	0	2278	2366	52	1
709	101	0	207	154	0	0	2	0	2278	1490	26	1
710	101	0	207	154	0	0	3	0	2278	1362	13	1
711	101	0	207	154	0	0	4	0	2278	1566	7	1
712	101	0	207	154	0	0	5	0	2278	1834	4	1
713	101	0	207	154	0	0	6	0	2278	2158	3	1
714	102	0	209	153	0	0	0	0	2300	5272	104	1
715	102	0	209	153	0	0	1	0	2300	2468	53	1
716	102	0	209	153	0	0	2	0	2300	1556	27	1
717	102	0	209	153	0	0	3	0	2300	1408	14	1
718	102	0	209	153	0	0	4	0	2300	1600	8	1
719	102	0	209	153	0	0	5	0	2300	1912	4	1
720	102	0	209	153	0	0	6	0	2300	2232	3	1
721	103	0	211	151	0	0	0	0	2300	5256	104	1
722	103	0	211	151	0	0	1	0	2300	2460	53	1
723	103	0	211	151	0	0	2	0	2300	1556	27	1
724	103	0	211	151	0	0	3	0	2300	1408	14	1
725	103	0	211	151	0	0	4	0	2300	1600	8	1
726	103	0	211	151	0	0	5	0	2300	1912	4	1
727	103	0	211	151	0	0	6	0	2300	2224	3	1
728	104	0	213	150	0	0	0	0	2322	5292	105	1
729	104	0	213	150	0	0	1	0	2322	2454	53	1
730	104	0	213	150	0	0	2	0	2322	1554	27	1
731	104	0	213	150	0	0	3	0	2322	1418	14	1
732	104	0	213	150	0	0	4	0	2322	1614	8	1
733	104	0	213	150	0	0	5	0	2322	1930	4	1
734	104	0	213	150	0	0	6	0	2322	2238	3	1
735	105	0	215	148	0	0	0	0	2322	5276	105	1
736	105	0	215	148	0	0	1	0	2322	2446	53	1
737	105	0	215	148	0	0	2	0	2322	1554	27	1
738	105	0	215	148	0	0	3	0	2322	1418	14	1
739	105	0	215	148	0	0	4	0	2322	1614	8	1
740	105	0	215	148	0	0	5	0	2322	1930	4	1
741	105	0	215	148	0	0	6	0	2322	2230	3	1
742	106	0	217	147	0	0	0	0	2344	5312	106	1
743	106	0	217	147	0	0	1	0	2344	2484	54	1
744	106	0	217	147	0	0	2	0	2344	1588	28	1
745	106	0	217	147	0	0	3	0	2344	1448	15	1
746	106	0	217	147	0	0	4	0	2344	1628	8	1
747	106	0	217	147	0	0	5	0	2344	1948	4	1
748	106	0	217	147	0	0	6	0	2344	2244	3	1
749	107	0	219	145	0	0	0	0	2344	5296	106	1
750	107	0	219	145	0	0	1	0	2344	2476	54	1
751	107	0	219	145	0	0	2	0	2344	1552	27	1
752	107	0	219	145	0	0	3	0	2344	1420	14	1
753	107	0	219	145	0	0	4	0	2344	1608	7	1
754	107	0	219	145	0	0	5	0	2344	1948	4	1
755	107	0	219	145	0	0	6	0	2344	2236	3	1
756	108	0	221	144	0	0	0	0	2366	5332	107	1
757	108	0	221	144	0	0	1	0	2366	2470	54	1
758	108	0	221	144	0	0	2	0	2366	1586	28	1
759	108	0	221	144	0	0	3	0	2366	1430	14	1
760	108	0	221	144	0	0	4	0	2366	1622	7	1
761	108	0	221	144	0	0	5	0	2366	1966	4	1
762	108	0	221	144	0	0	6	0	2366	2250	3	1
763	109	0	223	142	0	0	0	0	2366	5316	107	1
764	109	0	223	142	0	0	1	0	2366	2462	54	1
765	109	0	223	142	0	0	2	0	2366	1550	27	1
766	109	0	223	142	0	0	3	0	2366	1430	14	1
767	109	0	223	142	0	0	4	0	2366	1622	7	1
768	109	0	223	142	0	0	5	0	2366	1966	4	1
769	109	0	223	142	0	0	6	0	2366	2242	3	1
770	110	0	225	141	0	0	0	0	2388	5616	108	1
771	110	0	225	141	0	0	1	0	2388	2636	55	1
772	110	0	225	141	0	0	2	0	2388	1656	28	1
773	110	0	225	141	0	0	3	0	2388	1500	15	1
774	110	0	225	141	0	0	4	0	2388	1672	8	1
775	110	0	225	141	0	0	5	0	2388	2004	5	1
776	110	0	225	141	0	0	6	0	2388	2388	3	1
777	111	0	227	139	0	0	0	0	2388	5616	108	1
778	111	0	227	139	0	0	1	0	2388	2636	55	1
779	111	0	227	139	0	0	2	0	2388	1656	28	1
780	111	0	227	139	0	0	3	0	2388	1500	15	1
781	111	0	227	139	0	0	4	0	2388	1672	8	1
782	111	0	227	139	0	0	5	0	2388	2004	5	1
783	111	0	227	139	0	0	6	0	2388	2388	3	1
784	112	0	229	138	0	0	0	0	2410	5668	109	1
785	112	0	229	138	0	0	1	0	2410	2638	55	1
786	112	0	229	138	0	0	2	0	2410	1662	28	1
787	112	0	229	138	0	0	3	0	2410	1482	14	1
788	112	0	229	138	0	0	4	0	2410	1686	8	1
789	112	0	229	138	0	0	5	0	2410	2022	5	1
790	112	0	229	138	0	0	6	0	2410	2410	3	1
791	113	0	231	136	0	0	0	0	2410	5668	109	1
792	113	0	231	136	0	0	1	0	2410	2638	55	1
793	113	0	231	136	0	0	2	0	2410	1662	28	1
794	113	0	231	136	0	0	3	0	2410	1482	14	1
795	113	0	231	136	0	0	4	0	2410	1686	8	1
796	113	0	231	136	0	0	5	0	2410	2022	5	1
797	113	0	231	136	0	0	6	0	2410	2410	3	1
798	114	0	233	135	0	0	0	0	2432	5720	110	1
799	114	0	233	135	0	0	1	0	2432	2684	56	1
800	114	0	233	135	0	0	2	0	2432	1704	29	1
801	114	0	233	135	0	0	3	0	2432	1520	15	1
802	114	0	233	135	0	0	4	0	2432	1700	8	1
803	114	0	233	135	0	0	5	0	2432	2040	5	1
804	114	0	233	135	0	0	6	0	2432	2432	3	1
805	115	0	235	133	0	0	0	0	2432	5720	110	1
806	115	0	235	133	0	0	1	0	2432	2684	56	1
807	115	0	235	133	0	0	2	0	2432	1668	28	1
808	115	0	235	133	0	0	3	0	2432	1520	15	1
809	115	0	235	133	0	0	4	0	2432	1700	8	1
810	115	0	235	133	0	0	5	0	2432	2040	5	1
811	115	0	235	133	0	0	6	0	2432	2432	3	1
812	116	0	237	132	0	0	0	0	2454	5772	111	1
813	116	0	237	132	0	0	1	0	2454	2686	56	1
814	116	0	237	132	0	0	2	0	2454	1710	29	1
815	116	0	237	132	0	0	3	0	2454	1530	15	1
816	116	0	237	132	0	0	4	0	2454	1714	8	1
817	116	0	237	132	0	0	5	0	2454	2058	5	1
818	116	0	237	132	0	0	6	0	2454	2454	3	1
819	117	0	239	130	0	0	0	0	2450	5772	111	1
820	117	0	239	130	0	0	1	0	2450	2686	56	1
821	117	0	239	130	0	0	2	0	2450	1674	28	1
822	117	0	239	130	0	0	3	0	2450	1502	14	1
823	117	0	239	130	0	0	4	0	2450	1694	7	1
824	117	0	239	130	0	0	5	0	2450	2046	4	1
825	117	0	239	130	0	0	6	0	2450	2450	2	1
826	118	0	241	129	0	0	0	0	2472	5824	112	1
827	118	0	241	129	0	0	1	0	2472	2732	57	1
828	118	0	241	129	0	0	2	0	2472	1716	29	1
829	118	0	241	129	0	0	3	0	2472	1540	15	1
830	118	0	241	129	0	0	4	0	2472	1728	8	1
831	118	0	241	129	0	0	5	0	2472	2064	4	1
832	118	0	241	129	0	0	6	0	2472	2472	2	1
833	119	0	243	127	0	0	0	0	2472	5824	112	1
834	119	0	243	127	0	0	1	0	2472	2732	57	1
835	119	0	243	127	0	0	2	0	2472	1716	29	1
836	119	0	243	127	0	0	3	0	2472	1540	15	1
837	119	0	243	127	0	0	4	0	2472	1728	8	1
838	119	0	243	127	0	0	5	0	2472	2064	4	1
839	119	0	243	127	0	0	6	0	2472	2472	2	1
840	120	0	245	126	0	0	0	0	2494	5876	113	1
841	120	0	245	126	0	0	1	0	2494	2734	57	1
842	120	0	245	126	0	0	2	0	2494	1722	29	1
843	120	0	245	126	0	0	3	0	2494	1550	15	1
844	120	0	245	126	0	0	4	0	2494	1742	8	1
845	120	0	245	126	0	0	5	0	2494	2082	4	1
846	120	0	245	126	0	0	6	0	2494	2494	2	1
847	121	0	247	124	0	0	0	0	2494	5876	113	1
848	121	0	247	124	0	0	1	0	2494	2734	57	1
849	121	0	247	124	0	0	2	0	2494	1722	29	1
850	121	0	247	124	0	0	3	0	2494	1550	15	1
851	121	0	247	124	0	0	4	0	2494	1742	8	1
852	121	0	247	124	0	0	5	0	2494	2082	4	1
853	121	0	247	124	0	0	6	0	2494	2494	2	1
854	122	0	249	123	0	0	0	0	2516	5928	114	1
855	122	0	249	123	0	0	1	0	2516	2780	58	1
856	122	0	249	123	0	0	2	0	2516	1764	30	1
857	122	0	249	123	0	0	3	0	2516	1588	16	1
858	122	0	249	123	0	0	4	0	2516	1756	8	1
859	122	0	249	123	0	0	5	0	2516	2100	4	1
860	122	0	249	123	0	0	6	0	2516	2516	2	1
861	123	0	251	121	0	0	0	0	2516	5928	114	1
862	123	0	251	121	0	0	1	0	2516	2780	58	1
863	123	0	251	121	0	0	2	0	2516	1728	29	1
864	123	0	251	121	0	0	3	0	2516	1560	15	1
865	123	0	251	121	0	0	4	0	2516	1756	8	1
866	123	0	251	121	0	0	5	0	2516	2100	4	1
867	123	0	251	121	0	0	6	0	2516	2516	2	1
868	124	0	253	120	0	0	0	0	2538	5980	115	1
869	124	0	253	120	0	0	1	0	2538	2782	58	1
870	124	0	253	120	0	0	2	0	2538	1770	30	1
871	124	0	253	120	0	0	3	0	2538	1570	15	1
872	124	0	253	120	0	0	4	0	2538	1770	8	1
873	124	0	253	120	0	0	5	0	2538	2118	4	1
874	124	0	253	120	0	0	6	0	2538	2538	2	1
875	125	0	255	118	0	0	0	0	2538	5980	115	1
876	125	0	255	118	0	0	1	0	2538	2782	58	1
877	125	0	255	118	0	0	2	0	2538	1734	29	1
878	125	0	255	118	0	0	3	0	2538	1570	15	1
879	125	0	255	118	0	0	4	0	2538	1770	8	1
880	125	0	255	118	0	0	5	0	2538	2118	4	1
881	125	0	255	118	0	0	6	0	2538	2538	2	1
882	126	0	256	117	0	0	0	0	2538	5980	115	1
883	126	0	256	117	0	0	1	0	2538	2782	58	1
884	126	0	256	117	0	0	2	0	2538	1734	29	1
885	126	0	256	117	0	0	3	0	2538	1570	15	1
886	126	0	256	117	0	0	4	0	2538	1770	8	1
887	126	0	256	117	0	0	5	0	2538	2118	4	1
888	126	0	256	117	0	0	6	0	2538	2538	2	1
889	127	0	256	115	0	0	0	0	2494	5876	113	1
890	127	0	256	115	0	0	1	0	2494	2734	57	1
891	127	0	256	115	0	0	2	0	2494	1722	29	1
892	127	0	256	115	0	0	3	0	2494	1550	15	1
893	127	0	256	115	0	0	4	0	2494	1742	8	1
894	127	0	256	115	0	0	5	0	2494	2082	4	1
895	127	0	256	115	0	0	6	0	2494	2494	2	1
896	128	0	256	114	0	0	0	0	2472	5824	112	1
897	128	0	256	114	0	0	1	0	2472	2688	56	1
898	128	0	256	114	0	0	2	0	2472	1680	28	1
899	128	0	256	114	0	0	3	0	2472	1512	14	1
900	128	0	256	114	0	0	4	0	2472	1708	7	1
901	128	0	256	114	0	0	5	0	2472	2064	4	1
902	128	0	256	114	0	0	6	0	2472	2472	2	1
903	129	0	256	112	0	0	0	0	2428	5720	110	1
904	129	0	256	112	0	0	1	0	2428	2640	55	1
905	129	0	256	112	0	0	2	0	2428	1668	28	1
906	129	0	256	112	0	0	3	0	2428	1492	14	1
907	129	0	256	112	0	0	4	0	2428	1680	7	1
908	129	0	256	112	0	0	5	0	2428	2028	4	1
909	129	0	256	112	0	0	6	0	2428	2428	2	1
910	130	4	256	111	0	0	0	0	2406	5668	109	1
911	130	4	256	111	0	0	1	0	2406	2638	55	1
912	130	4	256	111	0	0	2	0	2406	1662	28	1
913	130	4	256	111	0	0	3	0	2406	1482	14	1
914	130	4	256	111	0	0	4	0	2406	1666	7	1
915	130	4	256	111	0	0	5	0	2406	2010	4	1
916	130	4	256	111	0	0	6	0	2406	2406	2	1
917	131	7	256	109	0	0	0	0	2362	5564	107	1
918	131	7	256	109	0	0	1	0	2362	2590	54	1
919	131	7	256	109	0	0	2	0	2362	1614	27	1
920	131	7	256	109	0	0	3	0	2362	1462	14	1
921	131	7	256	109	0	0	4	0	2362	1638	7	1
922	131	7	256	109	0	0	5	0	2362	1974	4	1
923	131	7	256	109	0	0	6	0	2362	2362	2	1
924	132	11	256	108	0	0	0	0	2340	5512	106	1
925	132	11	256	108	0	0	1	0	2340	2544	53	1
926	132	11	256	108	0	0	2	0	2340	1608	27	1
927	132	11	256	108	0	0	3	0	2340	1452	14	1
928	132	11	256	108	0	0	4	0	2340	1624	7	1
929	132	11	256	108	0	0	5	0	2340	1956	4	1
930	132	11	256	108	0	0	6	0	2340	2340	2	1
931	133	14	256	106	0	0	0	0	2296	5408	104	1
932	133	14	256	106	0	0	1	0	2296	2496	52	1
933	133	14	256	106	0	0	2	0	2296	1560	26	1
934	133	14	256	106	0	0	3	0	2296	1404	13	1
935	133	14	256	106	0	0	4	0	2296	1596	7	1
936	133	14	256	106	0	0	5	0	2296	1920	4	1
937	133	14	256	106	0	0	6	0	2296	2296	2	1
938	134	18	256	105	0	0	0	0	2274	5356	103	1
939	134	18	256	105	0	0	1	0	2274	2494	52	1
940	134	18	256	105	0	0	2	0	2274	1554	26	1
941	134	18	256	105	0	0	3	0	2274	1394	13	1
942	134	18	256	105	0	0	4	0	2274	1582	7	1
943	134	18	256	105	0	0	5	0	2274	1902	4	1
944	134	18	256	105	0	0	6	0	2274	2274	2	1
945	135	21	256	103	0	0	0	0	2230	5252	101	1
946	135	21	256	103	0	0	1	0	2230	2446	51	1
947	135	21	256	103	0	0	2	0	2230	1542	26	1
948	135	21	256	103	0	0	3	0	2230	1374	13	1
949	135	21	256	103	0	0	4	0	2230	1554	7	1
950	135	21	256	103	0	0	5	0	2230	1866	4	1
951	135	21	256	103	0	0	6	0	2230	2230	2	1
952	136	25	256	102	0	0	0	0	2208	5200	100	1
953	136	25	256	102	0	0	1	0	2208	2400	50	1
954	136	25	256	102	0	0	2	0	2208	1500	25	1
955	136	25	256	102	0	0	3	0	2208	1364	13	1
956	136	25	256	102	0	0	4	0	2208	1540	7	1
957	136	25	256	102	0	0	5	0	2208	1848	4	1
958	136	25	256	102	0	0	6	0	2208	2208	2	1
959	137	28	256	100	0	0	0	0	2164	5096	98	1
960	137	28	256	100	0	0	1	0	2164	2352	49	1
961	137	28	256	100	0	0	2	0	2164	1488	25	1
962	137	28	256	100	0	0	3	0	2164	1344	13	1
963	137	28	256	100	0	0	4	0	2164	1512	7	1
964	137	28	256	100	0	0	5	0	2164	1812	4	1
965	137	28	256	100	0	0	6	0	2164	2164	2	1
966	138	31	256	99	0	0	0	0	2142	5044	97	1
967	138	31	256	99	0	0	1	0	2142	2350	49	1
968	138	31	256	99	0	0	2	0	2142	1482	25	1
969	138	31	256	99	0	0	3	0	2142	1334	13	1
970	138	31	256	99	0	0	4	0	2142	1498	7	1
971	138	31	256	99	0	0	5	0	2142	1794	4	1
972	138	31	256	99	0	0	6	0	2142	2142	2	1
973	139	35	256	97	0	0	0	0	2098	4940	95	1
974	139	35	256	97	0	0	1	0	2098	2302	48	1
975	139	35	256	97	0	0	2	0	2098	1434	24	1
976	139	35	256	97	0	0	3	0	2098	1286	12	1
977	139	35	256	97	0	0	4	0	2098	1450	6	1
978	139	35	256	97	0	0	5	0	2098	1746	3	1
979	139	35	256	97	0	0	6	0	2098	2098	2	1
980	140	38	256	96	0	0	0	0	2076	4888	94	1
981	140	38	256	96	0	0	1	0	2076	2256	47	1
982	140	38	256	96	0	0	2	0	2076	1428	24	1
983	140	38	256	96	0	0	3	0	2076	1276	12	1
984	140	38	256	96	0	0	4	0	2076	1436	6	1
985	140	38	256	96	0	0	5	0	2076	1728	3	1
986	140	38	256	96	0	0	6	0	2076	2076	2	1
987	141	42	256	94	0	0	0	0	2032	4784	92	1
988	141	42	256	94	0	0	1	0	2032	2208	46	1
989	141	42	256	94	0	0	2	0	2032	1380	23	1
990	141	42	256	94	0	0	3	0	2032	1256	12	1
991	141	42	256	94	0	0	4	0	2032	1408	6	1
992	141	42	256	94	0	0	5	0	2032	1692	3	1
993	141	42	256	94	0	0	6	0	2032	2032	2	1
994	142	45	256	93	0	0	0	0	2010	4732	91	1
995	142	45	256	93	0	0	1	0	2010	2206	46	1
996	142	45	256	93	0	0	2	0	2010	1374	23	1
997	142	45	256	93	0	0	3	0	2010	1246	12	1
998	142	45	256	93	0	0	4	0	2010	1394	6	1
999	142	45	256	93	0	0	5	0	2010	1674	3	1
1000	142	45	256	93	0	0	6	0	2010	2010	2	1
1001	143	49	256	91	0	0	0	0	1966	4628	89	1
1002	143	49	256	91	0	0	1	0	1966	2158	45	1
1003	143	49	256	91	0	0	2	0	1966	1362	23	1
1004	143	49	256	91	0	0	3	0	1966	1226	12	1
1005	143	49	256	91	0	0	4	0	1966	1366	6	1
1006	143	49	256	91	0	0	5	0	1966	1638	3	1
1007	143	49	256	91	0	0	6	0	1966	1966	2	1
1008	144	52	256	89	0	0	0	0	1922	4524	87	1
1009	144	52	256	89	0	0	1	0	1922	2110	44	1
1010	144	52	256	89	0	0	2	0	1922	1314	22	1
1011	144	52	256	89	0	0	3	0	1922	1178	11	1
1012	144	52	256	89	0	0	4	0	1922	1338	6	1
1013	144	52	256	89	0	0	5	0	1922	1602	3	1
1014	144	52	256	89	0	0	6	0	1922	1922	2	1
1015	145	56	256	88	0	0	0	0	1900	4472	86	1
1016	145	56	256	88	0	0	1	0	1900	2064	43	1
1017	145	56	256	88	0	0	2	0	1900	1308	22	1
1018	145	56	256	88	0	0	3	0	1900	1168	11	1
1019	145	56	256	88	0	0	4	0	1900	1324	6	1
1020	145	56	256	88	0	0	5	0	1900	1584	3	1
1021	145	56	256	88	0	0	6	0	1900	1900	2	1
1022	146	59	256	86	0	0	0	0	1856	4368	84	1
1023	146	59	256	86	0	0	1	0	1856	2016	42	1
1024	146	59	256	86	0	0	2	0	1856	1260	21	1
1025	146	59	256	86	0	0	3	0	1856	1148	11	1
1026	146	59	256	86	0	0	4	0	1856	1296	6	1
1027	146	59	256	86	0	0	5	0	1856	1548	3	1
1028	146	59	256	86	0	0	6	0	1856	1856	2	1
1029	147	63	256	85	0	0	0	0	1834	4316	83	1
1030	147	63	256	85	0	0	1	0	1834	2014	42	1
1031	147	63	256	85	0	0	2	0	1834	1254	21	1
1032	147	63	256	85	0	0	3	0	1834	1138	11	1
1033	147	63	256	85	0	0	4	0	1834	1282	6	1
1034	147	63	256	85	0	0	5	0	1834	1530	3	1
1035	147	63	256	85	0	0	6	0	1834	1834	2	1
1036	148	66	256	83	0	0	0	0	1790	4212	81	1
1037	148	66	256	83	0	0	1	0	1790	1966	41	1
1038	148	66	256	83	0	0	2	0	1790	1242	21	1
1039	148	66	256	83	0	0	3	0	1790	1118	11	1
1040	148	66	256	83	0	0	4	0	1790	1254	6	1
1041	148	66	256	83	0	0	5	0	1790	1494	3	1
1042	148	66	256	83	0	0	6	0	1790	1790	2	1
1043	149	69	256	82	0	0	0	0	1768	4160	80	1
1044	149	69	256	82	0	0	1	0	1768	1920	40	1
1045	149	69	256	82	0	0	2	0	1768	1200	20	1
1046	149	69	256	82	0	0	3	0	1768	1080	10	1
1047	149	69	256	82	0	0	4	0	1768	1220	5	1
1048	149	69	256	82	0	0	5	0	1768	1476	3	1
1049	149	69	256	82	0	0	6	0	1768	1768	2	1
1050	150	73	256	80	0	0	0	0	1724	4056	78	1
1051	150	73	256	80	0	0	1	0	1724	1872	39	1
1052	150	73	256	80	0	0	2	0	1724	1188	20	1
1053	150	73	256	80	0	0	3	0	1724	1060	10	1
1054	150	73	256	80	0	0	4	0	1724	1192	5	1
1055	150	73	256	80	0	0	5	0	1724	1440	3	1
1056	150	73	256	80	0	0	6	0	1724	1724	2	1
1057	151	76	256	79	0	0	0	0	1702	4004	77	1
1058	151	76	256	79	0	0	1	0	1702	1870	39	1
1059	151	76	256	79	0	0	2	0	1702	1182	20	1
1060	151	76	256	79	0	0	3	0	1702	1050	10	1
1061	151	76	256	79	0	0	4	0	1702	1178	5	1
1062	151	76	256	79	0	0	5	0	1702	1422	3	1
1063	151	76	256	79	0	0	6	0	1702	1702	2	1
1064	152	80	256	77	0	0	0	0	1658	3900	75	1
1065	152	80	256	77	0	0	1	0	1658	1822	38	1
1066	152	80	256	77	0	0	2	0	1658	1134	19	1
1067	152	80	256	77	0	0	3	0	1658	1030	10	1
1068	152	80	256	77	0	0	4	0	1658	1150	5	1
1069	152	80	256	77	0	0	5	0	1658	1386	3	1
1070	152	80	256	77	0	0	6	0	1658	1658	2	1
1071	153	83	256	76	0	0	0	0	1636	3848	74	1
1072	153	83	256	76	0	0	1	0	1636	1776	37	1
1073	153	83	256	76	0	0	2	0	1636	1128	19	1
1074	153	83	256	76	0	0	3	0	1636	1020	10	1
1075	153	83	256	76	0	0	4	0	1636	1136	5	1
1076	153	83	256	76	0	0	5	0	1636	1368	3	1
1077	153	83	256	76	0	0	6	0	1636	1636	2	1
1078	154	87	256	74	0	0	0	0	1592	3744	72	1
1079	154	87	256	74	0	0	1	0	1592	1728	36	1
1080	154	87	256	74	0	0	2	0	1592	1080	18	1
1081	154	87	256	74	0	0	3	0	1592	972	9	1
1082	154	87	256	74	0	0	4	0	1592	1108	5	1
1083	154	87	256	74	0	0	5	0	1592	1332	3	1
1084	154	87	256	74	0	0	6	0	1592	1592	2	1
1085	155	90	256	73	0	0	0	0	1570	3692	71	1
1086	155	90	256	73	0	0	1	0	1570	1726	36	1
1087	155	90	256	73	0	0	2	0	1570	1074	18	1
1088	155	90	256	73	0	0	3	0	1570	962	9	1
1089	155	90	256	73	0	0	4	0	1570	1094	5	1
1090	155	90	256	73	0	0	5	0	1570	1314	3	1
1091	155	90	256	73	0	0	6	0	1570	1570	2	1
1092	156	94	256	71	0	0	0	0	1526	3588	69	1
1093	156	94	256	71	0	0	1	0	1526	1678	35	1
1094	156	94	256	71	0	0	2	0	1526	1062	18	1
1095	156	94	256	71	0	0	3	0	1526	942	9	1
1096	156	94	256	71	0	0	4	0	1526	1066	5	1
1097	156	94	256	71	0	0	5	0	1526	1278	3	1
1098	156	94	256	71	0	0	6	0	1526	1526	2	1
1099	157	97	256	70	0	0	0	0	1504	3536	68	1
1100	157	97	256	70	0	0	1	0	1504	1632	34	1
1101	157	97	256	70	0	0	2	0	1504	1020	17	1
1102	157	97	256	70	0	0	3	0	1504	932	9	1
1103	157	97	256	70	0	0	4	0	1504	1052	5	1
1104	157	97	256	70	0	0	5	0	1504	1260	3	1
1105	157	97	256	70	0	0	6	0	1504	1504	2	1
1106	158	101	256	68	0	0	0	0	1460	3432	66	1
1107	158	101	256	68	0	0	1	0	1460	1584	33	1
1108	158	101	256	68	0	0	2	0	1460	1008	17	1
1109	158	101	256	68	0	0	3	0	1460	912	9	1
1110	158	101	256	68	0	0	4	0	1460	1024	5	1
1111	158	101	256	68	0	0	5	0	1460	1224	3	1
1112	158	101	256	68	0	0	6	0	1460	1460	2	1
1113	159	104	256	67	0	0	0	0	1438	3380	65	1
1114	159	104	256	67	0	0	1	0	1438	1582	33	1
1115	159	104	256	67	0	0	2	0	1438	1002	17	1
1116	159	104	256	67	0	0	3	0	1438	902	9	1
1117	159	104	256	67	0	0	4	0	1438	1010	5	1
1118	159	104	256	67	0	0	5	0	1438	1206	3	1
1119	159	104	256	67	0	0	6	0	1438	1438	2	1
1120	160	107	256	65	0	0	0	0	1390	3276	63	1
1121	160	107	256	65	0	0	1	0	1390	1534	32	1
1122	160	107	256	65	0	0	2	0	1390	954	16	1
1123	160	107	256	65	0	0	3	0	1390	854	8	1
1124	160	107	256	65	0	0	4	0	1390	962	4	1
1125	160	107	256	65	0	0	5	0	1390	1158	2	1
1126	160	107	256	65	0	0	6	0	1390	1390	1	1
1127	161	111	256	64	0	0	0	0	1368	3224	62	1
1128	161	111	256	64	0	0	1	0	1368	1488	31	1
1129	161	111	256	64	0	0	2	0	1368	948	16	1
1130	161	111	256	64	0	0	3	0	1368	844	8	1
1131	161	111	256	64	0	0	4	0	1368	948	4	1
1132	161	111	256	64	0	0	5	0	1368	1140	2	1
1133	161	111	256	64	0	0	6	0	1368	1368	1	1
1134	162	114	256	62	0	0	0	0	1324	3120	60	1
1135	162	114	256	62	0	0	1	0	1324	1440	30	1
1136	162	114	256	62	0	0	2	0	1324	900	15	1
1137	162	114	256	62	0	0	3	0	1324	824	8	1
1138	162	114	256	62	0	0	4	0	1324	920	4	1
1139	162	114	256	62	0	0	5	0	1324	1104	2	1
1140	162	114	256	62	0	0	6	0	1324	1324	1	1
1141	163	118	256	61	0	0	0	0	1302	3068	59	1
1142	163	118	256	61	0	0	1	0	1302	1438	30	1
1143	163	118	256	61	0	0	2	0	1302	894	15	1
1144	163	118	256	61	0	0	3	0	1302	814	8	1
1145	163	118	256	61	0	0	4	0	1302	906	4	1
1146	163	118	256	61	0	0	5	0	1302	1086	2	1
1147	163	118	256	61	0	0	6	0	1302	1302	1	1
1148	164	121	256	59	0	0	0	0	1258	2964	57	1
1149	164	121	256	59	0	0	1	0	1258	1390	29	1
1150	164	121	256	59	0	0	2	0	1258	882	15	1
1151	164	121	256	59	0	0	3	0	1258	794	8	1
1152	164	121	256	59	0	0	4	0	1258	878	4	1
1153	164	121	256	59	0	0	5	0	1258	1050	2	1
1154	164	121	256	59	0	0	6	0	1258	1258	1	1
1155	165	125	256	58	0	0	0	0	1236	2912	56	1
1156	165	125	256	58	0	0	1	0	1236	1344	28	1
1157	165	125	256	58	0	0	2	0	1236	840	14	1
1158	165	125	256	58	0	0	3	0	1236	756	7	1
1159	165	125	256	58	0	0	4	0	1236	864	4	1
1160	165	125	256	58	0	0	5	0	1236	1032	2	1
1161	165	125	256	58	0	0	6	0	1236	1236	1	1
1162	166	128	256	56	0	0	0	0	1192	2808	54	1
1163	166	128	256	56	0	0	1	0	1192	1296	27	1
1164	166	128	256	56	0	0	2	0	1192	828	14	1
1165	166	128	256	56	0	0	3	0	1192	736	7	1
1166	166	128	256	56	0	0	4	0	1192	836	4	1
1167	166	128	256	56	0	0	5	0	1192	996	2	1
1168	166	128	256	56	0	0	6	0	1192	1192	1	1
1169	167	132	256	55	0	0	0	0	1170	2756	53	1
1170	167	132	256	55	0	0	1	0	1170	1294	27	1
1171	167	132	256	55	0	0	2	0	1170	822	14	1
1172	167	132	256	55	0	0	3	0	1170	726	7	1
1173	167	132	256	55	0	0	4	0	1170	822	4	1
1174	167	132	256	55	0	0	5	0	1170	978	2	1
1175	167	132	256	55	0	0	6	0	1170	1170	1	1
1176	168	135	256	53	0	0	0	0	1126	2652	51	1
1177	168	135	256	53	0	0	1	0	1126	1246	26	1
1178	168	135	256	53	0	0	2	0	1126	774	13	1
1179	168	135	256	53	0	0	3	0	1126	706	7	1
1180	168	135	256	53	0	0	4	0	1126	794	4	1
1181	168	135	256	53	0	0	5	0	1126	942	2	1
1182	168	135	256	53	0	0	6	0	1126	1126	1	1
1183	169	139	256	52	0	0	0	0	1104	2600	50	1
1184	169	139	256	52	0	0	1	0	1104	1200	25	1
1185	169	139	256	52	0	0	2	0	1104	768	13	1
1186	169	139	256	52	0	0	3	0	1104	696	7	1
1187	169	139	256	52	0	0	4	0	1104	780	4	1
1188	169	139	256	52	0	0	5	0	1104	924	2	1
1189	169	139	256	52	0	0	6	0	1104	1104	1	1
1190	170	142	256	50	0	0	0	0	1060	2496	48	1
1191	170	142	256	50	0	0	1	0	1060	1152	24	1
1192	170	142	256	50	0	0	2	0	1060	720	12	1
1193	170	142	256	50	0	0	3	0	1060	648	6	1
1194	170	142	256	50	0	0	4	0	1060	732	3	1
1195	170	142	256	50	0	0	5	0	1060	888	2	1
1196	170	142	256	50	0	0	6	0	1060	1060	1	1
1197	171	145	256	49	0	0	0	0	1038	2444	47	1
1198	171	145	256	49	0	0	1	0	1038	1150	24	1
1199	171	145	256	49	0	0	2	0	1038	714	12	1
1200	171	145	256	49	0	0	3	0	1038	638	6	1
1201	171	145	256	49	0	0	4	0	1038	718	3	1
1202	171	145	256	49	0	0	5	0	1038	870	2	1
1203	171	145	256	49	0	0	6	0	1038	1038	1	1
1204	172	149	256	47	0	0	0	0	994	2340	45	1
1205	172	149	256	47	0	0	1	0	994	1102	23	1
1206	172	149	256	47	0	0	2	0	994	702	12	1
1207	172	149	256	47	0	0	3	0	994	618	6	1
1208	172	149	256	47	0	0	4	0	994	690	3	1
1209	172	149	256	47	0	0	5	0	994	834	2	1
1210	172	149	256	47	0	0	6	0	994	994	1	1
1211	173	152	256	46	0	0	0	0	972	2288	44	1
1212	173	152	256	46	0	0	1	0	972	1056	22	1
1213	173	152	256	46	0	0	2	0	972	660	11	1
1214	173	152	256	46	0	0	3	0	972	608	6	1
1215	173	152	256	46	0	0	4	0	972	676	3	1
1216	173	152	256	46	0	0	5	0	972	816	2	1
1217	173	152	256	46	0	0	6	0	972	972	1	1
1218	174	156	256	44	0	0	0	0	928	2184	42	1
1219	174	156	256	44	0	0	1	0	928	1008	21	1
1220	174	156	256	44	0	0	2	0	928	648	11	1
1221	174	156	256	44	0	0	3	0	928	588	6	1
1222	174	156	256	44	0	0	4	0	928	648	3	1
1223	174	156	256	44	0	0	5	0	928	780	2	1
1224	174	156	256	44	0	0	6	0	928	928	1	1
1225	175	159	256	43	0	0	0	0	906	2132	41	1
1226	175	159	256	43	0	0	1	0	906	1006	21	1
1227	175	159	256	43	0	0	2	0	906	642	11	1
1228	175	159	256	43	0	0	3	0	906	578	6	1
1229	175	159	256	43	0	0	4	0	906	634	3	1
1230	175	159	256	43	0	0	5	0	906	762	2	1
1231	175	159	256	43	0	0	6	0	906	906	1	1
1232	176	163	256	41	0	0	0	0	862	2028	39	1
1233	176	163	256	41	0	0	1	0	862	958	20	1
1234	176	163	256	41	0	0	2	0	862	594	10	1
1235	176	163	256	41	0	0	3	0	862	530	5	1
1236	176	163	256	41	0	0	4	0	862	606	3	1
1237	176	163	256	41	0	0	5	0	862	726	2	1
1238	176	163	256	41	0	0	6	0	862	862	1	1
1239	177	166	256	40	0	0	0	0	840	1976	38	1
1240	177	166	256	40	0	0	1	0	840	912	19	1
1241	177	166	256	40	0	0	2	0	840	588	10	1
1242	177	166	256	40	0	0	3	0	840	520	5	1
1243	177	166	256	40	0	0	4	0	840	592	3	1
1244	177	166	256	40	0	0	5	0	840	708	2	1
1245	177	166	256	40	0	0	6	0	840	840	1	1
1246	178	170	256	38	0	0	0	0	796	1872	36	1
1247	178	170	256	38	0	0	1	0	796	864	18	1
1248	178	170	256	38	0	0	2	0	796	540	9	1
1249	178	170	256	38	0	0	3	0	796	500	5	1
1250	178	170	256	38	0	0	4	0	796	564	3	1
1251	178	170	256	38	0	0	5	0	796	672	2	1
1252	178	170	256	38	0	0	6	0	796	796	1	1
1253	179	173	256	37	0	0	0	0	774	1820	35	1
1254	179	173	256	37	0	0	1	0	774	862	18	1
1255	179	173	256	37	0	0	2	0	774	534	9	1
1256	179	173	256	37	0	0	3	0	774	490	5	1
1257	179	173	256	37	0	0	4	0	774	550	3	1
1258	179	173	256	37	0	0	5	0	774	654	2	1
1259	179	173	256	37	0	0	6	0	774	774	1	1
1260	180	177	256	35	0	0	0	0	730	1716	33	1
1261	180	177	256	35	0	0	1	0	730	814	17	1
1262	180	177	256	35	0	0	2	0	730	522	9	1
1263	180	177	256	35	0	0	3	0	730	470	5	1
1264	180	177	256	35	0	0	4	0	730	522	3	1
1265	180	177	256	35	0	0	5	0	730	618	2	1
1266	180	177	256	35	0	0	6	0	730	730	1	1
1267	181	180	256	34	0	0	0	0	708	1664	32	1
1268	181	180	256	34	0	0	1	0	708	768	16	1
1269	181	180	256	34	0	0	2	0	708	480	8	1
1270	181	180	256	34	0	0	3	0	708	432	4	1
1271	181	180	256	34	0	0	4	0	708	488	2	1
1272	181	180	256	34	0	0	5	0	708	588	1	1
1273	181	180	256	34	0	0	6	0	708	708	1	1
1274	182	183	256	32	0	0	0	0	664	1560	30	1
1275	182	183	256	32	0	0	1	0	664	720	15	1
1276	182	183	256	32	0	0	2	0	664	468	8	1
1277	182	183	256	32	0	0	3	0	664	412	4	1
1278	182	183	256	32	0	0	4	0	664	460	2	1
1279	182	183	256	32	0	0	5	0	664	552	1	1
1280	182	183	256	32	0	0	6	0	664	664	1	1
1281	183	187	256	31	0	0	0	0	642	1508	29	1
1282	183	187	256	31	0	0	1	0	642	718	15	1
1283	183	187	256	31	0	0	2	0	642	462	8	1
1284	183	187	256	31	0	0	3	0	642	402	4	1
1285	183	187	256	31	0	0	4	0	642	446	2	1
1286	183	187	256	31	0	0	5	0	642	534	1	1
1287	183	187	256	31	0	0	6	0	642	642	1	1
1288	184	190	256	29	0	0	0	0	598	1404	27	1
1289	184	190	256	29	0	0	1	0	598	670	14	1
1290	184	190	256	29	0	0	2	0	598	414	7	1
1291	184	190	256	29	0	0	3	0	598	382	4	1
1292	184	190	256	29	0	0	4	0	598	418	2	1
1293	184	190	256	29	0	0	5	0	598	498	1	1
1294	184	190	256	29	0	0	6	0	598	598	1	1
1295	185	194	256	28	0	0	0	0	576	936	26	1
1296	185	194	256	28	0	0	1	0	576	416	13	1
1297	185	194	256	28	0	0	2	0	576	296	7	1
1298	185	194	256	28	0	0	3	0	576	308	4	1
1299	185	194	256	28	0	0	4	0	576	372	2	1
1300	185	194	256	28	0	0	5	0	576	468	1	1
1301	185	194	256	28	0	0	6	0	576	572	1	1
1302	186	197	256	26	0	0	0	0	532	864	24	1
1303	186	197	256	26	0	0	1	0	532	384	12	1
1304	186	197	256	26	0	0	2	0	532	264	6	1
1305	186	197	256	26	0	0	3	0	532	276	3	1
1306	186	197	256	26	0	0	4	0	532	344	2	1
1307	186	197	256	26	0	0	5	0	532	432	1	1
1308	186	197	256	26	0	0	6	0	532	528	1	1
1309	187	201	256	25	0	0	0	0	510	828	23	1
1310	187	201	256	25	0	0	1	0	510	382	12	1
1311	187	201	256	25	0	0	2	0	510	258	6	1
1312	187	201	256	25	0	0	3	0	510	266	3	1
1313	187	201	256	25	0	0	4	0	510	330	2	1
1314	187	201	256	25	0	0	5	0	510	414	1	1
1315	187	201	256	25	0	0	6	0	510	506	1	1
1316	188	204	256	23	0	0	0	0	466	756	21	1
1317	188	204	256	23	0	0	1	0	466	350	11	1
1318	188	204	256	23	0	0	2	0	466	246	6	1
1319	188	204	256	23	0	0	3	0	466	246	3	1
1320	188	204	256	23	0	0	4	0	466	302	2	1
1321	188	204	256	23	0	0	5	0	466	378	1	1
1322	188	204	256	23	0	0	6	0	466	462	1	1
1323	189	208	256	22	0	0	0	0	444	720	20	1
1324	189	208	256	22	0	0	1	0	444	320	10	1
1325	189	208	256	22	0	0	2	0	444	220	5	1
1326	189	208	256	22	0	0	3	0	444	236	3	1
1327	189	208	256	22	0	0	4	0	444	288	2	1
1328	189	208	256	22	0	0	5	0	444	360	1	1
1329	189	208	256	22	0	0	6	0	444	440	1	1
1330	190	211	256	20	0	0	0	0	400	648	18	1
1331	190	211	256	20	0	0	1	0	400	288	9	1
1332	190	211	256	20	0	0	2	0	400	208	5	1
1333	190	211	256	20	0	0	3	0	400	216	3	1
1334	190	211	256	20	0	0	4	0	400	260	2	1
1335	190	211	256	20	0	0	5	0	400	324	1	1
1336	190	211	256	20	0	0	6	0	400	396	1	1
1337	191	215	256	19	0	0	0	0	378	612	17	1
1338	191	215	256	19	0	0	1	0	378	286	9	1
1339	191	215	256	19	0	0	2	0	378	202	5	1
1340	191	215	256	19	0	0	3	0	378	206	3	1
1341	191	215	256	19	0	0	4	0	378	246	2	1
1342	191	215	256	19	0	0	5	0	378	306	1	1
1343	191	215	256	19	0	0	6	0	378	374	1	1
1344	192	218	256	17	0	0	0	0	334	540	15	1
1345	192	218	256	17	0	0	1	0	334	254	8	1
1346	192	218	256	17	0	0	2	0	334	170	4	1
1347	192	218	256	17	0	0	3	0	334	174	2	1
1348	192	218	256	17	0	0	4	0	334	214	1	1
1349	192	218	256	17	0	0	5	0	334	270	1	1
1350	192	218	256	17	0	0	6	0	334	330	1	1
1351	193	221	256	16	0	0	0	0	312	504	14	1
1352	193	221	256	16	0	0	1	0	312	224	7	1
1353	193	221	256	16	0	0	2	0	312	164	4	1
1354	193	221	256	16	0	0	3	0	312	164	2	1
1355	193	221	256	16	0	0	4	0	312	200	1	1
1356	193	221	256	16	0	0	5	0	312	252	1	1
1357	193	221	256	16	0	0	6	0	312	308	1	1
1358	194	225	256	14	0	0	0	0	268	336	12	1
1359	194	225	256	14	0	0	1	0	268	144	6	1
1360	194	225	256	14	0	0	2	0	268	108	3	1
1361	194	225	256	14	0	0	3	0	268	128	2	1
1362	194	225	256	14	0	0	4	0	268	168	1	1
1363	194	225	256	14	0	0	5	0	268	216	1	1
1364	194	225	256	14	0	0	6	0	268	216	1	1
1365	195	228	256	13	0	0	0	0	246	308	11	1
1366	195	228	256	13	0	0	1	0	246	142	6	1
1367	195	228	256	13	0	0	2	0	246	102	3	1
1368	195	228	256	13	0	0	3	0	246	118	2	1
1369	195	228	256	13	0	0	4	0	246	154	1	1
1370	195	228	256	13	0	0	5	0	246	198	1	1
1371	195	228	256	13	0	0	6	0	246	198	1	1
1372	196	232	256	11	0	0	0	0	202	252	9	1
1373	196	232	256	11	0	0	1	0	202	118	5	1
1374	196	232	256	11	0	0	2	0	202	90	3	1
1375	196	232	256	11	0	0	3	0	202	98	2	1
1376	196	232	256	11	0	0	4	0	202	126	1	1
1377	196	232	256	11	0	0	5	0	202	162	1	1
1378	196	232	256	11	0	0	6	0	202	162	1	1
1379	197	235	256	10	0	0	0	0	180	224	8	1
1380	197	235	256	10	0	0	1	0	180	96	4	1
1381	197	235	256	10	0	0	2	0	180	72	2	1
1382	197	235	256	10	0	0	3	0	180	84	1	1
1383	197	235	256	10	0	0	4	0	180	112	1	1
1384	197	235	256	10	0	0	5	0	180	144	1	1
1385	197	235	256	10	0	0	6	0	180	144	1	1
1386	198	239	256	8	0	0	0	0	136	168	6	1
1387	198	239	256	8	0	0	1	0	136	72	3	1
1388	198	239	256	8	0	0	2	0	136	60	2	1
1389	198	239	256	8	0	0	3	0	136	64	1	1
1390	198	239	256	8	0	0	4	0	136	84	1	1
1391	198	239	256	8	0	0	5	0	136	108	1	1
1392	198	239	256	8	0	0	6	0	136	108	1	1
1393	199	242	256	7	0	0	0	0	114	100	5	1
1394	199	242	256	7	0	0	1	0	114	46	3	1
1395	199	242	256	7	0	0	2	0	114	38	2	1
1396	199	242	256	7	0	0	3	0	114	50	1	1
1397	199	242	256	7	0	0	4	0	114	70	1	1
1398	199	242	256	7	0	0	5	0	114	70	1	1
1399	199	242	256	7	0	0	6	0	114	70	1	1
1400	200	246	256	5	0	0	0	0	70	60	3	1
1401	200	246	256	5	0	0	1	0	70	30	2	1
1402	200	246	256	5	0	0	2	0	70	22	1	1
1403	200	246	256	5	0	0	3	0	70	30	1	1
1404	200	246	256	5	0	0	4	0	70	42	1	1
1405	200	246	256	5	0	0	5	0	70	42	1	1
1406	200	246	256	5	0	0	6	0	70	42	1	1
1407	201	249	256	4	0	0	0	0	48	24	2	1
1408	201	249	256	4	0	0	1	0	48	8	1	1
1409	201	249	256	4	0	0	2	0	48	12	1	1
1410	201	249	256	4	0	0	3	0	48	20	1	1
1411	201	249	256	4	0	0	4	0	48	20	1	1
1412	201	249	256	4	0	0	5	0	48	20	1	1
1413	201	249	256	4	0	0	6	0	48	20	1	1
1414	202	0	256	259	0	0	0	0	5648	13312	256	1
1415	202	0	256	259	0	0	1	0	5648	6144	128	1
1416	202	0	256	259	0	0	2	0	5648	3840	64	1
1417	202	0	256	259	0	0	3	0	5648	3456	32	1
1418	202	0	256	259	0	0	4	0	5648	3904	16	1
1419	202	0	256	259	0	0	5	0	5648	4704	8	1
1420	202	0	256	259	0	0	6	0	5648	5648	4	1
