n	k	truth	candidate	T	N	depth	polarity	anf	gates
4	0	1	15	8	16	0	15	8000	
4	0	1	24	8	24	4	15	8000	10,26,2,1
4	0	1	84	8	24	4	15	8000	2,10,24,1
4	0	1	100	8	24	4	15	8000	11,16,24,1
4	0	1	296	8	24	4	15	8000	17,16,11,16
4	0	1	388	8	24	4	15	8000	1,2,19,17
4	0	1	412	8	24	4	15	8000	17,1,8,24
4	0	1	592	8	24	4	15	8000	3,25,16,24
4	0	2	14	8	14	0	14	8000	
4	0	2	732	8	16	4	0	8000	3,17,2,25
4	0	2	1276	8	16	4	0	8000	1,17,2,11
4	0	2	1764	8	16	4	0	8000	2,17,26,11
4	0	2	3424	8	16	4	0	8000	1,10,26,3
4	0	2	5888	8	16	4	0	8000	16,1,2,11
4	0	2	8340	8	16	4	0	8000	3,11,1,26
4	0	2	8480	8	16	4	0	8000	1,26,11,10
4	0	4	13	8	14	0	13	8000	
4	0	4	400	8	16	4	0	8000	11,8,19,2
4	0	4	1184	8	16	4	0	8000	10,1,19,24
4	0	4	2640	8	16	4	0	8000	8,24,10,3
4	0	4	4920	8	16	4	0	8000	10,19,3,24
4	0	4	5004	8	16	4	0	8000	11,2,10,16
4	0	4	6444	8	16	4	0	8000	3,11,26,8
4	0	4	14244	8	16	4	0	8000	10,11,3,24
4	0	28	4496	4	12	4	0	2000	24,25,10,19
4	0	28	5448	4	12	4	0	800	19,11,17,10
4	0	28	6136	4	12	4	0	800	17,10,10,11
4	0	28	6792	4	12	4	0	2000	3,10,16,24
4	0	28	8004	4	12	4	0	800	24,17,24,3
4	0	28	8352	4	12	4	0	800	17,11,8,8
4	0	28	9652	4	12	4	0	2000	10,1,17,19
4	0	28	10368	4	12	4	0	80	17,19,11,26
4	0	136	5	10	17	0	5	8525	
4	0	136	5436	10	19	4	0	8424	26,24,1,17
4	0	136	6964	10	19	4	0	8520	16,3,10,16
4	0	136	20584	10	19	4	0	8424	2,26,1,16
4	0	136	21932	10	19	4	0	8520	10,19,8,3
4	0	136	31184	10	19	4	0	8520	3,2,10,16
4	0	136	31840	10	19	4	0	8424	1,17,24,26
4	0	136	32508	10	19	4	0	9108	17,3,8,10
4	0	19a	13568	10	19	4	0	8242	26,17,19,19
4	0	19a	15156	10	19	4	0	8340	8,1,19,10
4	0	19a	32756	10	19	4	0	8242	26,17,17,17
4	0	19a	34140	10	19	4	0	8242	26,16,17,16
4	0	19a	34292	10	19	4	0	8340	11,8,2,17
4	0	19a	35060	10	19	4	0	8242	10,17,25,26
4	0	19a	37988	10	19	4	0	8242	26,19,17,19
4	0	19a	47292	10	19	4	0	900a	16,26,11,25
4	0	241	1104	9	21	4	3	8008	17,1,1,24
4	0	241	3244	9	21	4	12	9000	17,17,3,10
4	0	241	4288	9	21	4	6	8040	24,16,2,1
4	0	241	4328	9	21	4	5	8020	10,17,24,1
4	0	241	4756	9	21	4	5	8020	24,10,19,19
4	0	241	5316	9	21	4	12	9000	26,26,3,10
4	0	241	6584	9	21	4	3	8008	17,1,25,24
4	0	241	7572	9	21	4	10	8400	3,17,8,10
4	0	3f8	13	9	17	0	13	8150	
4	0	3f8	4920	9	19	4	0	8046	10,19,3,24
4	0	3f8	5004	9	19	4	0	810a	11,2,10,16
4	0	3f8	14244	9	19	4	0	8052	10,11,3,24
4	0	3f8	18484	9	19	4	0	8144	19,11,24,10
4	0	3f8	37156	9	19	4	0	8144	24,10,19,16
4	0	3f8	38924	9	19	4	0	8150	24,8,10,11
4	0	3f8	42272	9	19	4	0	8150	24,10,11,24
4	0	400	5	8	12	0	5	8000	
4	0	400	300	8	16	4	0	8000	19,26,3,16
4	0	400	3796	8	16	4	0	8000	8,1,25,10
4	0	400	4464	8	16	4	0	8000	26,26,10,8
4	0	400	4852	8	16	4	0	8000	26,8,10,2
4	0	400	5188	8	16	4	0	8000	10,11,19,16
4	0	400	5436	8	16	4	0	8000	26,24,1,17
4	0	400	6244	8	16	4	0	8000	26,16,8,16
4	0	407	1008	5	16	4	4	4030	11,3,11,25
4	0	407	1824	5	16	4	2	484	10,17,8,24
4	0	407	1908	5	16	4	4	4030	25,3,1,16
4	0	407	3904	5	16	4	4	1090	17,17,24,19
4	0	407	4160	5	16	4	1	282	2,16,26,3
4	0	407	7424	5	16	4	4	1090	24,1,19,1
4	0	407	10000	5	16	4	4	1090	24,16,1,1
4	0	407	11416	5	16	4	4	4030	3,19,17,24
4	0	408	300	4	12	4	0	800	19,26,3,16
4	0	408	6792	4	12	4	0	4000	3,10,16,24
4	0	408	6964	4	12	4	0	4000	16,3,10,16
4	0	408	10240	4	12	4	0	80	17,19,24,10
4	0	408	12780	4	12	4	0	80	2,16,26,16
4	0	408	14820	4	12	4	0	80	16,24,2,11
4	0	408	16752	4	12	4	0	80	10,26,24,26
4	0	408	17620	4	12	4	0	800	3,26,2,16
4	0	442	9388	9	17	4	0	8200	19,3,8,25
4	0	442	15704	9	17	4	0	8200	3,8,19,25
4	0	442	20208	9	17	4	0	8008	1,26,16,2
4	0	442	22148	9	17	4	0	8008	16,2,17,24
4	0	442	32116	9	17	4	0	8400	1,19,26,3
4	0	442	41000	9	17	4	0	8008	26,8,2,17
4	0	442	49680	9	17	4	0	8400	2,19,26,1
4	0	442	62020	9	17	4	0	8400	2,1,19,10
4	0	488	6504	9	17	4	0	8200	24,25,11,1
4	0	488	7256	9	17	4	0	8400	3,24,24,8
4	0	488	10088	9	17	4	0	8008	2,24,26,26
4	0	488	10496	9	17	4	0	8400	17,3,16,17
4	0	488	18760	9	17	4	0	8400	11,3,8,11
4	0	488	20444	9	17	4	0	8008	24,2,19,2
4	0	488	23732	9	17	4	0	8040	26,24,16,2
4	0	488	24576	9	17	4	0	8400	3,1,1,8
4	0	600	5436	4	12	4	0	4000	26,24,1,17
4	0	600	5936	4	12	4	0	4000	1,10,8,16
4	0	600	6244	4	12	4	0	2000	26,16,8,16
4	0	600	6508	4	12	4	0	4000	1,10,19,19
4	0	600	7228	4	12	4	0	4000	1,1,1,26
4	0	600	7696	4	12	4	0	4000	26,1,17,17
4	0	600	8592	4	12	4	0	2000	17,8,2,25
4	0	600	9092	4	12	4	0	4000	26,19,19,1
4	0	64e	5580	5	16	4	4	4022	25,11,24,2
4	0	64e	8092	5	16	4	4	4022	11,8,2,19
4	0	64e	9552	5	16	4	4	2044	11,1,10,8
4	0	64e	24412	5	17	4	4	4026	26,2,26,10
4	0	64e	26492	5	17	4	4	4026	10,2,25,24
4	0	64e	32564	5	17	4	2	401a	2,17,10,11
4	0	64e	33632	5	17	4	4	2046	17,16,10,2
4	0	64e	33888	5	17	4	4	4026	10,2,25,24
4	0	800	4	8	10	0	4	8000	
4	0	800	1092	8	16	4	0	8000	10,16,3,24
4	0	800	4580	8	16	4	0	8000	24,2,10,24
4	0	800	5572	8	16	4	0	8000	3,16,11,10
4	0	800	6280	8	16	4	0	8000	11,11,19,10
4	0	800	6736	8	16	4	0	8000	19,10,16,16
4	0	800	7164	8	16	4	0	8000	11,2,26,19
4	0	800	7724	8	16	4	0	8000	25,1,16,10
4	0	87b	5856	9	19	4	0	8141	2,10,8,26
4	0	87b	19952	9	19	4	0	8141	8,24,2,16
4	0	87b	30056	9	19	4	0	8141	2,8,10,26
4	0	87b	32736	9	19	4	0	8403	3,24,11,19
4	0	87b	2432	9	21	4	1	8141	10,3,26,3
4	0	87b	3168	9	21	4	8	8144	11,24,2,16
4	0	87b	3644	9	21	4	4	8141	24,10,10,2
4	0	87b	4004	9	21	4	1	8141	10,24,2,24
4	0	a40	10076	9	17	4	0	9000	19,2,17,8
4	0	a40	12532	9	17	4	0	8200	19,17,1,16
4	0	a40	12628	9	17	4	0	8020	2,19,24,25
4	0	a40	21108	9	17	4	0	8200	25,19,16,25
4	0	a40	39828	9	17	4	0	8020	26,19,24,17
4	0	a40	43336	9	17	4	0	8200	25,17,16,19
4	0	a40	58484	9	17	4	0	9000	19,2,24,1
4	0	a40	3648	9	19	4	8	8200	3,25,16,1
4	0	c78	16012	5	14	4	0	4202	2,26,11,16
4	0	c78	20812	5	14	4	0	1810	8,10,16,11
4	0	c78	27464	5	14	4	0	850	25,26,11,16
4	0	c78	41256	5	14	4	0	1810	10,16,11,24
4	0	c78	48924	5	14	4	0	4202	2,26,11,16
4	0	c78	49708	5	14	4	0	850	16,26,25,11
4	0	c78	56452	5	14	4	0	4202	11,2,16,8
4	0	c78	8028	5	15	4	0	4212	2,11,25,10
4	0	f80	8	9	14	0	8	9111	
4	0	f80	11408	9	18	4	0	9010	17,17,26,19
4	0	f80	12516	9	18	4	0	9010	16,26,8,19
4	0	f80	13848	9	18	4	0	9100	17,19,8,25
4	0	f80	16020	9	18	4	0	8044	24,11,25,17
4	0	f80	16748	9	18	4	0	9100	24,8,16,19
4	0	f80	26012	9	18	4	0	9100	16,3,16,3
4	0	f80	32128	9	18	4	0	9010	10,26,10,19
4	0	ff8	12	8	14	0	12	8110	
4	0	ff8	4496	8	18	4	0	8104	24,25,10,19
4	0	ff8	5448	8	18	4	0	8110	19,11,17,10
4	0	ff8	6792	8	18	4	0	8006	3,10,16,24
4	0	ff8	10368	8	18	4	0	8104	17,19,11,26
4	0	ff8	12052	8	18	4	0	8110	25,19,2,19
4	0	ff8	15792	8	18	4	0	8012	25,26,2,19
4	0	ff8	20568	8	18	4	0	8012	1,1,3,26
4	0	1248	1672	1	9	4	0	40	19,19,25,2
4	0	1248	2948	1	9	4	0	8	19,25,17,16
4	0	1248	7020	1	9	4	0	8	25,16,19,11
4	0	1248	8416	1	9	4	0	200	16,16,11,16
4	0	1248	9812	1	9	4	0	200	11,17,16,25
4	0	1248	10188	1	9	4	0	1000	8,11,10,2
4	0	1248	10580	1	9	4	0	1000	11,25,2,25
4	0	1248	11092	1	9	4	0	20	25,1,2,8
4	0	1400	792	4	12	4	0	2000	2,10,17,16
4	0	1400	852	4	12	4	0	800	8,24,8,17
4	0	1400	1052	4	12	4	0	2000	3,24,10,25
4	0	1400	5436	4	12	4	0	800	26,24,1,17
4	0	1400	9420	4	12	4	0	800	2,2,17,8
4	0	1400	12112	4	12	4	0	800	24,17,19,19
4	0	1400	14684	4	12	4	0	4000	8,2,24,1
4	0	1400	16752	4	12	4	0	2000	10,26,24,26
4	0	16c7	24960	5	17	4	1	291	10,2,24,2
4	0	16c7	36676	5	17	4	1	292	24,2,10,26
4	0	16c7	38648	5	17	4	8	2502	17,2,3,8
4	0	16c7	38780	5	17	4	1	291	11,26,11,24
4	0	16c7	40304	5	17	4	1	291	10,24,1,26
4	0	16c7	47956	5	17	4	1	285	24,17,10,25
4	0	16c7	51420	5	17	4	8	2502	17,26,3,8
4	0	16c7	4648	5	18	4	12	4210	11,8,26,3
4	0	2000	2	8	10	0	2	8000	
4	0	2000	104	8	16	4	0	8000	17,10,19,2
4	0	2000	196	8	16	4	0	8000	8,3,3,25
4	0	2000	316	8	16	4	0	8000	2,2,11,1
4	0	2000	340	8	16	4	0	8000	2,16,2,17
4	0	2000	456	8	16	4	0	8000	10,1,11,3
4	0	2000	508	8	16	4	0	8000	19,10,17,3
4	0	2000	1812	8	16	4	0	8000	3,11,17,11
4	0	211b	3208	5	19	4	10	1814	10,16,3,17
4	0	211b	3444	5	19	4	4	4127	1,11,26,25
4	0	211b	6420	5	19	4	4	4127	26,1,10,24
4	0	211b	8540	5	19	4	12	2414	8,3,17,19
4	0	211b	8944	5	19	4	4	4127	26,1,10,25
4	0	211b	8952	5	19	4	2	411e	24,17,26,1
4	0	211b	9524	5	19	4	2	411e	26,17,1,26
4	0	211b	11520	5	19	4	12	2414	8,2,17,19
4	0	31c0	752	9	18	4	0	8050	25,17,24,10
4	0	31c0	6944	9	18	4	0	8044	10,25,26,16
4	0	31c0	12076	9	18	4	0	8044	25,10,3,8
4	0	31c0	16072	9	18	4	0	9100	24,11,26,1
4	0	31c0	46676	9	18	4	0	8022	1,25,8,2
4	0	31c0	48920	9	18	4	0	9100	11,24,1,26
4	0	31c0	61176	9	18	4	0	8500	24,26,11,17
4	0	31c0	64236	9	18	4	0	8044	25,16,10,8
4	0	3400	1092	9	17	4	0	8020	10,16,3,24
4	0	3400	12580	9	17	4	0	8400	17,3,10,3
4	0	3400	15124	9	17	4	0	8400	17,24,10,24
4	0	3400	16452	9	17	4	0	8200	8,1,10,16
4	0	3400	18192	9	17	4	0	8400	17,11,2,11
4	0	3400	25488	9	17	4	0	9000	25,10,26,25
4	0	3400	26148	9	17	4	0	8400	17,24,26,24
4	0	3400	27120	9	17	4	0	8400	17,8,26,8
4	0	37ff	5	9	14	0	5	8401	
4	0	37ff	300	9	18	4	0	8041	19,26,3,16
4	0	37ff	4464	9	18	4	0	8401	26,26,10,8
4	0	37ff	4852	9	18	4	0	8401	26,8,10,2
4	0	37ff	6244	9	18	4	0	8401	26,16,8,16
4	0	37ff	7088	9	18	4	0	8041	2,19,26,24
4	0	37ff	9368	9	18	4	0	8401	26,1,1,24
4	0	37ff	12780	9	18	4	0	8401	2,16,26,16
4	0	3800	4464	9	17	4	0	9000	26,26,10,8
4	0	3800	7208	9	17	4	0	8400	17,26,2,16
4	0	3800	16752	9	17	4	0	9000	10,26,24,26
4	0	3800	19892	9	17	4	0	9000	1,1,10,8
4	0	3800	21248	9	17	4	0	8200	1,16,8,26
4	0	3800	23164	9	17	4	0	8400	17,16,8,10
4	0	3800	24260	9	17	4	0	8400	16,24,17,10
4	0	3800	27168	9	17	4	0	9000	8,10,10,10
4	0	4000	1	8	10	0	1	8000	
4	0	4000	1132	8	16	4	0	8000	11,11,1,16
4	0	4000	1208	8	16	4	0	8000	8,1,8,17
4	0	4000	2144	8	16	4	0	8000	3,25,24,17
4	0	4000	2456	8	16	4	0	8000	25,10,17,8
4	0	4000	3140	8	16	4	0	8000	26,1,8,26
4	0	4000	4912	8	16	4	0	8000	26,19,10,16
4	0	4000	5708	8	16	4	0	8000	24,16,3,24
4	0	4084	1092	9	17	4	0	8400	10,16,3,24
4	0	4084	4580	9	17	4	0	8040	24,2,10,24
4	0	4084	7164	9	17	4	0	8040	11,2,26,19
4	0	4084	9324	9	17	4	0	8040	3,16,11,26
4	0	4084	10640	9	17	4	0	8040	2,11,26,19
4	0	4084	10960	9	17	4	0	8040	3,26,10,19
4	0	4084	13836	9	17	4	0	8400	10,19,26,3
4	0	4084	16332	9	17	4	0	8020	24,1,8,10
4	0	4200	1132	4	12	4	0	800	11,11,1,16
4	0	4200	2244	4	12	4	0	800	17,16,25,26
4	0	4200	2456	4	12	4	0	2000	25,10,17,8
4	0	4200	2764	4	12	4	0	2000	25,8,10,24
4	0	4200	5936	4	12	4	0	800	1,10,8,16
4	0	4200	6960	4	12	4	0	4000	8,8,1,2
4	0	4200	8592	4	12	4	0	4000	17,8,2,25
4	0	4200	9136	4	12	4	0	2000	2,8,2,26
4	0	4800	1092	4	12	4	0	800	10,16,3,24
4	0	4800	1208	4	12	4	0	800	8,1,8,17
4	0	4800	4580	4	12	4	0	4000	24,2,10,24
4	0	4800	5708	4	12	4	0	800	24,16,3,24
4	0	4800	5856	4	12	4	0	4000	2,10,8,26
4	0	4800	7164	4	12	4	0	4000	11,2,26,19
4	0	4800	7724	4	12	4	0	2000	25,1,16,10
4	0	4800	8936	4	12	4	0	4000	10,2,17,26
4	0	4c00	0	9	9	0	0	8400	
4	0	4c00	552	9	17	4	0	8400	10,26,24,8
4	0	4c00	1068	9	17	4	0	8400	3,3,10,2
4	0	4c00	5480	9	17	4	0	8008	3,16,19,24
4	0	4c00	5756	9	17	4	0	8400	2,26,8,16
4	0	4c00	6644	9	17	4	0	8400	24,16,10,10
4	0	4c00	6796	9	17	4	0	8040	19,26,24,11
4	0	4c00	7604	9	17	4	0	8400	16,24,24,24
4	0	4d27	26900	5	15	4	0	4211	3,19,3,11
4	0	4d27	29716	5	15	4	0	4019	24,25,24,17
4	0	4d27	39828	5	15	4	0	4109	26,19,24,17
4	0	4d27	43336	5	15	4	0	4019	25,17,16,19
4	0	4d27	45024	5	15	4	0	4019	26,26,17,25
4	0	4d27	51372	5	15	4	0	4211	19,2,11,2
4	0	4d27	52024	5	15	4	0	4211	8,11,8,19
4	0	4d27	53348	5	15	4	0	4211	1,1,11,19
4	0	6000	196	4	12	4	0	2000	8,3,3,25
4	0	6000	340	4	12	4	0	800	2,16,2,17
4	0	6000	1132	4	12	4	0	4000	11,11,1,16
4	0	6000	2144	4	12	4	0	80	3,25,24,17
4	0	6000	2756	4	12	4	0	4000	25,1,10,25
4	0	6000	3140	4	12	4	0	4000	26,1,8,26
4	0	6000	5856	4	12	4	0	2000	2,10,8,26
4	0	6000	7684	4	12	4	0	2000	8,17,25,17
4	0	60ad	37888	10	26	4	15	9008	2,24,16,17
4	0	60ad	44652	10	26	4	15	8420	19,2,17,24
4	0	60ad	53796	10	26	4	15	8240	1,26,16,25
4	0	60ad	1828	10	28	4	15	8522	10,16,3,11
4	0	60ad	3976	10	28	4	15	901c	2,17,26,11
4	0	60ad	7236	10	28	4	15	8522	3,16,11,10
4	0	60ad	8908	10	28	4	15	8522	8,25,17,24
4	0	60ad	9032	10	28	4	15	8530	17,17,19,2
4	0	6300	1	5	8	0	1	2500	
4	0	6300	3	5	9	0	3	2400	
4	0	6300	3796	5	13	4	0	4200	8,1,25,10
4	0	6300	4360	5	13	4	0	2400	25,24,2,2
4	0	6300	7900	5	13	4	0	2400	19,25,24,19
4	0	6300	8008	5	13	4	0	2400	17,25,1,26
4	0	6300	8936	5	13	4	0	1800	10,2,17,26
4	0	6300	12752	5	13	4	0	2040	1,19,26,25
4	0	6369	4	4	9	0	4	2016	
4	0	6369	6	4	12	0	6	2017	
4	0	6369	13032	4	14	4	0	2005	19,1,17,26
4	0	6369	19976	4	14	4	0	2005	17,1,16,26
4	0	6369	43372	4	14	4	0	2005	2,17,3,19
4	0	6369	53396	4	14	4	0	811	1,10,25,17
4	0	6369	54260	4	14	4	0	2005	1,19,17,2
4	0	6369	64128	4	14	4	0	2005	2,17,16,24
4	0	7000	0	9	9	0	0	9000	
4	0	7000	1380	9	17	4	0	9000	16,24,1,25
4	0	7000	2772	9	17	4	0	8020	3,25,24,3
4	0	7000	3412	9	17	4	0	9000	25,1,8,8
4	0	7000	3768	9	17	4	0	9000	1,25,16,8
4	0	7000	4356	9	17	4	0	9000	2,2,17,1
4	0	7000	5480	9	17	4	0	8020	3,16,19,24
4	0	7000	6480	9	17	4	0	8400	10,2,1,17
4	0	73c0	552	9	19	4	0	8144	10,26,24,8
4	0	73c0	5756	9	19	4	0	810c	2,26,8,16
4	0	73c0	6796	9	19	4	0	8414	19,26,24,11
4	0	73c0	9164	9	19	4	0	801a	11,3,16,24
4	0	73c0	13396	9	19	4	0	8144	10,8,26,8
4	0	73c0	15744	9	19	4	0	8510	8,11,19,16
4	0	73c0	23128	9	19	4	0	8144	26,10,2,2
4	0	73c0	26528	9	19	4	0	8150	26,16,19,10
4	0	7c00	2456	9	18	4	0	9100	25,10,17,8
4	0	7c00	9136	9	18	4	0	9100	2,8,2,26
4	0	7c00	10528	9	18	4	0	8500	17,16,8,25
4	0	7c00	15952	9	18	4	0	8500	16,25,8,17
4	0	7c00	16668	9	18	4	0	8500	26,8,17,10
4	0	7c00	37088	9	18	4	0	9100	10,26,1,8
4	0	7c00	37308	9	18	4	0	8500	25,1,16,1
4	0	7c00	37344	9	18	4	0	8500	25,2,16,1
4	0	c80f	7208	9	19	4	0	8403	17,26,2,16
4	0	c80f	21248	9	19	4	0	8211	1,16,8,26
4	0	c80f	53392	9	19	4	0	9005	10,24,17,25
4	0	c80f	1824	9	21	4	2	9104	10,17,8,24
4	0	c80f	4112	9	21	4	4	9014	10,2,24,2
4	0	c80f	4416	9	21	4	4	9014	8,26,10,19
4	0	c80f	4464	9	21	4	0	9115	26,26,10,8
4	0	c80f	6116	9	21	4	4	9014	8,26,10,16
4	0	ffec	10	9	14	0	10	8401	
4	0	ffec	28	9	22	4	10	8401	11,8,25,25
4	0	ffec	288	9	22	4	10	8401	24,25,1,1
4	0	ffec	1576	9	22	4	10	8401	8,24,25,26
4	0	ffec	1660	9	22	4	6	8041	19,8,26,19
4	0	ffec	1920	9	22	4	10	8401	11,8,26,26
4	0	ffec	2492	9	22	4	10	8401	11,8,25,25
4	0	ffec	3332	9	22	4	10	8401	1,26,26,1
4	1	1	15	12	20	0	15	8000	
4	1	1	24	12	28	4	15	8000	10,26,2,1
4	1	1	84	12	28	4	15	8000	2,10,24,1
4	1	1	100	12	28	4	15	8000	11,16,24,1
4	1	1	296	12	28	4	15	8000	17,16,11,16
4	1	1	388	12	28	4	15	8000	1,2,19,17
4	1	1	412	12	28	4	15	8000	17,1,8,24
4	1	1	592	12	28	4	15	8000	3,25,16,24
4	1	2	14	12	18	0	14	8000	
4	1	2	732	12	20	4	0	8000	3,17,2,25
4	1	2	1276	12	20	4	0	8000	1,17,2,11
4	1	2	1764	12	20	4	0	8000	2,17,26,11
4	1	2	3424	12	20	4	0	8000	1,10,26,3
4	1	2	5888	12	20	4	0	8000	16,1,2,11
4	1	2	8340	12	20	4	0	8000	3,11,1,26
4	1	2	8480	12	20	4	0	8000	1,26,11,10
4	1	4	13	12	18	0	13	8000	
4	1	4	400	12	20	4	0	8000	11,8,19,2
4	1	4	1184	12	20	4	0	8000	10,1,19,24
4	1	4	2640	12	20	4	0	8000	8,24,10,3
4	1	4	4920	12	20	4	0	8000	10,19,3,24
4	1	4	5004	12	20	4	0	8000	11,2,10,16
4	1	4	6444	12	20	4	0	8000	3,11,26,8
4	1	4	14244	12	20	4	0	8000	10,11,3,24
4	1	28	4496	8	16	4	0	2000	24,25,10,19
4	1	28	5448	8	16	4	0	800	19,11,17,10
4	1	28	6136	8	16	4	0	800	17,10,10,11
4	1	28	6792	8	16	4	0	2000	3,10,16,24
4	1	28	8004	8	16	4	0	800	24,17,24,3
4	1	28	8352	8	16	4	0	800	17,11,8,8
4	1	28	9652	8	16	4	0	2000	10,1,17,19
4	1	28	10368	8	16	4	0	80	17,19,11,26
4	1	80	8	12	14	0	8	8000	
4	1	80	1496	12	20	4	0	8000	24,10,2,19
4	1	80	7128	12	20	4	0	8000	8,3,8,3
4	1	80	7984	12	20	4	0	8000	2,17,10,19
4	1	80	8628	12	20	4	0	8000	3,2,19,26
4	1	80	8920	12	20	4	0	8000	26,3,11,3
4	1	80	9784	12	20	4	0	8000	11,3,26,3
4	1	80	10568	12	20	4	0	8000	8,2,8,19
4	1	136	5436	21	29	4	0	8424	26,24,1,17
4	1	136	6964	21	29	4	0	8520	16,3,10,16
4	1	136	20584	21	29	4	0	8424	2,26,1,16
4	1	136	21932	21	29	4	0	8520	10,19,8,3
4	1	136	31184	21	29	4	0	8520	3,2,10,16
4	1	136	31840	21	29	4	0	8424	1,17,24,26
4	1	136	32508	21	29	4	0	9108	17,3,8,10
4	1	136	34588	21	29	4	0	8520	10,3,2,16
4	1	19a	13568	21	29	4	0	8242	26,17,19,19
4	1	19a	15156	21	29	4	0	8340	8,1,19,10
4	1	19a	32756	21	29	4	0	8242	26,17,17,17
4	1	19a	34140	21	29	4	0	8242	26,16,17,16
4	1	19a	34292	21	29	4	0	8340	11,8,2,17
4	1	19a	35060	21	29	4	0	8242	10,17,25,26
4	1	19a	37988	21	29	4	0	8242	26,19,17,19
4	1	19a	47292	21	29	4	0	900a	16,26,11,25
4	1	241	1104	16	28	4	3	8008	17,1,1,24
4	1	241	3244	16	28	4	12	9000	17,17,3,10
4	1	241	4288	16	28	4	6	8040	24,16,2,1
4	1	241	4328	16	28	4	5	8020	10,17,24,1
4	1	241	4756	16	28	4	5	8020	24,10,19,19
4	1	241	5316	16	28	4	12	9000	26,26,3,10
4	1	241	6584	16	28	4	3	8008	17,1,25,24
4	1	241	7572	16	28	4	10	8400	3,17,8,10
4	1	3f8	24020	17	28	4	8	8141	16,19,8,10
4	1	3f8	29280	17	28	4	8	8141	10,19,11,16
4	1	3f8	58868	17	28	4	8	8141	8,19,10,24
4	1	3f8	63740	17	28	4	8	8141	10,11,16,19
4	1	3f8	1972	17	30	4	12	8141	19,17,24,8
4	1	3f8	9876	17	30	4	12	8411	17,8,26,19
4	1	3f8	12068	17	30	4	12	8141	1,1,8,19
4	1	3f8	14608	17	30	4	9	8141	11,16,10,19
4	1	400	5	12	16	0	5	8000	
4	1	400	300	12	20	4	0	8000	19,26,3,16
4	1	400	3796	12	20	4	0	8000	8,1,25,10
4	1	400	4464	12	20	4	0	8000	26,26,10,8
4	1	400	4852	12	20	4	0	8000	26,8,10,2
4	1	400	5188	12	20	4	0	8000	10,11,19,16
4	1	400	5436	12	20	4	0	8000	26,24,1,17
4	1	400	6244	12	20	4	0	8000	26,16,8,16
4	1	407	1316	12	24	4	12	1080	24,19,2,2
4	1	407	1564	12	24	4	12	1800	16,26,19,16
4	1	407	2376	12	24	4	12	1080	24,1,19,1
4	1	407	2984	12	24	4	12	1080	11,24,16,17
4	1	407	3292	12	24	4	10	480	17,10,24,17
4	1	407	3400	12	24	4	5	4020	16,3,25,16
4	1	407	3920	12	24	4	3	4008	3,24,10,17
4	1	407	4768	12	24	4	12	1080	17,16,24,17
4	1	408	300	8	16	4	0	800	19,26,3,16
4	1	408	6792	8	16	4	0	4000	3,10,16,24
4	1	408	6964	8	16	4	0	4000	16,3,10,16
4	1	408	10240	8	16	4	0	80	17,19,24,10
4	1	408	12780	8	16	4	0	80	2,16,26,16
4	1	408	14820	8	16	4	0	80	16,24,2,11
4	1	408	16752	8	16	4	0	80	10,26,24,26
4	1	408	17620	8	16	4	0	800	3,26,2,16
4	1	442	9388	16	24	4	0	8200	19,3,8,25
4	1	442	15704	16	24	4	0	8200	3,8,19,25
4	1	442	20208	16	24	4	0	8008	1,26,16,2
4	1	442	22148	16	24	4	0	8008	16,2,17,24
4	1	442	32116	16	24	4	0	8400	1,19,26,3
4	1	442	41000	16	24	4	0	8008	26,8,2,17
4	1	442	49680	16	24	4	0	8400	2,19,26,1
4	1	442	62020	16	24	4	0	8400	2,1,19,10
4	1	444	1	16	18	0	1	8008	
4	1	444	3140	16	24	4	0	8008	26,1,8,26
4	1	444	5856	16	24	4	0	8008	2,10,8,26
4	1	444	6504	16	24	4	0	8400	24,25,11,1
4	1	444	7256	16	24	4	0	8008	3,24,24,8
4	1	444	9136	16	24	4	0	8008	2,8,2,26
4	1	444	15392	16	24	4	0	8008	2,8,8,8
4	1	444	16668	16	24	4	0	8020	26,8,17,10
4	1	488	6504	16	24	4	0	8200	24,25,11,1
4	1	488	7256	16	24	4	0	8400	3,24,24,8
4	1	488	10088	16	24	4	0	8008	2,24,26,26
4	1	488	10496	16	24	4	0	8400	17,3,16,17
4	1	488	18760	16	24	4	0	8400	11,3,8,11
4	1	488	20444	16	24	4	0	8008	24,2,19,2
4	1	488	23732	16	24	4	0	8040	26,24,16,2
4	1	488	24576	16	24	4	0	8400	3,1,1,8
4	1	4cc	5	17	21	0	5	8404	
4	1	4cc	300	17	25	4	0	8044	19,26,3,16
4	1	4cc	4464	17	25	4	0	8404	26,26,10,8
4	1	4cc	4852	17	25	4	0	8404	26,8,10,2
4	1	4cc	6244	17	25	4	0	8404	26,16,8,16
4	1	4cc	7088	17	25	4	0	8044	2,19,26,24
4	1	4cc	9368	17	25	4	0	8404	26,1,1,24
4	1	4cc	12780	17	25	4	0	8404	2,16,26,16
4	1	600	5436	8	16	4	0	4000	26,24,1,17
4	1	600	5936	8	16	4	0	4000	1,10,8,16
4	1	600	6244	8	16	4	0	2000	26,16,8,16
4	1	600	6508	8	16	4	0	4000	1,10,19,19
4	1	600	7228	8	16	4	0	4000	1,1,1,26
4	1	600	7696	8	16	4	0	4000	26,1,17,17
4	1	600	8592	8	16	4	0	2000	17,8,2,25
4	1	600	9092	8	16	4	0	4000	26,19,19,1
4	1	648	9960	12	22	4	8	2400	10,1,3,19
4	1	648	17440	12	22	4	8	1800	2,17,11,8
4	1	648	18968	12	22	4	8	2400	10,3,19,2
4	1	648	37856	12	22	4	4	2040	3,10,26,3
4	1	648	48012	12	22	4	4	2040	10,25,24,2
4	1	648	51688	12	22	4	2	840	26,2,17,11
4	1	648	60204	12	22	4	8	1800	2,17,24,11
4	1	648	1320	12	24	4	9	1800	2,11,19,17
4	1	64e	5580	13	23	4	4	4022	25,11,24,2
4	1	64e	8092	13	23	4	4	4022	11,8,2,19
4	1	64e	9552	13	23	4	4	2044	11,1,10,8
4	1	64e	7116	13	25	4	9	830	16,2,10,8
4	1	64e	11520	13	25	4	12	4022	8,2,17,19
4	1	64e	11864	13	25	4	10	850	16,1,10,24
4	1	64e	15816	13	25	4	10	850	1,17,16,10
4	1	64e	16224	13	25	4	6	850	3,16,19,1
4	1	800	4	12	14	0	4	8000	
4	1	800	1092	12	20	4	0	8000	10,16,3,24
4	1	800	4580	12	20	4	0	8000	24,2,10,24
4	1	800	5572	12	20	4	0	8000	3,16,11,10
4	1	800	6280	12	20	4	0	8000	11,11,19,10
4	1	800	6736	12	20	4	0	8000	19,10,16,16
4	1	800	7164	12	20	4	0	8000	11,2,26,19
4	1	800	7724	12	20	4	0	8000	25,1,16,10
4	1	87b	5856	17	26	4	0	8141	2,10,8,26
4	1	87b	19952	17	26	4	0	8141	8,24,2,16
4	1	87b	30056	17	26	4	0	8141	2,8,10,26
4	1	87b	32736	17	26	4	0	8403	3,24,11,19
4	1	87b	2432	17	28	4	1	8141	10,3,26,3
4	1	87b	3644	17	28	4	4	8141	24,10,10,2
4	1	87b	4004	17	28	4	1	8141	10,24,2,24
4	1	87b	7344	17	28	4	1	8109	24,1,16,17
4	1	888	0	16	16	0	0	8008	
4	1	888	1068	16	24	4	0	8008	3,3,10,2
4	1	888	1844	16	24	4	0	8008	3,2,2,11
4	1	888	2252	16	24	4	0	8008	25,25,3,11
4	1	888	10016	16	24	4	0	8008	16,24,24,16
4	1	888	10664	16	24	4	0	8008	3,19,26,2
4	1	888	11656	16	24	4	0	8008	1,19,3,1
4	1	888	12432	16	24	4	0	8008	10,2,17,17
4	1	8a2	12	12	16	0	12	280	
4	1	8a2	1844	12	20	4	0	280	3,2,2,11
4	1	8a2	2252	12	20	4	0	280	25,25,3,11
4	1	8a2	2760	12	20	4	0	280	11,3,1,17
4	1	8a2	3804	12	20	4	0	280	19,1,17,11
4	1	8a2	15156	12	20	4	0	480	8,1,19,10
4	1	8a2	17036	12	20	4	0	280	1,10,11,17
4	1	8a2	19180	12	20	4	0	280	3,3,3,10
4	1	8c4	12	12	16	0	12	480	
4	1	8c4	1844	12	20	4	0	480	3,2,2,11
4	1	8c4	2252	12	20	4	0	480	25,25,3,11
4	1	8c4	5188	12	20	4	0	480	10,11,19,16
4	1	8c4	10580	12	20	4	0	480	11,25,2,25
4	1	8c4	20812	12	20	4	0	480	8,10,16,11
4	1	8c4	25464	12	20	4	0	480	25,25,11,2
4	1	8c4	25960	12	20	4	0	480	11,10,16,19
4	1	a40	10076	16	24	4	0	9000	19,2,17,8
4	1	a40	12532	16	24	4	0	8200	19,17,1,16
4	1	a40	12628	16	24	4	0	8020	2,19,24,25
4	1	a40	21108	16	24	4	0	8200	25,19,16,25
4	1	a40	39828	16	24	4	0	8020	26,19,24,17
4	1	a40	43336	16	24	4	0	8200	25,17,16,19
4	1	a40	58484	16	24	4	0	9000	19,2,24,1
4	1	a40	3648	16	26	4	8	8200	3,25,16,1
4	1	c78	16012	13	21	4	0	4202	2,26,11,16
4	1	c78	20812	13	21	4	0	1810	8,10,16,11
4	1	c78	27464	13	21	4	0	850	25,26,11,16
4	1	c78	41256	13	21	4	0	1810	10,16,11,24
4	1	c78	48924	13	21	4	0	4202	2,26,11,16
4	1	c78	49708	13	21	4	0	850	16,26,25,11
4	1	c78	56452	13	21	4	0	4202	11,2,16,8
4	1	c78	8268	13	23	4	2	1810	11,16,10,25
4	1	f80	11408	17	25	4	0	9010	17,17,26,19
4	1	f80	12516	17	25	4	0	9010	16,26,8,19
4	1	f80	13848	17	25	4	0	9100	17,19,8,25
4	1	f80	16020	17	25	4	0	8044	24,11,25,17
4	1	f80	16748	17	25	4	0	9100	24,8,16,19
4	1	f80	26012	17	25	4	0	9100	16,3,16,3
4	1	f80	32128	17	25	4	0	9010	10,26,10,19
4	1	f80	33744	17	25	4	0	9100	1,1,24,19
4	1	ff8	3128	13	24	4	8	8101	16,2,3,19
4	1	ff8	3588	13	24	4	4	8011	3,24,2,24
4	1	ff8	5460	13	24	4	1	8003	3,19,26,24
4	1	ff8	8644	13	24	4	4	8011	26,10,11,10
4	1	ff8	11200	13	24	4	4	8011	24,25,26,11
4	1	ff8	15444	13	24	4	4	8011	26,11,24,8
4	1	ff8	16944	13	24	4	2	8005	10,26,19,17
4	1	ff8	16964	13	24	4	4	8011	26,25,16,11
4	1	1248	1672	4	12	4	0	40	19,19,25,2
4	1	1248	2948	4	12	4	0	8	19,25,17,16
4	1	1248	7020	4	12	4	0	8	25,16,19,11
4	1	1248	8416	4	12	4	0	200	16,16,11,16
4	1	1248	9812	4	12	4	0	200	11,17,16,25
4	1	1248	10188	4	12	4	0	1000	8,11,10,2
4	1	1248	10580	4	12	4	0	1000	11,25,2,25
4	1	1248	11092	4	12	4	0	20	25,1,2,8
4	1	1400	792	8	16	4	0	2000	2,10,17,16
4	1	1400	852	8	16	4	0	800	8,24,8,17
4	1	1400	1052	8	16	4	0	2000	3,24,10,25
4	1	1400	5436	8	16	4	0	800	26,24,1,17
4	1	1400	9420	8	16	4	0	800	2,2,17,8
4	1	1400	12112	8	16	4	0	800	24,17,19,19
4	1	1400	14684	8	16	4	0	4000	8,2,24,1
4	1	1400	16752	8	16	4	0	2000	10,26,24,26
4	1	1460	18824	12	22	4	2	840	1,8,17,25
4	1	1460	27552	12	22	4	4	4020	8,25,26,2
4	1	1460	33564	12	22	4	4	4020	2,24,11,26
4	1	1460	57456	12	22	4	4	4020	8,26,2,25
4	1	1460	59600	12	22	4	4	4020	10,24,2,11
4	1	1460	476	12	24	4	10	840	16,10,25,1
4	1	1460	1864	12	24	4	12	4020	11,24,25,2
4	1	1460	2156	12	24	4	3	820	26,8,11,16
4	1	15ca	9320	17	28	4	8	8141	1,24,24,3
4	1	15ca	14688	17	28	4	1	8043	1,26,26,24
4	1	15ca	17368	17	28	4	8	8141	1,1,3,1
4	1	15ca	19060	17	28	4	8	8141	25,3,24,25
4	1	15ca	29648	17	28	4	8	8141	3,17,1,17
4	1	15ca	38032	17	28	4	8	8141	3,10,10,1
4	1	15ca	49820	17	28	4	8	8109	3,10,8,17
4	1	15ca	53148	17	28	4	8	8141	3,1,1,1
4	1	16c7	24960	13	24	4	1	291	10,2,24,2
4	1	16c7	38780	13	24	4	1	291	11,26,11,24
4	1	16c7	40304	13	24	4	1	291	10,24,1,26
4	1	16c7	47956	13	24	4	1	285	24,17,10,25
4	1	16c7	4648	13	25	4	12	4210	11,8,26,3
4	1	16c7	13100	13	25	4	5	2018	25,10,24,11
4	1	16c7	18320	13	25	4	9	4210	1,10,25,3
4	1	16c7	32428	13	25	4	12	1082	16,2,8,26
4	1	1c00	2944	16	24	4	0	9000	10,19,19,25
4	1	1c00	8456	16	24	4	0	9000	10,17,11,11
4	1	1c00	11652	16	24	4	0	9000	10,17,3,3
4	1	1c00	12760	16	24	4	0	9000	10,16,24,1
4	1	1c00	18024	16	24	4	0	8200	1,10,16,26
4	1	1c00	18936	16	24	4	0	8008	3,24,3,17
4	1	1c00	19040	16	24	4	0	9000	25,25,10,1
4	1	1c00	20216	16	24	4	0	9000	26,10,26,1
4	1	2000	2	12	14	0	2	8000	
4	1	2000	104	12	20	4	0	8000	17,10,19,2
4	1	2000	196	12	20	4	0	8000	8,3,3,25
4	1	2000	316	12	20	4	0	8000	2,2,11,1
4	1	2000	340	12	20	4	0	8000	2,16,2,17
4	1	2000	456	12	20	4	0	8000	10,1,11,3
4	1	2000	508	12	20	4	0	8000	19,10,17,3
4	1	2000	1812	12	20	4	0	8000	3,11,17,11
4	1	20ca	5856	21	29	4	0	8424	2,10,8,26
4	1	20ca	10504	21	29	4	0	8242	24,24,1,24
4	1	20ca	13540	21	29	4	0	8250	3,16,1,25
4	1	20ca	30056	21	29	4	0	8424	2,8,10,26
4	1	20ca	35540	21	29	4	0	9018	2,25,16,17
4	1	20ca	45532	21	29	4	0	8422	10,26,3,8
4	1	20ca	52884	21	29	4	0	8242	10,10,1,24
4	1	20ca	61460	21	29	4	0	8242	25,1,16,17
4	1	211b	2268	13	27	4	13	200c	16,8,24,1
4	1	211b	36968	13	27	4	11	850	26,2,16,17
4	1	211b	41204	13	27	4	13	2044	26,8,2,17
4	1	211b	42556	13	27	4	13	2404	8,3,19,25
4	1	211b	47836	13	27	4	14	400a	19,24,1,10
4	1	211b	56720	13	27	4	14	400a	19,25,1,24
4	1	211b	1984	13	29	4	15	200c	24,16,8,2
4	1	211b	9252	13	29	4	15	2044	8,2,24,26
4	1	2222	2	4	6	0	2	8	
4	1	2222	6	4	8	0	6	8	
4	1	2222	10	4	8	0	10	8	
4	1	2222	14	4	10	0	14	8	
4	1	2222	104	4	12	4	0	20	17,10,19,2
4	1	2222	316	4	12	4	0	8	2,2,11,1
4	1	2222	340	4	12	4	0	40	2,16,2,17
4	1	2222	456	4	12	4	0	8	10,1,11,3
4	1	22aa	0	9	9	0	0	802	
4	1	22aa	4	9	11	0	4	802	
4	1	22aa	1068	9	17	4	0	802	3,3,10,2
4	1	22aa	1844	9	17	4	0	802	3,2,2,11
4	1	22aa	2252	9	17	4	0	802	25,25,3,11
4	1	22aa	2772	9	17	4	0	900	3,25,24,3
4	1	22aa	3412	9	17	4	0	802	25,1,8,8
4	1	22aa	4580	9	17	4	0	802	24,2,10,24
4	1	2666	1132	13	21	4	0	8004	11,11,1,16
4	1	2666	3140	13	21	4	0	8004	26,1,8,26
4	1	2666	5856	13	21	4	0	8002	2,10,8,26
4	1	2666	6504	13	21	4	0	8004	24,25,11,1
4	1	2666	7256	13	21	4	0	8002	3,24,24,8
4	1	2666	9136	13	21	4	0	8002	2,8,2,26
4	1	2666	10504	13	21	4	0	8004	24,24,1,24
4	1	2666	10528	13	21	4	0	8002	17,16,8,25
4	1	269e	4820	13	23	4	8	4210	19,2,10,17
4	1	269e	7564	13	23	4	8	4210	19,10,2,17
4	1	269e	24020	13	23	4	8	1802	16,19,8,10
4	1	269e	29280	13	23	4	8	1802	10,19,11,16
4	1	269e	29332	13	23	4	4	2042	17,8,26,11
4	1	269e	59552	13	23	4	4	4024	17,26,1,3
4	1	269e	63740	13	23	4	8	1802	10,11,16,19
4	1	269e	4128	13	25	4	10	4210	8,19,2,8
4	1	26ec	4132	13	21	4	0	4204	24,24,1,3
4	1	26ec	4496	13	21	4	0	284	24,25,10,19
4	1	26ec	16020	13	21	4	0	2108	24,11,25,17
4	1	26ec	18300	13	21	4	0	4204	25,3,10,25
4	1	26ec	19812	13	21	4	0	4204	1,11,11,3
4	1	26ec	21176	13	21	4	0	284	25,10,24,19
4	1	26ec	43232	13	21	4	0	4204	1,3,10,8
4	1	26ec	55476	13	21	4	0	4204	3,1,10,10
4	1	3400	1092	16	24	4	0	8020	10,16,3,24
4	1	3400	12580	16	24	4	0	8400	17,3,10,3
4	1	3400	15124	16	24	4	0	8400	17,24,10,24
4	1	3400	16452	16	24	4	0	8200	8,1,10,16
4	1	3400	18192	16	24	4	0	8400	17,11,2,11
4	1	3400	25488	16	24	4	0	9000	25,10,26,25
4	1	3400	26148	16	24	4	0	8400	17,24,26,24
4	1	3400	27120	16	24	4	0	8400	17,8,26,8
4	1	37ff	5	16	21	0	5	8401	
4	1	37ff	300	16	25	4	0	8041	19,26,3,16
4	1	37ff	4464	16	25	4	0	8401	26,26,10,8
4	1	37ff	4852	16	25	4	0	8401	26,8,10,2
4	1	37ff	6244	16	25	4	0	8401	26,16,8,16
4	1	37ff	7088	16	25	4	0	8041	2,19,26,24
4	1	37ff	9368	16	25	4	0	8401	26,1,1,24
4	1	37ff	12780	16	25	4	0	8401	2,16,26,16
4	1	3800	4464	16	24	4	0	9000	26,26,10,8
4	1	3800	7208	16	24	4	0	8400	17,26,2,16
4	1	3800	16752	16	24	4	0	9000	10,26,24,26
4	1	3800	19892	16	24	4	0	9000	1,1,10,8
4	1	3800	21248	16	24	4	0	8200	1,16,8,26
4	1	3800	23164	16	24	4	0	8400	17,16,8,10
4	1	3800	24260	16	24	4	0	8400	16,24,17,10
4	1	3800	27168	16	24	4	0	9000	8,10,10,10
4	1	4000	1	12	14	0	1	8000	
4	1	4000	1132	12	20	4	0	8000	11,11,1,16
4	1	4000	1208	12	20	4	0	8000	8,1,8,17
4	1	4000	2144	12	20	4	0	8000	3,25,24,17
4	1	4000	2456	12	20	4	0	8000	25,10,17,8
4	1	4000	3140	12	20	4	0	8000	26,1,8,26
4	1	4000	4912	12	20	4	0	8000	26,19,10,16
4	1	4000	5708	12	20	4	0	8000	24,16,3,24
4	1	4084	1092	16	24	4	0	8400	10,16,3,24
4	1	4084	4580	16	24	4	0	8040	24,2,10,24
4	1	4084	7164	16	24	4	0	8040	11,2,26,19
4	1	4084	9324	16	24	4	0	8040	3,16,11,26
4	1	4084	10640	16	24	4	0	8040	2,11,26,19
4	1	4084	10960	16	24	4	0	8040	3,26,10,19
4	1	4084	13836	16	24	4	0	8400	10,19,26,3
4	1	4084	16332	16	24	4	0	8020	24,1,8,10
4	1	4800	1092	8	16	4	0	800	10,16,3,24
4	1	4800	1208	8	16	4	0	800	8,1,8,17
4	1	4800	4580	8	16	4	0	4000	24,2,10,24
4	1	4800	5708	8	16	4	0	800	24,16,3,24
4	1	4800	5856	8	16	4	0	4000	2,10,8,26
4	1	4800	7164	8	16	4	0	4000	11,2,26,19
4	1	4800	7724	8	16	4	0	2000	25,1,16,10
4	1	4800	8936	8	16	4	0	4000	10,2,17,26
4	1	4c00	0	16	16	0	0	8400	
4	1	4c00	552	16	24	4	0	8400	10,26,24,8
4	1	4c00	1068	16	24	4	0	8400	3,3,10,2
4	1	4c00	5480	16	24	4	0	8008	3,16,19,24
4	1	4c00	5756	16	24	4	0	8400	2,26,8,16
4	1	4c00	6644	16	24	4	0	8400	24,16,10,10
4	1	4c00	6796	16	24	4	0	8040	19,26,24,11
4	1	4c00	7604	16	24	4	0	8400	16,24,24,24
4	1	4d27	26900	13	22	4	0	4211	3,19,3,11
4	1	4d27	29716	13	22	4	0	4019	24,25,24,17
4	1	4d27	39828	13	22	4	0	4109	26,19,24,17
4	1	4d27	43336	13	22	4	0	4019	25,17,16,19
4	1	4d27	45024	13	22	4	0	4019	26,26,17,25
4	1	4d27	51372	13	22	4	0	4211	19,2,11,2
4	1	4d27	52024	13	22	4	0	4211	8,11,8,19
4	1	4d27	53348	13	22	4	0	4211	1,1,11,19
4	1	5c00	5936	12	20	4	0	4200	1,10,8,16
4	1	5c00	13248	12	20	4	0	4200	16,17,26,1
4	1	5c00	14236	12	20	4	0	4200	17,1,16,8
4	1	5c00	14520	12	20	4	0	2400	16,8,16,16
4	1	5c00	15972	12	20	4	0	4020	19,26,16,1
4	1	5c00	16192	12	20	4	0	2400	24,8,2,2
4	1	5c00	16792	12	20	4	0	4200	1,25,26,24
4	1	5c00	18024	12	20	4	0	4200	1,10,16,26
4	1	6000	196	8	16	4	0	2000	8,3,3,25
4	1	6000	340	8	16	4	0	800	2,16,2,17
4	1	6000	1132	8	16	4	0	4000	11,11,1,16
4	1	6000	2144	8	16	4	0	80	3,25,24,17
4	1	6000	2756	8	16	4	0	4000	25,1,10,25
4	1	6000	3140	8	16	4	0	4000	26,1,8,26
4	1	6000	5856	8	16	4	0	2000	2,10,8,26
4	1	6000	7684	8	16	4	0	2000	8,17,25,17
4	1	60ad	37888	20	36	4	15	9008	2,24,16,17
4	1	60ad	44652	20	36	4	15	8420	19,2,17,24
4	1	60ad	53796	20	36	4	15	8240	1,26,16,25
4	1	60ad	10377	20	44	8	15	8420	16,26,16,8,11,2,25,19
4	1	60ad	14097	20	44	8	15	8240	24,1,11,16,11,10,10,26
4	1	60ad	48813	20	44	8	15	8420	19,26,1,17,24,17,16,17
4	1	60ad	50817	20	44	8	15	8420	11,25,10,26,2,24,19,11
4	1	60ad	51425	20	44	8	15	8420	11,16,25,2,17,19,1,10
4	1	6300	3	12	16	0	3	2400	
4	1	6300	3796	12	20	4	0	4200	8,1,25,10
4	1	6300	4360	12	20	4	0	2400	25,24,2,2
4	1	6300	7900	12	20	4	0	2400	19,25,24,19
4	1	6300	8008	12	20	4	0	2400	17,25,1,26
4	1	6300	8936	12	20	4	0	1800	10,2,17,26
4	1	6300	12752	12	20	4	0	2040	1,19,26,25
4	1	6300	18960	12	20	4	0	2400	16,24,24,25
4	1	6369	13032	9	18	4	0	2005	19,1,17,26
4	1	6369	19976	9	18	4	0	2005	17,1,16,26
4	1	6369	43372	9	18	4	0	2005	2,17,3,19
4	1	6369	53396	9	18	4	0	811	1,10,25,17
4	1	6369	54260	9	18	4	0	2005	1,19,17,2
4	1	6369	64128	9	18	4	0	2005	2,17,16,24
4	1	6369	4704	9	19	4	2	2004	2,3,17,3
4	1	6369	13004	9	19	4	4	810	19,2,10,17
4	1	7000	0	16	16	0	0	9000	
4	1	7000	1380	16	24	4	0	9000	16,24,1,25
4	1	7000	2772	16	24	4	0	8020	3,25,24,3
4	1	7000	3412	16	24	4	0	9000	25,1,8,8
4	1	7000	3768	16	24	4	0	9000	1,25,16,8
4	1	7000	4356	16	24	4	0	9000	2,2,17,1
4	1	7000	5480	16	24	4	0	8020	3,16,19,24
4	1	7000	6480	16	24	4	0	8400	10,2,1,17
4	1	7c00	2456	17	25	4	0	9100	25,10,17,8
4	1	7c00	9136	17	25	4	0	9100	2,8,2,26
4	1	7c00	10528	17	25	4	0	8500	17,16,8,25
4	1	7c00	15952	17	25	4	0	8500	16,25,8,17
4	1	7c00	16668	17	25	4	0	8500	26,8,17,10
4	1	7c00	37088	17	25	4	0	9100	10,26,1,8
4	1	7c00	37308	17	25	4	0	8500	25,1,16,1
4	1	7c00	37344	17	25	4	0	8500	25,2,16,1
4	1	d911	31992	17	26	4	0	8109	24,11,10,3
4	1	d911	43232	17	26	4	0	8205	1,3,10,8
4	1	d911	48668	17	26	4	0	8403	8,10,11,3
4	1	d911	6624	17	28	4	4	8403	3,10,10,8
4	1	d911	11348	17	28	4	8	8403	8,26,3,25
4	1	d911	11900	17	28	4	8	8403	2,26,8,3
4	1	d911	21616	17	28	4	8	8403	26,3,8,11
4	1	d911	33760	17	28	4	4	8403	2,11,8,3
4	1	fb33	5	17	22	0	5	8405	
4	1	fb33	300	17	26	4	0	8045	19,26,3,16
4	1	fb33	4464	17	26	4	0	8405	26,26,10,8
4	1	fb33	4852	17	26	4	0	8405	26,8,10,2
4	1	fb33	6244	17	26	4	0	8405	26,16,8,16
4	1	fb33	7088	17	26	4	0	8045	2,19,26,24
4	1	fb33	9368	17	26	4	0	8405	26,1,1,24
4	1	fb33	12780	17	26	4	0	8405	2,16,26,16
4	1	ffec	10	16	21	0	10	8401	
4	1	ffec	28	16	29	4	10	8401	11,8,25,25
4	1	ffec	288	16	29	4	10	8401	24,25,1,1
4	1	ffec	1576	16	29	4	10	8401	8,24,25,26
4	1	ffec	1660	16	29	4	6	8041	19,8,26,19
4	1	ffec	1920	16	29	4	10	8401	11,8,26,26
4	1	ffec	2492	16	29	4	10	8401	11,8,25,25
4	1	ffec	3332	16	29	4	10	8401	1,26,26,1
4	2	125a	1208	16	24	4	0	804	8,1,8,17
4	2	125a	5708	16	24	4	0	900	24,16,3,24
4	2	125a	7164	16	24	4	0	4100	11,2,26,19
4	2	125a	7724	16	24	4	0	2002	25,1,16,10
4	2	125a	8936	16	24	4	0	4004	10,2,17,26
4	2	125a	9324	16	24	4	0	82	3,16,11,26
4	2	125a	9396	16	24	4	0	4010	10,1,10,1
4	2	125a	10088	16	24	4	0	4010	2,24,26,26
4	2	7c00	2456	28	36	4	0	9100	25,10,17,8
4	2	7c00	9136	28	36	4	0	9100	2,8,2,26
4	2	7c00	10528	28	36	4	0	8500	17,16,8,25
4	2	7c00	15952	28	36	4	0	8500	16,25,8,17
4	2	7c00	16668	28	36	4	0	8500	26,8,17,10
4	2	7c00	37088	28	36	4	0	9100	10,26,1,8
4	2	7c00	37308	28	36	4	0	8500	25,1,16,1
4	2	7c00	37344	28	36	4	0	8500	25,2,16,1
4	4	7c00	2456	52	60	4	0	9100	25,10,17,8
4	4	7c00	9136	52	60	4	0	9100	2,8,2,26
4	4	7c00	10528	52	60	4	0	8500	17,16,8,25
4	4	7c00	15952	52	60	4	0	8500	16,25,8,17
4	4	7c00	16668	52	60	4	0	8500	26,8,17,10
4	4	7c00	37088	52	60	4	0	9100	10,26,1,8
4	4	7c00	37308	52	60	4	0	8500	25,1,16,1
4	4	7c00	37344	52	60	4	0	8500	25,2,16,1
4	5	0	0	0	0	0	0	0	
4	5	0	1	0	2	0	1	0	
4	5	0	2	0	2	0	2	0	
4	5	0	4	0	2	0	4	0	
4	5	0	8	0	2	0	8	0	
4	5	0	3	0	4	0	3	0	
4	5	0	5	0	4	0	5	0	
4	5	0	6	0	4	0	6	0	
4	5	3f8	24020	76	86	4	8	8141	16,19,8,10
4	5	3f8	29280	76	86	4	8	8141	10,19,11,16
4	5	3f8	58868	76	86	4	8	8141	8,19,10,24
4	5	3f8	63740	76	86	4	8	8141	10,11,16,19
4	5	3f8	1972	76	88	4	12	8141	19,17,24,8
4	5	3f8	9876	76	88	4	12	8411	17,8,26,19
4	5	3f8	12068	76	88	4	12	8141	1,1,8,19
4	5	3f8	14608	76	88	4	9	8141	11,16,10,19
4	5	407	1316	44	56	4	12	1080	24,19,2,2
4	5	407	1564	44	56	4	12	1800	16,26,19,16
4	5	407	2376	44	56	4	12	1080	24,1,19,1
4	5	407	2984	44	56	4	12	1080	11,24,16,17
4	5	407	3292	44	56	4	10	480	17,10,24,17
4	5	407	3400	44	56	4	5	4020	16,3,25,16
4	5	407	3920	44	56	4	3	4008	3,24,10,17
4	5	407	4768	44	56	4	12	1080	17,16,24,17
4	5	87b	5856	76	84	4	0	8141	2,10,8,26
4	5	87b	19952	76	84	4	0	8141	8,24,2,16
4	5	87b	30056	76	84	4	0	8141	2,8,10,26
4	5	87b	32736	76	84	4	0	8403	3,24,11,19
4	5	87b	2432	76	86	4	1	8141	10,3,26,3
4	5	87b	3644	76	86	4	4	8141	24,10,10,2
4	5	87b	4004	76	86	4	1	8141	10,24,2,24
4	5	87b	7344	76	86	4	1	8109	24,1,16,17
4	5	c78	16012	60	68	4	0	4202	2,26,11,16
4	5	c78	20812	60	68	4	0	1810	8,10,16,11
4	5	c78	27464	60	68	4	0	850	25,26,11,16
4	5	c78	41256	60	68	4	0	1810	10,16,11,24
4	5	c78	48924	60	68	4	0	4202	2,26,11,16
4	5	c78	49708	60	68	4	0	850	16,26,25,11
4	5	c78	56452	60	68	4	0	4202	11,2,16,8
4	5	c78	8268	60	70	4	2	1810	11,16,10,25
4	5	f80	11408	64	72	4	0	9010	17,17,26,19
4	5	f80	12516	64	72	4	0	9010	16,26,8,19
4	5	f80	13848	64	72	4	0	9100	17,19,8,25
4	5	f80	16020	64	72	4	0	8044	24,11,25,17
4	5	f80	16748	64	72	4	0	9100	24,8,16,19
4	5	f80	26012	64	72	4	0	9100	16,3,16,3
4	5	f80	32128	64	72	4	0	9010	10,26,10,19
4	5	f80	33744	64	72	4	0	9100	1,1,24,19
4	5	211b	2268	60	74	4	13	200c	16,8,24,1
4	5	211b	36968	60	74	4	11	850	26,2,16,17
4	5	211b	41204	60	74	4	13	2044	26,8,2,17
4	5	211b	42556	60	74	4	13	2404	8,3,19,25
4	5	211b	47836	60	74	4	14	400a	19,24,1,10
4	5	211b	56720	60	74	4	14	400a	19,25,1,24
4	5	211b	1984	60	76	4	15	200c	24,16,8,2
4	5	211b	9252	60	76	4	15	2044	8,2,24,26
4	5	4000	1	28	30	0	1	8000	
4	5	4000	1132	28	36	4	0	8000	11,11,1,16
4	5	4000	1208	28	36	4	0	8000	8,1,8,17
4	5	4000	2144	28	36	4	0	8000	3,25,24,17
4	5	4000	2456	28	36	4	0	8000	25,10,17,8
4	5	4000	3140	28	36	4	0	8000	26,1,8,26
4	5	4000	4912	28	36	4	0	8000	26,19,10,16
4	5	4000	5708	28	36	4	0	8000	24,16,3,24
4	5	4084	1092	48	56	4	0	8400	10,16,3,24
4	5	4084	4580	48	56	4	0	8040	24,2,10,24
4	5	4084	7164	48	56	4	0	8040	11,2,26,19
4	5	4084	9324	48	56	4	0	8040	3,16,11,26
4	5	4084	10640	48	56	4	0	8040	2,11,26,19
4	5	4084	10960	48	56	4	0	8040	3,26,10,19
4	5	4084	13836	48	56	4	0	8400	10,19,26,3
4	5	4084	16332	48	56	4	0	8020	24,1,8,10
4	5	4d27	41432	60	70	4	4	490	3,24,17,1
4	5	4d27	52452	60	70	4	4	4018	1,17,24,1
4	5	4d27	1476	60	72	4	5	4210	17,8,11,25
4	5	4d27	1608	60	72	4	3	4024	25,10,19,19
4	5	4d27	4448	60	72	4	5	4210	17,11,8,25
4	5	4d27	10736	60	72	4	5	4210	17,8,11,25
4	5	4d27	11496	60	72	4	6	290	3,16,8,24
4	5	4d27	16140	60	72	4	6	4210	17,11,26,24
4	5	60ad	37888	68	84	4	15	9008	2,24,16,17
4	5	60ad	44652	68	84	4	15	8420	19,2,17,24
4	5	60ad	53796	68	84	4	15	8240	1,26,16,25
4	5	60ad	10377	68	92	8	15	8420	16,26,16,8,11,2,25,19
4	5	60ad	14097	68	92	8	15	8240	24,1,11,16,11,10,10,26
4	5	60ad	48813	68	92	8	15	8420	19,26,1,17,24,17,16,17
4	5	60ad	50817	68	92	8	15	8420	11,25,10,26,2,24,19,11
4	5	60ad	51425	68	92	8	15	8420	11,16,25,2,17,19,1,10
4	5	6300	3	44	48	0	3	2400	
4	5	6300	3796	44	52	4	0	4200	8,1,25,10
4	5	6300	4360	44	52	4	0	2400	25,24,2,2
4	5	6300	7900	44	52	4	0	2400	19,25,24,19
4	5	6300	8008	44	52	4	0	2400	17,25,1,26
4	5	6300	8936	44	52	4	0	1800	10,2,17,26
4	5	6300	12752	44	52	4	0	2040	1,19,26,25
4	5	6300	18960	44	52	4	0	2400	16,24,24,25
4	5	7c00	2456	64	72	4	0	9100	25,10,17,8
4	5	7c00	9136	64	72	4	0	9100	2,8,2,26
4	5	7c00	10528	64	72	4	0	8500	17,16,8,25
4	5	7c00	15952	64	72	4	0	8500	16,25,8,17
4	5	7c00	16668	64	72	4	0	8500	26,8,17,10
4	5	7c00	37088	64	72	4	0	9100	10,26,1,8
4	5	7c00	37308	64	72	4	0	8500	25,1,16,1
4	5	7c00	37344	64	72	4	0	8500	25,2,16,1
4	6	0	0	0	0	0	0	0	
4	6	0	1	0	2	0	1	0	
4	6	0	2	0	2	0	2	0	
4	6	0	4	0	2	0	4	0	
4	6	0	8	0	2	0	8	0	
4	6	0	3	0	4	0	3	0	
4	6	0	5	0	4	0	5	0	
4	6	0	6	0	4	0	6	0	
4	6	400	5	32	36	0	5	8000	
4	6	400	300	32	40	4	0	8000	19,26,3,16
4	6	400	3796	32	40	4	0	8000	8,1,25,10
4	6	400	4464	32	40	4	0	8000	26,26,10,8
4	6	400	4852	32	40	4	0	8000	26,8,10,2
4	6	400	5188	32	40	4	0	8000	10,11,19,16
4	6	400	5436	32	40	4	0	8000	26,24,1,17
4	6	400	6244	32	40	4	0	8000	26,16,8,16
4	6	407	1316	52	64	4	12	1080	24,19,2,2
4	6	407	1564	52	64	4	12	1800	16,26,19,16
4	6	407	2376	52	64	4	12	1080	24,1,19,1
4	6	407	2984	52	64	4	12	1080	11,24,16,17
4	6	407	3292	52	64	4	10	480	17,10,24,17
4	6	407	3400	52	64	4	5	4020	16,3,25,16
4	6	407	3920	52	64	4	3	4008	3,24,10,17
4	6	407	4768	52	64	4	12	1080	17,16,24,17
4	6	800	4	32	34	0	4	8000	
4	6	800	1092	32	40	4	0	8000	10,16,3,24
4	6	800	4580	32	40	4	0	8000	24,2,10,24
4	6	800	5572	32	40	4	0	8000	3,16,11,10
4	6	800	6280	32	40	4	0	8000	11,11,19,10
4	6	800	6736	32	40	4	0	8000	19,10,16,16
4	6	800	7164	32	40	4	0	8000	11,2,26,19
4	6	800	7724	32	40	4	0	8000	25,1,16,10
4	6	87b	5856	92	100	4	0	8141	2,10,8,26
4	6	87b	19952	92	100	4	0	8141	8,24,2,16
4	6	87b	30056	92	100	4	0	8141	2,8,10,26
4	6	87b	32736	92	100	4	0	8403	3,24,11,19
4	6	87b	2432	92	102	4	1	8141	10,3,26,3
4	6	87b	3644	92	102	4	4	8141	24,10,10,2
4	6	87b	4004	92	102	4	1	8141	10,24,2,24
4	6	87b	7344	92	102	4	1	8109	24,1,16,17
4	6	1400	792	28	36	4	0	2000	2,10,17,16
4	6	1400	852	28	36	4	0	800	8,24,8,17
4	6	1400	1052	28	36	4	0	2000	3,24,10,25
4	6	1400	5436	28	36	4	0	800	26,24,1,17
4	6	1400	9420	28	36	4	0	800	2,2,17,8
4	6	1400	12112	28	36	4	0	800	24,17,19,19
4	6	1400	14684	28	36	4	0	4000	8,2,24,1
4	6	1400	16752	28	36	4	0	2000	10,26,24,26
4	6	2000	2	32	34	0	2	8000	
4	6	2000	104	32	40	4	0	8000	17,10,19,2
4	6	2000	196	32	40	4	0	8000	8,3,3,25
4	6	2000	316	32	40	4	0	8000	2,2,11,1
4	6	2000	340	32	40	4	0	8000	2,16,2,17
4	6	2000	456	32	40	4	0	8000	10,1,11,3
4	6	2000	508	32	40	4	0	8000	19,10,17,3
4	6	2000	1812	32	40	4	0	8000	3,11,17,11
4	6	211b	2268	72	86	4	13	200c	16,8,24,1
4	6	211b	36968	72	86	4	11	850	26,2,16,17
4	6	211b	41204	72	86	4	13	2044	26,8,2,17
4	6	211b	42556	72	86	4	13	2404	8,3,19,25
4	6	211b	47836	72	86	4	14	400a	19,24,1,10
4	6	211b	56720	72	86	4	14	400a	19,25,1,24
4	6	211b	1984	72	88	4	15	200c	24,16,8,2
4	6	211b	9252	72	88	4	15	2044	8,2,24,26
4	6	3400	1092	56	64	4	0	8020	10,16,3,24
4	6	3400	12580	56	64	4	0	8400	17,3,10,3
4	6	3400	15124	56	64	4	0	8400	17,24,10,24
4	6	3400	16452	56	64	4	0	8200	8,1,10,16
4	6	3400	18192	56	64	4	0	8400	17,11,2,11
4	6	3400	25488	56	64	4	0	9000	25,10,26,25
4	6	3400	26148	56	64	4	0	8400	17,24,26,24
4	6	3400	27120	56	64	4	0	8400	17,8,26,8
4	6	3800	4464	56	64	4	0	9000	26,26,10,8
4	6	3800	7208	56	64	4	0	8400	17,26,2,16
4	6	3800	16752	56	64	4	0	9000	10,26,24,26
4	6	3800	19892	56	64	4	0	9000	1,1,10,8
4	6	3800	21248	56	64	4	0	8200	1,16,8,26
4	6	3800	23164	56	64	4	0	8400	17,16,8,10
4	6	3800	24260	56	64	4	0	8400	16,24,17,10
4	6	3800	27168	56	64	4	0	9000	8,10,10,10
4	6	4000	1	32	34	0	1	8000	
4	6	4000	1132	32	40	4	0	8000	11,11,1,16
4	6	4000	1208	32	40	4	0	8000	8,1,8,17
4	6	4000	2144	32	40	4	0	8000	3,25,24,17
4	6	4000	2456	32	40	4	0	8000	25,10,17,8
4	6	4000	3140	32	40	4	0	8000	26,1,8,26
4	6	4000	4912	32	40	4	0	8000	26,19,10,16
4	6	4000	5708	32	40	4	0	8000	24,16,3,24
4	6	4084	1092	56	64	4	0	8400	10,16,3,24
4	6	4084	4580	56	64	4	0	8040	24,2,10,24
4	6	4084	7164	56	64	4	0	8040	11,2,26,19
4	6	4084	9324	56	64	4	0	8040	3,16,11,26
4	6	4084	10640	56	64	4	0	8040	2,11,26,19
4	6	4084	10960	56	64	4	0	8040	3,26,10,19
4	6	4084	13836	56	64	4	0	8400	10,19,26,3
4	6	4084	16332	56	64	4	0	8020	24,1,8,10
4	6	4c00	0	56	56	0	0	8400	
4	6	4c00	552	56	64	4	0	8400	10,26,24,8
4	6	4c00	1068	56	64	4	0	8400	3,3,10,2
4	6	4c00	5480	56	64	4	0	8008	3,16,19,24
4	6	4c00	5756	56	64	4	0	8400	2,26,8,16
4	6	4c00	6644	56	64	4	0	8400	24,16,10,10
4	6	4c00	6796	56	64	4	0	8040	19,26,24,11
4	6	4c00	7604	56	64	4	0	8400	16,24,24,24
4	6	4d27	41432	72	82	4	4	490	3,24,17,1
4	6	4d27	52452	72	82	4	4	4018	1,17,24,1
4	6	4d27	1476	72	84	4	5	4210	17,8,11,25
4	6	4d27	1608	72	84	4	3	4024	25,10,19,19
4	6	4d27	4448	72	84	4	5	4210	17,11,8,25
4	6	4d27	10736	72	84	4	5	4210	17,8,11,25
4	6	4d27	11496	72	84	4	6	290	3,16,8,24
4	6	4d27	16140	72	84	4	6	4210	17,11,26,24
4	6	6000	196	28	36	4	0	2000	8,3,3,25
4	6	6000	340	28	36	4	0	800	2,16,2,17
4	6	6000	1132	28	36	4	0	4000	11,11,1,16
4	6	6000	2144	28	36	4	0	80	3,25,24,17
4	6	6000	2756	28	36	4	0	4000	25,1,10,25
4	6	6000	3140	28	36	4	0	4000	26,1,8,26
4	6	6000	5856	28	36	4	0	2000	2,10,8,26
4	6	6000	7684	28	36	4	0	2000	8,17,25,17
4	6	60ad	37888	80	96	4	15	9008	2,24,16,17
4	6	60ad	44652	80	96	4	15	8420	19,2,17,24
4	6	60ad	53796	80	96	4	15	8240	1,26,16,25
4	6	60ad	10377	80	104	8	15	8420	16,26,16,8,11,2,25,19
4	6	60ad	14097	80	104	8	15	8240	24,1,11,16,11,10,10,26
4	6	60ad	48813	80	104	8	15	8420	19,26,1,17,24,17,16,17
4	6	60ad	50817	80	104	8	15	8420	11,25,10,26,2,24,19,11
4	6	60ad	51425	80	104	8	15	8420	11,16,25,2,17,19,1,10
4	6	6300	3	52	56	0	3	2400	
4	6	6300	3796	52	60	4	0	4200	8,1,25,10
4	6	6300	4360	52	60	4	0	2400	25,24,2,2
4	6	6300	7900	52	60	4	0	2400	19,25,24,19
4	6	6300	8008	52	60	4	0	2400	17,25,1,26
4	6	6300	8936	52	60	4	0	1800	10,2,17,26
4	6	6300	12752	52	60	4	0	2040	1,19,26,25
4	6	6300	18960	52	60	4	0	2400	16,24,24,25
4	6	6369	4704	48	58	4	2	2004	2,3,17,3
4	6	6369	13004	48	58	4	4	810	19,2,10,17
4	6	6369	13720	48	58	4	2	2004	1,1,2,17
4	6	6369	19012	48	58	4	2	2004	17,1,19,2
4	6	6369	23008	48	58	4	2	2004	16,19,1,26
4	6	6369	24108	48	58	4	2	2004	2,19,3,17
4	6	6369	35312	48	58	4	2	2004	2,26,26,17
4	6	6369	40484	48	58	4	2	2004	26,25,17,1
4	6	7000	0	56	56	0	0	9000	
4	6	7000	1380	56	64	4	0	9000	16,24,1,25
4	6	7000	2772	56	64	4	0	8020	3,25,24,3
4	6	7000	3412	56	64	4	0	9000	25,1,8,8
4	6	7000	3768	56	64	4	0	9000	1,25,16,8
4	6	7000	4356	56	64	4	0	9000	2,2,17,1
4	6	7000	5480	56	64	4	0	8020	3,16,19,24
4	6	7000	6480	56	64	4	0	8400	10,2,1,17
4	6	7c00	2456	76	84	4	0	9100	25,10,17,8
4	6	7c00	9136	76	84	4	0	9100	2,8,2,26
4	6	7c00	10528	76	84	4	0	8500	17,16,8,25
4	6	7c00	15952	76	84	4	0	8500	16,25,8,17
4	6	7c00	16668	76	84	4	0	8500	26,8,17,10
4	6	7c00	37088	76	84	4	0	9100	10,26,1,8
4	6	7c00	37308	76	84	4	0	8500	25,1,16,1
4	6	7c00	37344	76	84	4	0	8500	25,2,16,1
4	7	0	0	0	0	0	0	0	
4	7	0	1	0	2	0	1	0	
4	7	0	2	0	2	0	2	0	
4	7	0	4	0	2	0	4	0	
4	7	0	8	0	2	0	8	0	
4	7	0	3	0	4	0	3	0	
4	7	0	5	0	4	0	5	0	
4	7	0	6	0	4	0	6	0	
4	7	400	5	36	40	0	5	8000	
4	7	400	300	36	44	4	0	8000	19,26,3,16
4	7	400	3796	36	44	4	0	8000	8,1,25,10
4	7	400	4464	36	44	4	0	8000	26,26,10,8
4	7	400	4852	36	44	4	0	8000	26,8,10,2
4	7	400	5188	36	44	4	0	8000	10,11,19,16
4	7	400	5436	36	44	4	0	8000	26,24,1,17
4	7	400	6244	36	44	4	0	8000	26,16,8,16
4	7	408	300	32	40	4	0	800	19,26,3,16
4	7	408	6792	32	40	4	0	4000	3,10,16,24
4	7	408	6964	32	40	4	0	4000	16,3,10,16
4	7	408	10240	32	40	4	0	80	17,19,24,10
4	7	408	12780	32	40	4	0	80	2,16,26,16
4	7	408	14820	32	40	4	0	80	16,24,2,11
4	7	408	16752	32	40	4	0	80	10,26,24,26
4	7	408	17620	32	40	4	0	800	3,26,2,16
4	7	800	4	36	38	0	4	8000	
4	7	800	1092	36	44	4	0	8000	10,16,3,24
4	7	800	4580	36	44	4	0	8000	24,2,10,24
4	7	800	5572	36	44	4	0	8000	3,16,11,10
4	7	800	6280	36	44	4	0	8000	11,11,19,10
4	7	800	6736	36	44	4	0	8000	19,10,16,16
4	7	800	7164	36	44	4	0	8000	11,2,26,19
4	7	800	7724	36	44	4	0	8000	25,1,16,10
4	7	1248	1672	28	36	4	0	40	19,19,25,2
4	7	1248	2948	28	36	4	0	8	19,25,17,16
4	7	1248	7020	28	36	4	0	8	25,16,19,11
4	7	1248	8416	28	36	4	0	200	16,16,11,16
4	7	1248	9812	28	36	4	0	200	11,17,16,25
4	7	1248	10188	28	36	4	0	1000	8,11,10,2
4	7	1248	10580	28	36	4	0	1000	11,25,2,25
4	7	1248	11092	28	36	4	0	20	25,1,2,8
4	7	1400	792	32	40	4	0	2000	2,10,17,16
4	7	1400	852	32	40	4	0	800	8,24,8,17
4	7	1400	1052	32	40	4	0	2000	3,24,10,25
4	7	1400	5436	32	40	4	0	800	26,24,1,17
4	7	1400	9420	32	40	4	0	800	2,2,17,8
4	7	1400	12112	32	40	4	0	800	24,17,19,19
4	7	1400	14684	32	40	4	0	4000	8,2,24,1
4	7	1400	16752	32	40	4	0	2000	10,26,24,26
4	7	16c7	4648	84	96	4	12	4210	11,8,26,3
4	7	16c7	13100	84	96	4	5	2018	25,10,24,11
4	7	16c7	18320	84	96	4	9	4210	1,10,25,3
4	7	16c7	32428	84	96	4	12	1082	16,2,8,26
4	7	16c7	42864	84	96	4	9	4210	2,3,10,24
4	7	16c7	58112	84	96	4	9	284	2,17,24,11
4	7	16c7	58588	84	96	4	9	4210	3,8,2,8
4	7	16c7	64464	84	96	4	12	2410	25,3,8,10
4	7	2000	2	36	38	0	2	8000	
4	7	2000	104	36	44	4	0	8000	17,10,19,2
4	7	2000	196	36	44	4	0	8000	8,3,3,25
4	7	2000	316	36	44	4	0	8000	2,2,11,1
4	7	2000	340	36	44	4	0	8000	2,16,2,17
4	7	2000	456	36	44	4	0	8000	10,1,11,3
4	7	2000	508	36	44	4	0	8000	19,10,17,3
4	7	2000	1812	36	44	4	0	8000	3,11,17,11
4	7	3400	1092	64	72	4	0	8020	10,16,3,24
4	7	3400	12580	64	72	4	0	8400	17,3,10,3
4	7	3400	15124	64	72	4	0	8400	17,24,10,24
4	7	3400	16452	64	72	4	0	8200	8,1,10,16
4	7	3400	18192	64	72	4	0	8400	17,11,2,11
4	7	3400	25488	64	72	4	0	9000	25,10,26,25
4	7	3400	26148	64	72	4	0	8400	17,24,26,24
4	7	3400	27120	64	72	4	0	8400	17,8,26,8
4	7	3800	4464	64	72	4	0	9000	26,26,10,8
4	7	3800	7208	64	72	4	0	8400	17,26,2,16
4	7	3800	16752	64	72	4	0	9000	10,26,24,26
4	7	3800	19892	64	72	4	0	9000	1,1,10,8
4	7	3800	21248	64	72	4	0	8200	1,16,8,26
4	7	3800	23164	64	72	4	0	8400	17,16,8,10
4	7	3800	24260	64	72	4	0	8400	16,24,17,10
4	7	3800	27168	64	72	4	0	9000	8,10,10,10
4	7	4000	1	36	38	0	1	8000	
4	7	4000	1132	36	44	4	0	8000	11,11,1,16
4	7	4000	1208	36	44	4	0	8000	8,1,8,17
4	7	4000	2144	36	44	4	0	8000	3,25,24,17
4	7	4000	2456	36	44	4	0	8000	25,10,17,8
4	7	4000	3140	36	44	4	0	8000	26,1,8,26
4	7	4000	4912	36	44	4	0	8000	26,19,10,16
4	7	4000	5708	36	44	4	0	8000	24,16,3,24
4	7	4800	1092	32	40	4	0	800	10,16,3,24
4	7	4800	1208	32	40	4	0	800	8,1,8,17
4	7	4800	4580	32	40	4	0	4000	24,2,10,24
4	7	4800	5708	32	40	4	0	800	24,16,3,24
4	7	4800	5856	32	40	4	0	4000	2,10,8,26
4	7	4800	7164	32	40	4	0	4000	11,2,26,19
4	7	4800	7724	32	40	4	0	2000	25,1,16,10
4	7	4800	8936	32	40	4	0	4000	10,2,17,26
4	7	4c00	0	64	64	0	0	8400	
4	7	4c00	552	64	72	4	0	8400	10,26,24,8
4	7	4c00	1068	64	72	4	0	8400	3,3,10,2
4	7	4c00	5480	64	72	4	0	8008	3,16,19,24
4	7	4c00	5756	64	72	4	0	8400	2,26,8,16
4	7	4c00	6644	64	72	4	0	8400	24,16,10,10
4	7	4c00	6796	64	72	4	0	8040	19,26,24,11
4	7	4c00	7604	64	72	4	0	8400	16,24,24,24
4	7	6000	196	32	40	4	0	2000	8,3,3,25
4	7	6000	340	32	40	4	0	800	2,16,2,17
4	7	6000	1132	32	40	4	0	4000	11,11,1,16
4	7	6000	2144	32	40	4	0	80	3,25,24,17
4	7	6000	2756	32	40	4	0	4000	25,1,10,25
4	7	6000	3140	32	40	4	0	4000	26,1,8,26
4	7	6000	5856	32	40	4	0	2000	2,10,8,26
4	7	6000	7684	32	40	4	0	2000	8,17,25,17
4	7	6369	4704	56	66	4	2	2004	2,3,17,3
4	7	6369	13004	56	66	4	4	810	19,2,10,17
4	7	6369	13720	56	66	4	2	2004	1,1,2,17
4	7	6369	19012	56	66	4	2	2004	17,1,19,2
4	7	6369	23008	56	66	4	2	2004	16,19,1,26
4	7	6369	24108	56	66	4	2	2004	2,19,3,17
4	7	6369	35312	56	66	4	2	2004	2,26,26,17
4	7	6369	40484	56	66	4	2	2004	26,25,17,1
4	7	7000	0	64	64	0	0	9000	
4	7	7000	1380	64	72	4	0	9000	16,24,1,25
4	7	7000	2772	64	72	4	0	8020	3,25,24,3
4	7	7000	3412	64	72	4	0	9000	25,1,8,8
4	7	7000	3768	64	72	4	0	9000	1,25,16,8
4	7	7000	4356	64	72	4	0	9000	2,2,17,1
4	7	7000	5480	64	72	4	0	8020	3,16,19,24
4	7	7000	6480	64	72	4	0	8400	10,2,1,17
4	7	7c00	2456	88	96	4	0	9100	25,10,17,8
4	7	7c00	9136	88	96	4	0	9100	2,8,2,26
4	7	7c00	10528	88	96	4	0	8500	17,16,8,25
4	7	7c00	15952	88	96	4	0	8500	16,25,8,17
4	7	7c00	16668	88	96	4	0	8500	26,8,17,10
4	7	7c00	37088	88	96	4	0	9100	10,26,1,8
4	7	7c00	37308	88	96	4	0	8500	25,1,16,1
4	7	7c00	37344	88	96	4	0	8500	25,2,16,1
4	8	0	0	0	0	0	0	0	
4	8	0	1	0	2	0	1	0	
4	8	0	2	0	2	0	2	0	
4	8	0	4	0	2	0	4	0	
4	8	0	8	0	2	0	8	0	
4	8	0	3	0	4	0	3	0	
4	8	0	5	0	4	0	5	0	
4	8	0	6	0	4	0	6	0	
4	8	1400	792	36	44	4	0	2000	2,10,17,16
4	8	1400	852	36	44	4	0	800	8,24,8,17
4	8	1400	1052	36	44	4	0	2000	3,24,10,25
4	8	1400	5436	36	44	4	0	800	26,24,1,17
4	8	1400	9420	36	44	4	0	800	2,2,17,8
4	8	1400	12112	36	44	4	0	800	24,17,19,19
4	8	1400	14684	36	44	4	0	4000	8,2,24,1
4	8	1400	16752	36	44	4	0	2000	10,26,24,26
4	8	16c7	4648	96	108	4	12	4210	11,8,26,3
4	8	16c7	13100	96	108	4	5	2018	25,10,24,11
4	8	16c7	18320	96	108	4	9	4210	1,10,25,3
4	8	16c7	32428	96	108	4	12	1082	16,2,8,26
4	8	16c7	42864	96	108	4	9	4210	2,3,10,24
4	8	16c7	58112	96	108	4	9	284	2,17,24,11
4	8	16c7	58588	96	108	4	9	4210	3,8,2,8
4	8	16c7	64464	96	108	4	12	2410	25,3,8,10
4	8	4000	1	40	42	0	1	8000	
4	8	4000	1132	40	48	4	0	8000	11,11,1,16
4	8	4000	1208	40	48	4	0	8000	8,1,8,17
4	8	4000	2144	40	48	4	0	8000	3,25,24,17
4	8	4000	2456	40	48	4	0	8000	25,10,17,8
4	8	4000	3140	40	48	4	0	8000	26,1,8,26
4	8	4000	4912	40	48	4	0	8000	26,19,10,16
4	8	4000	5708	40	48	4	0	8000	24,16,3,24
4	8	4800	1092	36	44	4	0	800	10,16,3,24
4	8	4800	1208	36	44	4	0	800	8,1,8,17
4	8	4800	4580	36	44	4	0	4000	24,2,10,24
4	8	4800	5708	36	44	4	0	800	24,16,3,24
4	8	4800	5856	36	44	4	0	4000	2,10,8,26
4	8	4800	7164	36	44	4	0	4000	11,2,26,19
4	8	4800	7724	36	44	4	0	2000	25,1,16,10
4	8	4800	8936	36	44	4	0	4000	10,2,17,26
4	8	6000	196	36	44	4	0	2000	8,3,3,25
4	8	6000	340	36	44	4	0	800	2,16,2,17
4	8	6000	1132	36	44	4	0	4000	11,11,1,16
4	8	6000	2144	36	44	4	0	80	3,25,24,17
4	8	6000	2756	36	44	4	0	4000	25,1,10,25
4	8	6000	3140	36	44	4	0	4000	26,1,8,26
4	8	6000	5856	36	44	4	0	2000	2,10,8,26
4	8	6000	7684	36	44	4	0	2000	8,17,25,17
4	8	7c00	2456	100	108	4	0	9100	25,10,17,8
4	8	7c00	9136	100	108	4	0	9100	2,8,2,26
4	8	7c00	10528	100	108	4	0	8500	17,16,8,25
4	8	7c00	15952	100	108	4	0	8500	16,25,8,17
4	8	7c00	16668	100	108	4	0	8500	26,8,17,10
4	8	7c00	37088	100	108	4	0	9100	10,26,1,8
4	8	7c00	37308	100	108	4	0	8500	25,1,16,1
4	8	7c00	37344	100	108	4	0	8500	25,2,16,1
4	9	0	0	0	0	0	0	0	
4	9	0	1	0	2	0	1	0	
4	9	0	2	0	2	0	2	0	
4	9	0	4	0	2	0	4	0	
4	9	0	8	0	2	0	8	0	
4	9	0	3	0	4	0	3	0	
4	9	0	5	0	4	0	5	0	
4	9	0	6	0	4	0	6	0	
4	9	400	5	44	48	0	5	8000	
4	9	400	300	44	52	4	0	8000	19,26,3,16
4	9	400	3796	44	52	4	0	8000	8,1,25,10
4	9	400	4464	44	52	4	0	8000	26,26,10,8
4	9	400	4852	44	52	4	0	8000	26,8,10,2
4	9	400	5188	44	52	4	0	8000	10,11,19,16
4	9	400	5436	44	52	4	0	8000	26,24,1,17
4	9	400	6244	44	52	4	0	8000	26,16,8,16
4	9	488	6504	80	88	4	0	8200	24,25,11,1
4	9	488	7256	80	88	4	0	8400	3,24,24,8
4	9	488	10088	80	88	4	0	8008	2,24,26,26
4	9	488	10496	80	88	4	0	8400	17,3,16,17
4	9	488	18760	80	88	4	0	8400	11,3,8,11
4	9	488	20444	80	88	4	0	8008	24,2,19,2
4	9	488	23732	80	88	4	0	8040	26,24,16,2
4	9	488	24576	80	88	4	0	8400	3,1,1,8
4	9	1400	792	40	48	4	0	2000	2,10,17,16
4	9	1400	852	40	48	4	0	800	8,24,8,17
4	9	1400	1052	40	48	4	0	2000	3,24,10,25
4	9	1400	5436	40	48	4	0	800	26,24,1,17
4	9	1400	9420	40	48	4	0	800	2,2,17,8
4	9	1400	12112	40	48	4	0	800	24,17,19,19
4	9	1400	14684	40	48	4	0	4000	8,2,24,1
4	9	1400	16752	40	48	4	0	2000	10,26,24,26
4	9	37ff	5	108	112	0	5	8401	
4	9	37ff	300	108	116	4	0	8041	19,26,3,16
4	9	37ff	4464	108	116	4	0	8401	26,26,10,8
4	9	37ff	4852	108	116	4	0	8401	26,8,10,2
4	9	37ff	6244	108	116	4	0	8401	26,16,8,16
4	9	37ff	7088	108	116	4	0	8041	2,19,26,24
4	9	37ff	9368	108	116	4	0	8401	26,1,1,24
4	9	37ff	12780	108	116	4	0	8401	2,16,26,16
4	9	4000	1	44	46	0	1	8000	
4	9	4000	1132	44	52	4	0	8000	11,11,1,16
4	9	4000	1208	44	52	4	0	8000	8,1,8,17
4	9	4000	2144	44	52	4	0	8000	3,25,24,17
4	9	4000	2456	44	52	4	0	8000	25,10,17,8
4	9	4000	3140	44	52	4	0	8000	26,1,8,26
4	9	4000	4912	44	52	4	0	8000	26,19,10,16
4	9	4000	5708	44	52	4	0	8000	24,16,3,24
4	9	6000	196	40	48	4	0	2000	8,3,3,25
4	9	6000	340	40	48	4	0	800	2,16,2,17
4	9	6000	1132	40	48	4	0	4000	11,11,1,16
4	9	6000	2144	40	48	4	0	80	3,25,24,17
4	9	6000	2756	40	48	4	0	4000	25,1,10,25
4	9	6000	3140	40	48	4	0	4000	26,1,8,26
4	9	6000	5856	40	48	4	0	2000	2,10,8,26
4	9	6000	7684	40	48	4	0	2000	8,17,25,17
4	9	ffec	10	108	112	0	10	8401	
4	9	ffec	28	108	120	4	10	8401	11,8,25,25
4	9	ffec	288	108	120	4	10	8401	24,25,1,1
4	9	ffec	1576	108	120	4	10	8401	8,24,25,26
4	9	ffec	1660	108	120	4	6	8041	19,8,26,19
4	9	ffec	1920	108	120	4	10	8401	11,8,26,26
4	9	ffec	2492	108	120	4	10	8401	11,8,25,25
4	9	ffec	3332	108	120	4	10	8401	1,26,26,1
4	10	0	0	0	0	0	0	0	
4	10	0	1	0	2	0	1	0	
4	10	0	2	0	2	0	2	0	
4	10	0	4	0	2	0	4	0	
4	10	0	8	0	2	0	8	0	
4	10	0	3	0	4	0	3	0	
4	10	0	5	0	4	0	5	0	
4	10	0	6	0	4	0	6	0	
4	10	2	14	48	54	0	14	8000	
4	10	2	732	48	56	4	0	8000	3,17,2,25
4	10	2	1276	48	56	4	0	8000	1,17,2,11
4	10	2	1764	48	56	4	0	8000	2,17,26,11
4	10	2	3424	48	56	4	0	8000	1,10,26,3
4	10	2	5888	48	56	4	0	8000	16,1,2,11
4	10	2	8340	48	56	4	0	8000	3,11,1,26
4	10	2	8480	48	56	4	0	8000	1,26,11,10
4	10	4	13	48	54	0	13	8000	
4	10	4	400	48	56	4	0	8000	11,8,19,2
4	10	4	1184	48	56	4	0	8000	10,1,19,24
4	10	4	2640	48	56	4	0	8000	8,24,10,3
4	10	4	4920	48	56	4	0	8000	10,19,3,24
4	10	4	5004	48	56	4	0	8000	11,2,10,16
4	10	4	6444	48	56	4	0	8000	3,11,26,8
4	10	4	14244	48	56	4	0	8000	10,11,3,24
4	10	28	4496	44	52	4	0	2000	24,25,10,19
4	10	28	5448	44	52	4	0	800	19,11,17,10
4	10	28	6136	44	52	4	0	800	17,10,10,11
4	10	28	6792	44	52	4	0	2000	3,10,16,24
4	10	28	8004	44	52	4	0	800	24,17,24,3
4	10	28	8352	44	52	4	0	800	17,11,8,8
4	10	28	9652	44	52	4	0	2000	10,1,17,19
4	10	28	10368	44	52	4	0	80	17,19,11,26
4	10	19a	13568	164	172	4	0	8242	26,17,19,19
4	10	19a	15156	164	172	4	0	8340	8,1,19,10
4	10	19a	32756	164	172	4	0	8242	26,17,17,17
4	10	19a	34140	164	172	4	0	8242	26,16,17,16
4	10	19a	34292	164	172	4	0	8340	11,8,2,17
4	10	19a	35060	164	172	4	0	8242	10,17,25,26
4	10	19a	37988	164	172	4	0	8242	26,19,17,19
4	10	19a	47292	164	172	4	0	900a	16,26,11,25
4	10	442	9388	88	96	4	0	8200	19,3,8,25
4	10	442	15704	88	96	4	0	8200	3,8,19,25
4	10	442	20208	88	96	4	0	8008	1,26,16,2
4	10	442	22148	88	96	4	0	8008	16,2,17,24
4	10	442	32116	88	96	4	0	8400	1,19,26,3
4	10	442	41000	88	96	4	0	8008	26,8,2,17
4	10	442	49680	88	96	4	0	8400	2,19,26,1
4	10	442	62020	88	96	4	0	8400	2,1,19,10
4	10	600	5436	44	52	4	0	4000	26,24,1,17
4	10	600	5936	44	52	4	0	4000	1,10,8,16
4	10	600	6244	44	52	4	0	2000	26,16,8,16
4	10	600	6508	44	52	4	0	4000	1,10,19,19
4	10	600	7228	44	52	4	0	4000	1,1,1,26
4	10	600	7696	44	52	4	0	4000	26,1,17,17
4	10	600	8592	44	52	4	0	2000	17,8,2,25
4	10	600	9092	44	52	4	0	4000	26,19,19,1
4	10	64e	5580	120	130	4	4	4022	25,11,24,2
4	10	64e	8092	120	130	4	4	4022	11,8,2,19
4	10	64e	9552	120	130	4	4	2044	11,1,10,8
4	10	64e	7116	120	132	4	9	830	16,2,10,8
4	10	64e	11520	120	132	4	12	4022	8,2,17,19
4	10	64e	11864	120	132	4	10	850	16,1,10,24
4	10	64e	15816	120	132	4	10	850	1,17,16,10
4	10	64e	16224	120	132	4	6	850	3,16,19,1
4	10	ff8	3128	116	126	4	8	8101	16,2,3,19
4	10	ff8	3588	116	126	4	4	8011	3,24,2,24
4	10	ff8	5460	116	126	4	1	8003	3,19,26,24
4	10	ff8	8644	116	126	4	4	8011	26,10,11,10
4	10	ff8	11200	116	126	4	4	8011	24,25,26,11
4	10	ff8	15444	116	126	4	4	8011	26,11,24,8
4	10	ff8	16944	116	126	4	2	8005	10,26,19,17
4	10	ff8	16964	116	126	4	4	8011	26,25,16,11
4	10	37ff	5	120	124	0	5	8401	
4	10	37ff	300	120	128	4	0	8041	19,26,3,16
4	10	37ff	4464	120	128	4	0	8401	26,26,10,8
4	10	37ff	4852	120	128	4	0	8401	26,8,10,2
4	10	37ff	6244	120	128	4	0	8401	26,16,8,16
4	10	37ff	7088	120	128	4	0	8041	2,19,26,24
4	10	37ff	9368	120	128	4	0	8401	26,1,1,24
4	10	37ff	12780	120	128	4	0	8401	2,16,26,16
4	10	4000	1	48	50	0	1	8000	
4	10	4000	1132	48	56	4	0	8000	11,11,1,16
4	10	4000	1208	48	56	4	0	8000	8,1,8,17
4	10	4000	2144	48	56	4	0	8000	3,25,24,17
4	10	4000	2456	48	56	4	0	8000	25,10,17,8
4	10	4000	3140	48	56	4	0	8000	26,1,8,26
4	10	4000	4912	48	56	4	0	8000	26,19,10,16
4	10	4000	5708	48	56	4	0	8000	24,16,3,24
4	10	ffec	10	120	124	0	10	8401	
4	10	ffec	28	120	132	4	10	8401	11,8,25,25
4	10	ffec	288	120	132	4	10	8401	24,25,1,1
4	10	ffec	1576	120	132	4	10	8401	8,24,25,26
4	10	ffec	1660	120	132	4	6	8041	19,8,26,19
4	10	ffec	1920	120	132	4	10	8401	11,8,26,26
4	10	ffec	2492	120	132	4	10	8401	11,8,25,25
4	10	ffec	3332	120	132	4	10	8401	1,26,26,1
4	11	0	0	0	0	0	0	0	
4	11	0	1	0	2	0	1	0	
4	11	0	2	0	2	0	2	0	
4	11	0	4	0	2	0	4	0	
4	11	0	8	0	2	0	8	0	
4	11	0	3	0	4	0	3	0	
4	11	0	5	0	4	0	5	0	
4	11	0	6	0	4	0	6	0	
4	11	2	14	52	58	0	14	8000	
4	11	2	732	52	60	4	0	8000	3,17,2,25
4	11	2	1276	52	60	4	0	8000	1,17,2,11
4	11	2	1764	52	60	4	0	8000	2,17,26,11
4	11	2	3424	52	60	4	0	8000	1,10,26,3
4	11	2	5888	52	60	4	0	8000	16,1,2,11
4	11	2	8340	52	60	4	0	8000	3,11,1,26
4	11	2	8480	52	60	4	0	8000	1,26,11,10
4	11	4	13	52	58	0	13	8000	
4	11	4	400	52	60	4	0	8000	11,8,19,2
4	11	4	1184	52	60	4	0	8000	10,1,19,24
4	11	4	2640	52	60	4	0	8000	8,24,10,3
4	11	4	4920	52	60	4	0	8000	10,19,3,24
4	11	4	5004	52	60	4	0	8000	11,2,10,16
4	11	4	6444	52	60	4	0	8000	3,11,26,8
4	11	4	14244	52	60	4	0	8000	10,11,3,24
4	11	28	4496	48	56	4	0	2000	24,25,10,19
4	11	28	5448	48	56	4	0	800	19,11,17,10
4	11	28	6136	48	56	4	0	800	17,10,10,11
4	11	28	6792	48	56	4	0	2000	3,10,16,24
4	11	28	8004	48	56	4	0	800	24,17,24,3
4	11	28	8352	48	56	4	0	800	17,11,8,8
4	11	28	9652	48	56	4	0	2000	10,1,17,19
4	11	28	10368	48	56	4	0	80	17,19,11,26
4	11	19a	13568	180	188	4	0	8242	26,17,19,19
4	11	19a	15156	180	188	4	0	8340	8,1,19,10
4	11	19a	32756	180	188	4	0	8242	26,17,17,17
4	11	19a	34140	180	188	4	0	8242	26,16,17,16
4	11	19a	34292	180	188	4	0	8340	11,8,2,17
4	11	19a	35060	180	188	4	0	8242	10,17,25,26
4	11	19a	37988	180	188	4	0	8242	26,19,17,19
4	11	19a	47292	180	188	4	0	900a	16,26,11,25
4	11	241	1104	96	108	4	3	8008	17,1,1,24
4	11	241	3244	96	108	4	12	9000	17,17,3,10
4	11	241	4288	96	108	4	6	8040	24,16,2,1
4	11	241	4328	96	108	4	5	8020	10,17,24,1
4	11	241	4756	96	108	4	5	8020	24,10,19,19
4	11	241	5316	96	108	4	12	9000	26,26,3,10
4	11	241	6584	96	108	4	3	8008	17,1,25,24
4	11	241	7572	96	108	4	10	8400	3,17,8,10
4	11	442	9388	96	104	4	0	8200	19,3,8,25
4	11	442	15704	96	104	4	0	8200	3,8,19,25
4	11	442	20208	96	104	4	0	8008	1,26,16,2
4	11	442	22148	96	104	4	0	8008	16,2,17,24
4	11	442	32116	96	104	4	0	8400	1,19,26,3
4	11	442	41000	96	104	4	0	8008	26,8,2,17
4	11	442	49680	96	104	4	0	8400	2,19,26,1
4	11	442	62020	96	104	4	0	8400	2,1,19,10
4	11	600	5436	48	56	4	0	4000	26,24,1,17
4	11	600	5936	48	56	4	0	4000	1,10,8,16
4	11	600	6244	48	56	4	0	2000	26,16,8,16
4	11	600	6508	48	56	4	0	4000	1,10,19,19
4	11	600	7228	48	56	4	0	4000	1,1,1,26
4	11	600	7696	48	56	4	0	4000	26,1,17,17
4	11	600	8592	48	56	4	0	2000	17,8,2,25
4	11	600	9092	48	56	4	0	4000	26,19,19,1
4	11	64e	5580	132	142	4	4	4022	25,11,24,2
4	11	64e	8092	132	142	4	4	4022	11,8,2,19
4	11	64e	9552	132	142	4	4	2044	11,1,10,8
4	11	64e	7116	132	144	4	9	830	16,2,10,8
4	11	64e	11520	132	144	4	12	4022	8,2,17,19
4	11	64e	11864	132	144	4	10	850	16,1,10,24
4	11	64e	15816	132	144	4	10	850	1,17,16,10
4	11	64e	16224	132	144	4	6	850	3,16,19,1
4	11	a40	10076	96	104	4	0	9000	19,2,17,8
4	11	a40	12532	96	104	4	0	8200	19,17,1,16
4	11	a40	12628	96	104	4	0	8020	2,19,24,25
4	11	a40	21108	96	104	4	0	8200	25,19,16,25
4	11	a40	39828	96	104	4	0	8020	26,19,24,17
4	11	a40	43336	96	104	4	0	8200	25,17,16,19
4	11	a40	58484	96	104	4	0	9000	19,2,24,1
4	11	a40	3648	96	106	4	8	8200	3,25,16,1
4	11	ff8	3128	128	138	4	8	8101	16,2,3,19
4	11	ff8	3588	128	138	4	4	8011	3,24,2,24
4	11	ff8	5460	128	138	4	1	8003	3,19,26,24
4	11	ff8	8644	128	138	4	4	8011	26,10,11,10
4	11	ff8	11200	128	138	4	4	8011	24,25,26,11
4	11	ff8	15444	128	138	4	4	8011	26,11,24,8
4	11	ff8	16944	128	138	4	2	8005	10,26,19,17
4	11	ff8	16964	128	138	4	4	8011	26,25,16,11
4	11	37ff	5	132	136	0	5	8401	
4	11	37ff	300	132	140	4	0	8041	19,26,3,16
4	11	37ff	4464	132	140	4	0	8401	26,26,10,8
4	11	37ff	4852	132	140	4	0	8401	26,8,10,2
4	11	37ff	6244	132	140	4	0	8401	26,16,8,16
4	11	37ff	7088	132	140	4	0	8041	2,19,26,24
4	11	37ff	9368	132	140	4	0	8401	26,1,1,24
4	11	37ff	12780	132	140	4	0	8401	2,16,26,16
4	11	ffec	10	132	136	0	10	8401	
4	11	ffec	28	132	144	4	10	8401	11,8,25,25
4	11	ffec	288	132	144	4	10	8401	24,25,1,1
4	11	ffec	1576	132	144	4	10	8401	8,24,25,26
4	11	ffec	1660	132	144	4	6	8041	19,8,26,19
4	11	ffec	1920	132	144	4	10	8401	11,8,26,26
4	11	ffec	2492	132	144	4	10	8401	11,8,25,25
4	11	ffec	3332	132	144	4	10	8401	1,26,26,1
4	12	0	0	0	0	0	0	0	
4	12	0	1	0	2	0	1	0	
4	12	0	2	0	2	0	2	0	
4	12	0	4	0	2	0	4	0	
4	12	0	8	0	2	0	8	0	
4	12	0	3	0	4	0	3	0	
4	12	0	5	0	4	0	5	0	
4	12	0	6	0	4	0	6	0	
4	12	241	1104	104	116	4	3	8008	17,1,1,24
4	12	241	3244	104	116	4	12	9000	17,17,3,10
4	12	241	4288	104	116	4	6	8040	24,16,2,1
4	12	241	4328	104	116	4	5	8020	10,17,24,1
4	12	241	4756	104	116	4	5	8020	24,10,19,19
4	12	241	5316	104	116	4	12	9000	26,26,3,10
4	12	241	6584	104	116	4	3	8008	17,1,25,24
4	12	241	7572	104	116	4	10	8400	3,17,8,10
4	12	488	6504	104	112	4	0	8200	24,25,11,1
4	12	488	7256	104	112	4	0	8400	3,24,24,8
4	12	488	10088	104	112	4	0	8008	2,24,26,26
4	12	488	10496	104	112	4	0	8400	17,3,16,17
4	12	488	18760	104	112	4	0	8400	11,3,8,11
4	12	488	20444	104	112	4	0	8008	24,2,19,2
4	12	488	23732	104	112	4	0	8040	26,24,16,2
4	12	488	24576	104	112	4	0	8400	3,1,1,8
4	12	a40	10076	104	112	4	0	9000	19,2,17,8
4	12	a40	12532	104	112	4	0	8200	19,17,1,16
4	12	a40	12628	104	112	4	0	8020	2,19,24,25
4	12	a40	21108	104	112	4	0	8200	25,19,16,25
4	12	a40	39828	104	112	4	0	8020	26,19,24,17
4	12	a40	43336	104	112	4	0	8200	25,17,16,19
4	12	a40	58484	104	112	4	0	9000	19,2,24,1
4	12	a40	3648	104	114	4	8	8200	3,25,16,1
4	12	4000	1	56	58	0	1	8000	
4	12	4000	1132	56	64	4	0	8000	11,11,1,16
4	12	4000	1208	56	64	4	0	8000	8,1,8,17
4	12	4000	2144	56	64	4	0	8000	3,25,24,17
4	12	4000	2456	56	64	4	0	8000	25,10,17,8
4	12	4000	3140	56	64	4	0	8000	26,1,8,26
4	12	4000	4912	56	64	4	0	8000	26,19,10,16
4	12	4000	5708	56	64	4	0	8000	24,16,3,24
4	13	0	0	0	0	0	0	0	
4	13	0	1	0	2	0	1	0	
4	13	0	2	0	2	0	2	0	
4	13	0	4	0	2	0	4	0	
4	13	0	8	0	2	0	8	0	
4	13	0	3	0	4	0	3	0	
4	13	0	5	0	4	0	5	0	
4	13	0	6	0	4	0	6	0	
4	13	136	5436	212	220	4	0	8424	26,24,1,17
4	13	136	6964	212	220	4	0	8520	16,3,10,16
4	13	136	20584	212	220	4	0	8424	2,26,1,16
4	13	136	21932	212	220	4	0	8520	10,19,8,3
4	13	136	31184	212	220	4	0	8520	3,2,10,16
4	13	136	31840	212	220	4	0	8424	1,17,24,26
4	13	136	32508	212	220	4	0	9108	17,3,8,10
4	13	136	34588	212	220	4	0	8520	10,3,2,16
4	13	488	6504	112	120	4	0	8200	24,25,11,1
4	13	488	7256	112	120	4	0	8400	3,24,24,8
4	13	488	10088	112	120	4	0	8008	2,24,26,26
4	13	488	10496	112	120	4	0	8400	17,3,16,17
4	13	488	18760	112	120	4	0	8400	11,3,8,11
4	13	488	20444	112	120	4	0	8008	24,2,19,2
4	13	488	23732	112	120	4	0	8040	26,24,16,2
4	13	488	24576	112	120	4	0	8400	3,1,1,8
4	13	4000	1	60	62	0	1	8000	
4	13	4000	1132	60	68	4	0	8000	11,11,1,16
4	13	4000	1208	60	68	4	0	8000	8,1,8,17
4	13	4000	2144	60	68	4	0	8000	3,25,24,17
4	13	4000	2456	60	68	4	0	8000	25,10,17,8
4	13	4000	3140	60	68	4	0	8000	26,1,8,26
4	13	4000	4912	60	68	4	0	8000	26,19,10,16
4	13	4000	5708	60	68	4	0	8000	24,16,3,24
4	14	0	0	0	0	0	0	0	
4	14	0	1	0	2	0	1	0	
4	14	0	2	0	2	0	2	0	
4	14	0	4	0	2	0	4	0	
4	14	0	8	0	2	0	8	0	
4	14	0	3	0	4	0	3	0	
4	14	0	5	0	4	0	5	0	
4	14	0	6	0	4	0	6	0	
4	14	4000	1	64	66	0	1	8000	
4	14	4000	1132	64	72	4	0	8000	11,11,1,16
4	14	4000	1208	64	72	4	0	8000	8,1,8,17
4	14	4000	2144	64	72	4	0	8000	3,25,24,17
4	14	4000	2456	64	72	4	0	8000	25,10,17,8
4	14	4000	3140	64	72	4	0	8000	26,1,8,26
4	14	4000	4912	64	72	4	0	8000	26,19,10,16
4	14	4000	5708	64	72	4	0	8000	24,16,3,24
4	15	0	0	0	0	0	0	0	
4	15	0	1	0	2	0	1	0	
4	15	0	2	0	2	0	2	0	
4	15	0	4	0	2	0	4	0	
4	15	0	8	0	2	0	8	0	
4	15	0	3	0	4	0	3	0	
4	15	0	5	0	4	0	5	0	
4	15	0	6	0	4	0	6	0	
4	15	407	1316	124	136	4	12	1080	24,19,2,2
4	15	407	1564	124	136	4	12	1800	16,26,19,16
4	15	407	2376	124	136	4	12	1080	24,1,19,1
4	15	407	2984	124	136	4	12	1080	11,24,16,17
4	15	407	3292	124	136	4	10	480	17,10,24,17
4	15	407	3400	124	136	4	5	4020	16,3,25,16
4	15	407	3920	124	136	4	3	4008	3,24,10,17
4	15	407	4768	124	136	4	12	1080	17,16,24,17
4	16	0	0	0	0	0	0	0	
4	16	0	1	0	2	0	1	0	
4	16	0	2	0	2	0	2	0	
4	16	0	4	0	2	0	4	0	
4	16	0	8	0	2	0	8	0	
4	16	0	3	0	4	0	3	0	
4	16	0	5	0	4	0	5	0	
4	16	0	6	0	4	0	6	0	
4	16	400	5	72	76	0	5	8000	
4	16	400	300	72	80	4	0	8000	19,26,3,16
4	16	400	3796	72	80	4	0	8000	8,1,25,10
4	16	400	4464	72	80	4	0	8000	26,26,10,8
4	16	400	4852	72	80	4	0	8000	26,8,10,2
4	16	400	5188	72	80	4	0	8000	10,11,19,16
4	16	400	5436	72	80	4	0	8000	26,24,1,17
4	16	400	6244	72	80	4	0	8000	26,16,8,16
4	17	0	0	0	0	0	0	0	
4	17	0	1	0	2	0	1	0	
4	17	0	2	0	2	0	2	0	
4	17	0	4	0	2	0	4	0	
4	17	0	8	0	2	0	8	0	
4	17	0	3	0	4	0	3	0	
4	17	0	5	0	4	0	5	0	
4	17	0	6	0	4	0	6	0	
4	18	0	0	0	0	0	0	0	
4	18	0	1	0	2	0	1	0	
4	18	0	2	0	2	0	2	0	
4	18	0	4	0	2	0	4	0	
4	18	0	8	0	2	0	8	0	
4	18	0	3	0	4	0	3	0	
4	18	0	5	0	4	0	5	0	
4	18	0	6	0	4	0	6	0	
4	18	1	15	80	88	0	15	8000	
4	18	1	24	80	96	4	15	8000	10,26,2,1
4	18	1	84	80	96	4	15	8000	2,10,24,1
4	18	1	100	80	96	4	15	8000	11,16,24,1
4	18	1	296	80	96	4	15	8000	17,16,11,16
4	18	1	388	80	96	4	15	8000	1,2,19,17
4	18	1	412	80	96	4	15	8000	17,1,8,24
4	18	1	592	80	96	4	15	8000	3,25,16,24
4	18	4000	1	80	82	0	1	8000	
4	18	4000	1132	80	88	4	0	8000	11,11,1,16
4	18	4000	1208	80	88	4	0	8000	8,1,8,17
4	18	4000	2144	80	88	4	0	8000	3,25,24,17
4	18	4000	2456	80	88	4	0	8000	25,10,17,8
4	18	4000	3140	80	88	4	0	8000	26,1,8,26
4	18	4000	4912	80	88	4	0	8000	26,19,10,16
4	18	4000	5708	80	88	4	0	8000	24,16,3,24
5	0	a48	1180	12	24	4	20	20080000	10,8,35,16
5	0	a48	42048	12	24	4	24	40200000	4,1,34,4
5	0	a48	52816	12	24	4	20	8200000	17,16,1,10
5	0	a48	55840	12	24	4	18	40200000	19,3,17,2
5	0	a48	5264	12	26	4	22	8200000	16,34,3,17
5	0	a48	11128	12	26	4	22	8200000	1,16,1,3
5	0	a48	33144	12	26	4	26	40200000	33,17,11,2
5	0	a48	50380	12	26	4	22	20080000	10,16,8,1
5	0	b6c	42404	20	30	4	16	90080000	11,24,26,17
5	0	b6c	29548	20	32	4	20	82400000	35,25,8,19
5	0	b6c	330	20	50	12	21	90080000	8,33,19,4,4,3,19,1,2,35,25,16
5	0	b6c	1415	20	58	16	22	84200000	11,26,1,33,2,25,3,24,24,25,16,33,24,1,26,24
5	0	b6c	25640	22	32	4	16	84340000	26,25,34,16
5	0	b6c	3932	22	34	4	17	84340000	1,25,1,26
5	0	b6c	51616	22	34	4	18	83500000	19,24,26,10
5	0	b6c	6448	22	36	4	19	85300000	32,11,26,10
5	0	1480	8932	16	28	4	20	80080000	24,19,3,25
5	0	1480	22260	16	28	4	24	80080000	2,24,35,17
5	0	1480	46980	16	28	4	24	80200000	26,24,1,10
5	0	1480	2876	16	30	4	28	84000000	11,24,1,19
5	0	1480	46732	16	30	4	14	80200000	25,10,24,4
5	0	1480	62612	16	30	4	28	80080000	16,1,16,24
5	0	1480	3580	16	32	4	30	80200000	10,35,26,24
5	0	1480	21461	16	32	8	0	80080000	25,2,17,25,24,35,11,12
5	0	1ec8	11973	20	42	8	25	84200000	19,32,2,11,24,2,1,1
5	0	1ec8	48381	20	42	8	11	84000080	12,19,11,33,33,24,33,26
5	0	1ec8	40388	22	32	4	16	83440000	24,11,16,34
5	0	1ec8	50868	22	34	4	24	901c0000	8,2,10,24
5	0	1ec8	12096	22	36	4	25	901c0000	26,32,24,25
5	0	1ec8	15464	22	36	4	25	901c0000	26,24,35,2
5	0	1ec8	54008	22	36	4	25	901c0000	2,35,24,34
5	0	1ec8	1928	22	38	4	29	910c0000	10,2,19,34
5	0	80f0c0f	5	17	22	0	5	80005010	
5	0	80f0c0f	228	17	28	4	4	80005010	24,16,12,28
5	0	80f0c0f	1476	17	28	4	4	80005010	8,17,2,2
5	0	80f0c0f	3408	17	28	4	4	800000b0	2,19,2,24
5	0	80f0c0f	3968	17	28	4	4	80005010	4,16,17,8
5	0	80f0c0f	6428	17	28	4	4	80005010	24,3,3,17
5	0	80f0c0f	6808	17	28	4	4	80005010	28,17,8,12
5	0	80f0c0f	9620	17	28	4	16	85010000	34,16,20,33
5	0	20802001	21016	12	26	4	11	20000800	16,10,19,33
5	0	20802001	268	12	28	4	27	8000080	17,16,25,35
5	0	20802001	23040	12	28	4	27	8000080	16,17,2,25
5	0	20802001	14129	12	34	8	13	8002000	16,17,12,11,24,28,34,12
5	0	20802001	9877	12	36	8	27	8002000	17,16,8,11,8,16,33,16
5	0	20802001	24301	12	36	8	23	804000	8,4,11,1,26,19,25,10
5	0	20802001	27889	12	36	8	30	40002000	11,17,26,17,3,16,28,33
5	0	20802001	30969	12	36	8	29	40002000	3,2,32,8,24,16,11,1
5	0	30003000	2	4	6	0	2	4000	
5	0	30003000	3	4	8	0	3	4000	
5	0	30003000	18	4	8	0	18	4000	
5	0	30003000	19	4	10	0	19	4000	
5	0	30003000	1568	4	12	4	0	4000	20,17,16,28
5	0	30003000	3064	4	12	4	0	4000	25,24,8,28
5	0	30003000	6552	4	12	4	0	4000	28,16,25,32
5	0	30003000	7320	4	12	4	0	4000	11,24,17,4
5	0	44000000	1	8	10	0	1	8000000	
5	0	44000000	5	8	12	0	5	8000000	
5	0	44000000	556	8	16	4	0	8000000	11,8,28,3
5	0	44000000	4400	8	16	4	0	8000000	3,3,4,24
5	0	44000000	13724	8	16	4	0	8000000	25,24,33,26
5	0	44000000	26316	8	16	4	0	8000000	10,3,10,8
5	0	44000000	34576	8	16	4	0	8000000	24,10,10,34
5	0	44000000	37568	8	16	4	0	8000000	8,11,3,10
5	0	47000300	5	13	17	0	5	8005000	
5	0	47000300	56948	13	21	4	0	8005000	26,24,4,12
5	0	47000300	5516	13	23	4	4	8005000	10,32,19,19
5	0	47000300	11208	13	23	4	2	18001000	33,12,24,26
5	0	47000300	20076	13	23	4	16	8005000	10,32,4,26
5	0	47000300	21780	13	23	4	1	805000	19,12,26,12
5	0	47000300	26572	13	23	4	16	8003000	1,12,8,26
5	0	47000300	29336	13	23	4	1	8005000	26,4,24,32
5	0	80f0c0f0	1	17	20	0	1	80005010	
5	0	80f0c0f0	4400	17	26	4	0	80005010	3,3,4,24
5	0	80f0c0f0	31404	17	26	4	0	80005010	26,32,20,26
5	0	80f0c0f0	31824	17	26	4	0	80005010	24,20,32,4
5	0	80f0c0f0	42104	17	26	4	0	800000b0	3,16,16,24
5	0	80f0c0f0	47152	17	26	4	0	80005010	19,24,19,8
5	0	80f0c0f0	52428	17	26	4	0	80005010	4,8,24,32
5	0	80f0c0f0	54512	17	26	4	0	80005010	28,12,4,32
5	0	b4d22911	45567	18	54	16	0	80052035	4,28,26,35,2,32,1,4,4,12,24,11,35,16,33,8
5	0	b4d22911	14436	19	34	4	22	82100058	16,34,24,25
5	0	b4d22911	19472	19	36	4	19	90110419	2,35,25,26
5	0	b4d22911	52832	19	36	4	20	9110011f	2,1,35,24
5	0	b4d22911	44241	19	44	8	22	82110059	26,34,34,26,24,16,32,25
5	0	b4d22911	10222	19	48	12	18	80042038	35,2,32,2,24,20,3,3,25,16,34,2
5	0	b4d22911	33154	19	48	12	16	82110344	33,8,8,35,16,20,17,20,4,24,2,35
5	0	b4d22911	47614	19	50	12	18	80201436	33,16,24,17,25,26,4,34,28,19,26,34
5	0	ec80c800	46413	17	46	8	31	9000000f	2,3,4,24,1,1,34,11
5	0	ec80c800	35042	17	54	12	31	80200505	17,26,28,8,32,11,25,19,20,34,26,32
5	0	ec80c800	28819	17	60	16	31	80400202	33,25,4,2,10,32,3,10,32,34,10,10,12,11,17,32
5	0	ec80c800	20560	18	40	4	31	80081515	25,8,20,17
5	0	ec80c800	53665	18	44	8	31	90000208	19,34,4,16,35,11,24,25
5	0	ec80c800	30866	18	52	12	31	80400600	20,2,24,1,8,8,8,3,17,20,12,8
5	0	ec80c800	35626	18	54	12	31	80200550	24,32,34,20,28,11,4,28,24,8,19,11
5	0	ec80c800	2987	18	60	16	31	81024000	8,34,26,10,33,34,25,12,34,1,4,4,25,3,10,34
5	0	ecc88000	12185	17	44	8	31	80042004	10,34,19,33,11,8,12,2
5	0	ecc88000	46921	17	44	8	31	80052000	34,3,20,35,10,20,35,32
5	0	ecc88000	58731	17	62	16	31	80052005	2,20,32,20,3,32,8,3,32,2,2,3,19,2,3,24
5	0	ecc88000	10848	18	40	4	31	9005000f	12,34,4,3
5	0	ecc88000	18936	18	40	4	31	80150815	16,33,17,19
5	0	ecc88000	37	18	48	8	31	82000555	16,35,25,12,33,19,35,12
5	0	ecc88000	20185	18	48	8	31	80072007	24,1,10,35,33,11,35,34
5	0	ecc88000	58605	18	48	8	31	80150815	20,19,16,33,4,4,24,12
5	0	fce8c080	40288	17	36	4	31	82010040	17,10,12,34
5	0	fce8c080	41744	17	36	4	31	80100804	34,3,12,17
5	0	fce8c080	12684	17	38	4	31	82010141	17,34,28,12
5	0	fce8c080	36098	17	54	12	31	82010141	17,19,34,17,12,32,17,35,20,11,28,16
5	0	fce8c080	10303	17	62	16	31	82010141	10,33,19,3,28,12,25,25,12,8,12,8,19,3,3,12
5	0	fce8c080	26335	17	62	16	31	82010043	33,28,10,11,26,19,19,10,11,3,12,35,34,35,28,20
5	0	fce8c080	17528	18	38	4	31	82050044	17,12,32,35
5	0	fce8c080	20448	18	38	4	31	80042054	3,34,10,33
5	0	fec8c800	53440	17	36	4	31	81000084	28,16,33,11
5	0	fec8c800	61765	17	44	8	31	81000084	26,11,12,26,33,34,25,26
5	0	fec8c800	32849	17	46	8	31	81000087	24,11,25,8,12,28,33,1
5	0	fec8c800	12043	17	60	16	31	80042100	16,10,25,24,12,28,11,12,35,12,10,24,25,25,2,32
5	0	fec8c800	7164	18	38	4	31	80250404	25,12,32,11
5	0	fec8c800	14504	18	38	4	31	80250404	25,8,12,8
5	0	fec8c800	27192	18	38	4	31	80042504	2,33,11,24
5	0	fec8c800	33756	18	38	4	31	81052100	3,12,3,35
5	0	fefce8c0	21312	17	31	4	18	80042011	17,20,10,34
5	0	fefce8c0	1216	18	31	4	16	80130805	20,33,2,10
5	0	fefce8c0	2752	18	31	4	4	80100855	34,24,17,8
5	0	fefce8c0	7728	18	31	4	4	80100855	34,17,24,24
5	0	fefce8c0	16036	18	31	4	16	80152011	10,34,20,33
5	0	fefce8c0	58452	18	31	4	2	80042055	26,26,33,10
5	0	fefce8c0	14884	18	33	4	12	82110051	10,20,3,24
5	0	fefce8c0	64236	18	33	4	3	80042055	34,10,33,16
5	0	ffecec80	3136	17	33	4	26	81000094	28,33,11,17
5	0	ffecec80	52680	18	31	4	16	81052101	2,2,12,35
5	0	ffecec80	59828	18	31	4	16	81050085	35,25,12,11
5	0	ffecec80	4188	18	33	4	24	80072003	3,12,35,24
5	0	ffecec80	23720	18	33	4	12	81210501	2,16,11,28
5	0	ffecec80	47004	18	33	4	18	8021040e	4,25,35,12
5	0	ffecec80	1736	18	35	4	26	81052102	12,3,1,35
5	0	ffecec80	40452	18	35	4	26	80042514	11,33,20,35
5	0	ffecfec8	4230	17	45	12	16	80200504	20,16,28,33,3,10,28,25,3,33,16,32
5	0	ffecfec8	57392	18	31	4	16	80081514	25,20,8,17
5	0	ffecfec8	1596	18	33	4	17	80081514	17,25,16,20
5	0	ffecfec8	5168	18	33	4	5	81010584	16,33,25,34
5	0	ffecfec8	59009	18	39	8	5	82000061	3,16,20,1,11,4,28,26
5	0	ffecfec8	12061	18	41	8	7	80200409	25,10,3,19,12,16,8,34
5	0	ffecfec8	18573	18	41	8	20	9000050e	26,26,3,2,28,4,28,11
5	0	ffecfec8	32341	18	41	8	17	84000067	24,19,26,4,20,1,3,11
5	0	fffeecc8	14005	17	39	8	10	80042005	16,26,33,11,26,3,24,3
5	0	fffeecc8	8033	17	41	8	7	80200405	24,28,26,35,12,3,3,25
5	0	fffeecc8	43491	17	57	16	19	84000023	8,17,24,32,34,4,20,17,1,34,10,1,1,3,28,8
5	0	fffeecc8	12681	18	39	8	8	9005000e	20,3,20,10,34,8,4,8
5	0	fffeecc8	45805	18	39	8	8	9005000e	4,4,19,12,34,26,4,26
5	0	fffeecc8	12541	18	41	8	17	82050051	35,16,26,11,34,3,34,20
5	0	fffeecc8	48693	18	41	8	17	9005000e	26,11,11,12,35,24,26,4
5	0	fffeecc8	63565	18	41	8	24	80250504	8,12,34,8,24,19,16,28
5	1	13	26	24	30	0	26	84000000	
5	1	13	512	24	38	4	26	84000000	34,11,24,34
5	1	13	836	24	38	4	26	84000000	33,11,25,32
5	1	13	1424	24	38	4	26	84000000	11,10,10,10
5	1	13	2732	24	38	4	26	84000000	12,10,32,35
5	1	13	3256	24	38	4	26	84000000	35,2,24,2
5	1	13	3684	24	38	4	26	84000000	24,4,26,4
5	1	13	4096	24	38	4	26	84000000	35,26,10,11
5	1	a48	1180	20	32	4	20	20080000	10,8,35,16
5	1	a48	42048	20	32	4	24	40200000	4,1,34,4
5	1	a48	52816	20	32	4	20	8200000	17,16,1,10
5	1	a48	55840	20	32	4	18	40200000	19,3,17,2
5	1	a48	5264	20	34	4	22	8200000	16,34,3,17
5	1	a48	11128	20	34	4	22	8200000	1,16,1,3
5	1	a48	33144	20	34	4	26	40200000	33,17,11,2
5	1	a48	50380	20	34	4	22	20080000	10,16,8,1
5	1	b6c	42404	32	42	4	16	90080000	11,24,26,17
5	1	b6c	29548	32	44	4	20	82400000	35,25,8,19
5	1	b6c	330	32	62	12	21	90080000	8,33,19,4,4,3,19,1,2,35,25,16
5	1	b6c	1415	32	70	16	22	84200000	11,26,1,33,2,25,3,24,24,25,16,33,24,1,26,24
5	1	b6c	25640	40	50	4	16	84340000	26,25,34,16
5	1	b6c	3932	40	52	4	17	84340000	1,25,1,26
5	1	b6c	51616	40	52	4	18	83500000	19,24,26,10
5	1	b6c	6448	40	54	4	19	85300000	32,11,26,10
5	1	1480	8932	24	36	4	20	80080000	24,19,3,25
5	1	1480	22260	24	36	4	24	80080000	2,24,35,17
5	1	1480	46980	24	36	4	24	80200000	26,24,1,10
5	1	1480	2876	24	38	4	28	84000000	11,24,1,19
5	1	1480	46732	24	38	4	14	80200000	25,10,24,4
5	1	1480	62612	24	38	4	28	80080000	16,1,16,24
5	1	1480	3580	24	40	4	30	80200000	10,35,26,24
5	1	1480	21461	24	40	8	0	80080000	25,2,17,25,24,35,11,12
5	1	1ec8	11973	32	54	8	25	84200000	19,32,2,11,24,2,1,1
5	1	1ec8	48381	32	54	8	11	84000080	12,19,11,33,33,24,33,26
5	1	1ec8	40388	40	50	4	16	83440000	24,11,16,34
5	1	1ec8	50868	40	52	4	24	901c0000	8,2,10,24
5	1	1ec8	12096	40	54	4	25	901c0000	26,32,24,25
5	1	1ec8	15464	40	54	4	25	901c0000	26,24,35,2
5	1	1ec8	54008	40	54	4	25	901c0000	2,35,24,34
5	1	1ec8	1928	40	56	4	29	910c0000	10,2,19,34
5	1	100050	9	24	28	0	9	80002000	
5	1	100050	50840	24	32	4	0	80002000	16,3,35,35
5	1	100050	4892	24	34	4	1	80002000	19,33,17,2
5	1	100050	11044	24	34	4	1	80002000	19,28,28,2
5	1	100050	11500	24	34	4	1	90000000	32,16,4,19
5	1	100050	24784	24	34	4	2	80002000	17,19,16,12
5	1	100050	25316	24	34	4	1	82000000	20,34,20,35
5	1	100050	26876	24	34	4	4	80002000	16,19,26,20
5	1	200013	26	20	26	0	26	4008000	
5	1	200013	140	20	34	4	26	4008000	20,25,2,16
5	1	200013	512	20	34	4	26	4008000	34,11,24,34
5	1	200013	1424	20	34	4	26	4008000	11,10,10,10
5	1	200013	3684	20	34	4	26	4008000	24,4,26,4
5	1	200013	6508	20	34	4	26	4008000	8,10,24,10
5	1	200013	7096	20	34	4	26	4008000	4,4,11,26
5	1	200013	7992	20	34	4	26	4008000	8,26,26,8
5	1	c060c0c	12	16	20	0	12	20000040	
5	1	c060c0c	5784	16	26	4	4	20000040	3,28,32,28
5	1	c060c0c	13352	16	26	4	4	20000040	11,11,3,19
5	1	c060c0c	26564	16	26	4	4	20000040	3,19,17,20
5	1	c060c0c	43112	16	26	4	1	20000008	24,2,3,16
5	1	c060c0c	44888	16	26	4	4	20000040	33,35,19,33
5	1	c060c0c	51140	16	26	4	4	20000040	32,32,35,17
5	1	c060c0c	56788	16	26	4	4	20000040	19,24,35,16
5	1	10202020	2	20	22	0	2	40000080	
5	1	10202020	23052	20	28	4	0	40000080	3,10,17,3
5	1	10202020	23260	20	28	4	0	40200000	17,12,33,12
5	1	10202020	33232	20	28	4	0	40000080	24,24,11,17
5	1	10202020	40808	20	28	4	0	40000080	8,17,17,17
5	1	10202020	41780	20	28	4	0	40000080	12,8,10,17
5	1	10202020	100	20	30	4	2	40000080	10,19,8,35
5	1	10202020	408	20	30	4	2	40000080	28,12,35,24
5	1	10701f00	36398	29	55	12	2	80200500	16,1,1,4,33,12,33,32,28,33,1,19
5	1	10701f00	48106	29	57	12	17	81000180	20,2,28,19,2,17,35,35,20,3,25,24
5	1	10701f00	63076	32	44	4	24	80042040	24,11,19,25
5	1	10701f00	52585	32	50	8	1	80100820	25,10,10,20,26,16,4,19
5	1	10701f00	58193	32	50	8	2	81001080	19,28,17,16,12,12,1,24
5	1	10701f00	3157	32	52	8	17	80101800	1,24,17,25,16,26,25,19
5	1	10701f00	32697	32	52	8	24	80024020	25,1,3,19,24,35,1,35
5	1	10701f00	50151	32	70	16	25	80100820	4,8,16,4,10,33,28,33,12,12,20,19,4,10,8,12
5	1	1a7d8b6c	18701	45	66	8	10	91010c21	35,1,11,26,25,10,12,11
5	1	1a7d8b6c	11720	46	56	4	2	800c4522	1,28,11,4
5	1	1a7d8b6c	15400	46	56	4	2	800c4522	1,4,28,11
5	1	1a7d8b6c	27204	46	60	4	26	800c4524	3,28,20,1
5	1	1a7d8b6c	40396	46	60	4	21	800a2342	10,19,8,12
5	1	1a7d8b6c	12460	47	60	4	6	8030511b	17,10,2,17
5	1	1a7d8b6c	46312	49	62	4	17	800a2941	19,3,12,8
5	1	1a7d8b6c	55428	49	64	4	22	800c4921	28,10,1,12
5	1	20802001	21016	20	34	4	11	20000800	16,10,19,33
5	1	20802001	268	20	36	4	27	8000080	17,16,25,35
5	1	20802001	23040	20	36	4	27	8000080	16,17,2,25
5	1	20802001	14129	20	42	8	13	8002000	16,17,12,11,24,28,34,12
5	1	20802001	9877	20	44	8	27	8002000	17,16,8,11,8,16,33,16
5	1	20802001	24301	20	44	8	23	804000	8,4,11,1,26,19,25,10
5	1	20802001	27889	20	44	8	30	40002000	11,17,26,17,3,16,28,33
5	1	20802001	30969	20	44	8	29	40002000	3,2,32,8,24,16,11,1
5	1	40001500	17	20	24	0	17	2008000	
5	1	40001500	56948	20	28	4	0	2008000	26,24,4,12
5	1	40001500	5788	20	30	4	16	2008000	12,24,17,26
5	1	40001500	8416	20	30	4	1	2008000	28,2,24,24
5	1	40001500	9500	20	30	4	1	2008000	26,2,12,28
5	1	40001500	11208	20	30	4	2	20000800	33,12,24,26
5	1	40001500	20080	20	30	4	1	2008000	28,26,12,2
5	1	40001500	21624	20	30	4	1	2800000	35,28,16,16
5	1	44000000	1	12	14	0	1	8000000	
5	1	44000000	5	12	16	0	5	8000000	
5	1	44000000	556	12	20	4	0	8000000	11,8,28,3
5	1	44000000	4400	12	20	4	0	8000000	3,3,4,24
5	1	44000000	13724	12	20	4	0	8000000	25,24,33,26
5	1	44000000	26316	12	20	4	0	8000000	10,3,10,8
5	1	44000000	34576	12	20	4	0	8000000	24,10,10,34
5	1	44000000	37568	12	20	4	0	8000000	8,11,3,10
5	1	8c4e18f0	46902	43	70	12	1	9008031b	34,24,2,12,26,4,33,1,35,35,1,20
5	1	8c4e18f0	38506	45	75	12	26	800b3400	3,33,16,11,11,28,34,34,20,8,16,32
5	1	8c4e18f0	56922	46	73	12	4	800f4411	16,17,3,3,34,32,8,12,16,25,1,1
5	1	8c4e18f0	58458	46	75	12	12	800a412d	11,16,10,16,20,20,25,17,16,24,3,32
5	1	8c4e18f0	795	46	81	16	1	82501143	8,12,1,4,3,10,3,4,34,26,4,19,19,34,34,20
5	1	8c4e18f0	16036	47	58	4	16	84312015	10,34,20,33
5	1	8c4e18f0	1445	47	68	8	6	81492111	28,16,2,4,10,12,24,1
5	1	8c4e18f0	3294	47	74	12	2	80601915	1,24,24,8,8,16,26,24,12,12,34,10
5	1	b4d22911	45567	35	68	16	0	80052035	4,28,26,35,2,32,1,4,4,12,24,11,35,16,33,8
5	1	b4d22911	14436	37	51	4	22	82100058	16,34,24,25
5	1	b4d22911	10222	37	65	12	18	80042038	35,2,32,2,24,20,3,3,25,16,34,2
5	1	b4d22911	19472	38	53	4	19	90110419	2,35,25,26
5	1	b4d22911	44241	38	61	8	22	82110059	26,34,34,26,24,16,32,25
5	1	b4d22911	51138	38	67	12	18	90150019	24,34,11,3,11,35,1,25,2,16,16,3
5	1	b4d22911	3007	38	77	16	22	82030063	32,1,35,28,17,10,17,24,2,4,28,4,8,35,17,32
5	1	b4d22911	33154	39	65	12	16	82110344	33,8,8,35,16,20,17,20,4,24,2,35
5	1	c56b4a5a	23893	35	55	8	9	9402106	24,32,19,33,25,20,8,28
5	1	c56b4a5a	13564	38	53	4	25	20440c13	19,12,33,10
5	1	c56b4a5a	8189	38	59	8	5	5842007	16,28,33,12,12,8,26,25
5	1	c56b4a5a	3770	38	69	12	21	8234501	12,11,26,12,2,16,20,33,8,17,25,34
5	1	c56b4a5a	58006	39	69	12	19	43030190	34,19,25,2,25,12,4,8,3,1,33,26
5	1	c56b4a5a	49867	39	75	16	17	100a810e	2,17,11,32,16,10,8,17,11,33,2,26,25,34,4,2
5	1	c56b4a5a	58842	41	69	12	6	14248100	10,20,24,11,4,4,20,32,2,33,8,19
5	1	c56b4a5a	48162	41	72	12	22	240010e3	17,19,28,20,17,10,19,32,26,17,20,33
5	1	e07fe000	25265	29	47	8	2	80024010	17,25,3,20,24,32,25,25
5	1	e07fe000	3667	31	69	16	13	81000096	35,35,12,26,10,28,16,28,8,32,32,20,20,20,25,2
5	1	e07fe000	53484	34	44	4	2	81034010	25,20,17,3
5	1	e07fe000	58732	34	48	4	26	81001190	1,24,24,24
5	1	e07fe000	58193	34	52	8	2	81110090	19,28,17,16,12,12,1,24
5	1	e07fe000	10321	34	54	8	17	8002401a	11,20,4,1,8,1,24,1
5	1	e07fe000	21715	35	70	16	1	82110053	17,20,20,32,34,11,12,34,4,24,10,35,34,2,25,16
5	1	e07fe000	58371	35	70	16	4	9001041d	1,33,12,1,33,3,28,33,4,4,3,33,3,17,34,25
5	1	ff800000	8	21	23	0	8	81010000	
5	1	ff800000	45340	21	29	4	0	81010000	35,19,25,19
5	1	ff800000	45560	21	29	4	0	80030000	32,3,35,24
5	1	ff800000	1444	21	31	4	4	81010000	10,32,35,8
5	1	ff800000	4676	21	31	4	1	81010000	35,8,33,25
5	1	ff800000	6704	21	31	4	2	81010000	35,25,32,32
5	1	ff800000	6772	21	31	4	4	81010000	10,32,35,32
5	1	ff800000	9088	21	31	4	8	81010000	16,8,26,24
5	2	44000000	1	16	18	0	1	8000000	
5	2	44000000	5	16	20	0	5	8000000	
5	2	44000000	556	16	24	4	0	8000000	11,8,28,3
5	2	44000000	4400	16	24	4	0	8000000	3,3,4,24
5	2	44000000	13724	16	24	4	0	8000000	25,24,33,26
5	2	44000000	26316	16	24	4	0	8000000	10,3,10,8
5	2	44000000	34576	16	24	4	0	8000000	24,10,10,34
5	2	44000000	37568	16	24	4	0	8000000	8,11,3,10
5	4	b4d22911	14436	108	122	4	22	82100058	16,34,24,25
5	4	b4d22911	10222	108	136	12	18	80042038	35,2,32,2,24,20,3,3,25,16,34,2
5	4	b4d22911	45293	112	132	8	18	9200020c	3,8,3,19,10,33,17,3
5	4	b4d22911	20195	112	148	16	6	9800010c	1,34,2,35,1,17,19,16,26,16,25,28,33,24,33,16
5	4	b4d22911	45643	112	148	16	17	90052040	25,25,3,1,17,25,12,28,16,19,25,19,16,12,26,35
5	4	b4d22911	64883	112	148	16	24	81001882	25,10,32,19,35,28,32,10,33,4,26,11,34,33,34,24
5	4	b4d22911	13119	112	150	16	11	81202410	12,33,16,16,1,34,35,24,2,16,16,25,16,8,25,16
5	4	b4d22911	23067	112	150	16	7	80100e40	24,34,20,11,2,16,20,20,26,11,32,28,17,8,3,26
5	10	a48	1180	92	104	4	20	20080000	10,8,35,16
5	10	a48	42048	92	104	4	24	40200000	4,1,34,4
5	10	a48	52816	92	104	4	20	8200000	17,16,1,10
5	10	a48	55840	92	104	4	18	40200000	19,3,17,2
5	10	a48	5264	92	106	4	22	8200000	16,34,3,17
5	10	a48	11128	92	106	4	22	8200000	1,16,1,3
5	10	a48	33144	92	106	4	26	40200000	33,17,11,2
5	10	a48	50380	92	106	4	22	20080000	10,16,8,1
5	10	1480	8932	96	108	4	20	80080000	24,19,3,25
5	10	1480	22260	96	108	4	24	80080000	2,24,35,17
5	10	1480	46980	96	108	4	24	80200000	26,24,1,10
5	10	1480	2876	96	110	4	28	84000000	11,24,1,19
5	10	1480	46732	96	110	4	14	80200000	25,10,24,4
5	10	1480	62612	96	110	4	28	80080000	16,1,16,24
5	10	1480	3580	96	112	4	30	80200000	10,35,26,24
5	10	1480	21461	96	112	8	0	80080000	25,2,17,25,24,35,11,12
5	11	b6c	42404	152	162	4	16	90080000	11,24,26,17
5	11	b6c	29548	152	164	4	20	82400000	35,25,8,19
5	11	b6c	330	152	182	12	21	90080000	8,33,19,4,4,3,19,1,2,35,25,16
5	11	b6c	1415	152	190	16	22	84200000	11,26,1,33,2,25,3,24,24,25,16,33,24,1,26,24
5	11	b6c	25640	240	250	4	16	84340000	26,25,34,16
5	11	b6c	3932	240	252	4	17	84340000	1,25,1,26
5	11	b6c	51616	240	252	4	18	83500000	19,24,26,10
5	11	b6c	6448	240	254	4	19	85300000	32,11,26,10
5	11	1ec8	11973	152	174	8	25	84200000	19,32,2,11,24,2,1,1
5	11	1ec8	48381	152	174	8	11	84000080	12,19,11,33,33,24,33,26
5	11	1ec8	40388	240	250	4	16	83440000	24,11,16,34
5	11	1ec8	50868	240	252	4	24	901c0000	8,2,10,24
5	11	1ec8	12096	240	254	4	25	901c0000	26,32,24,25
5	11	1ec8	15464	240	254	4	25	901c0000	26,24,35,2
5	11	1ec8	54008	240	254	4	25	901c0000	2,35,24,34
5	11	1ec8	1928	240	256	4	29	910c0000	10,2,19,34
5	12	20802001	21016	108	122	4	11	20000800	16,10,19,33
5	12	20802001	268	108	124	4	27	8000080	17,16,25,35
5	12	20802001	23040	108	124	4	27	8000080	16,17,2,25
5	12	20802001	14129	108	130	8	13	8002000	16,17,12,11,24,28,34,12
5	12	20802001	9877	108	132	8	27	8002000	17,16,8,11,8,16,33,16
5	12	20802001	24301	108	132	8	23	804000	8,4,11,1,26,19,25,10
5	12	20802001	27889	108	132	8	30	40002000	11,17,26,17,3,16,28,33
5	12	20802001	30969	108	132	8	29	40002000	3,2,32,8,24,16,11,1
6	0	ffecfec8ec80c800	60402	18	57	12	61	2000011102010114	21,10,19,43,4,32,17,24,11,21,33,17
6	0	ffecfec8ec80c800	10519	20	66	16	63	800014001d0100	32,35,20,42,29,34,11,41,35,8,29,3,35,8,43,3
6	0	ffecfec8ec80c800	5754	21	58	12	63	1811c1400	20,33,32,26,17,24,35,32,16,41,43,29
6	0	ffecfec8ec80c800	42642	21	62	12	63	182001776	25,3,25,42,11,43,19,42,4,16,43,42
6	0	ffecfec8ec80c800	40687	22	72	16	63	180171f16	25,43,24,17,41,12,1,26,41,17,3,16,35,12,41,42
6	0	ffecfec8ec80c800	55371	23	66	16	55	82002600000140	44,40,2,32,26,17,41,29,17,4,25,21,25,12,43,43
6	0	ffecfec8ec80c800	12587	24	72	16	59	902010500050513	21,1,28,19,19,4,13,19,32,37,2,20,37,32,21,29
6	0	ffecfec8ec80c800	44235	24	72	16	55	800021000501fe	10,24,26,10,17,13,17,2,25,28,10,13,11,42,43,32
6	1	4c800004848	30248	36	46	4	4	80400000000080	20,32,35,34
6	1	4c800004848	2016	36	48	4	17	480000000400000	40,35,11,2
6	1	4c800004848	34416	36	48	4	20	480000000400000	2,3,10,16
6	1	4c800004848	45564	36	48	4	24	80000008400000	5,42,40,13
6	1	4c800004848	36717	36	56	8	34	482000000000000	41,19,44,8,37,8,16,12
6	1	4c800004848	26237	36	58	8	56	400800000004000	35,2,42,28,11,35,11,13
6	1	4c800004848	26269	36	58	8	21	4008000004000000	24,42,40,43,2,42,19,2
6	1	4c800004848	63425	36	58	8	25	480000000400000	12,40,29,29,12,37,35,2
6	1	cc000004848	61424	20	30	4	16	8000000400000	40,2,33,24
6	1	cc000004848	16308	20	32	4	48	400000000400000	26,8,8,3
6	1	cc000004848	34416	20	32	4	20	400000000400000	2,3,10,16
6	1	cc000004848	36276	20	32	4	48	400000000400000	26,3,42,42
6	1	cc000004848	58824	20	32	4	40	8000004000000	10,24,12,19
6	1	cc000004848	9812	20	34	4	44	8000400000	26,20,24,34
6	1	cc000004848	14408	20	34	4	41	8000000400000	24,12,26,32
6	1	cc000004848	14700	20	34	4	52	8000004000000	35,24,19,35
6	1	8c800000cc00	29048	24	34	4	16	180000000000000	41,24,13,1
6	1	8c800000cc00	47636	24	36	4	17	80000004000000	33,34,24,40
6	1	8c800000cc00	64508	24	36	4	20	80000004000000	43,42,43,24
6	1	8c800000cc00	25669	24	40	8	0	80000004000000	24,12,40,32,37,37,8,16
6	1	8c800000cc00	17225	24	42	8	2	80000004000000	32,19,19,12,24,16,40,33
6	1	8c800000cc00	2609	24	46	8	49	80000004000000	24,33,28,16,13,26,26,28
6	1	8c800000cc00	11649	24	48	8	60	80000004000000	24,35,11,4,34,13,4,21
6	1	8c800000cc00	22370	24	50	12	16	80000004000000	13,1,33,24,5,13,13,42,37,1,42,25
6	1	691ec800001480	3898	100	130	12	21	200c060040406c00	10,35,8,32,26,29,11,16,13,2,21,11
6	1	691ec800001480	21328	104	116	4	24	4832100008284000	21,1,24,42
6	1	691ec800001480	27499	104	144	16	45	204570a0402040	10,26,34,2,16,10,8,29,20,33,40,34,21,4,41,28
6	1	691ec800001480	6780	108	126	4	59	4860020080680200	26,17,34,8
6	1	691ec800001480	5369	108	130	8	21	600802008ac00000	26,44,8,44,16,10,29,35
6	1	691ec800001480	24817	108	132	8	53	60c8020042000800	26,37,35,13,16,10,8,3
6	1	691ec800001480	55578	108	134	12	16	280c00004a406000	21,24,32,42,26,16,32,35,42,42,40,33
6	1	691ec800001480	48767	108	149	16	51	10091111c0a91111	42,33,16,41,43,1,17,32,41,10,12,12,24,43,17,24
6	1	80c0e0f0f8fcfe	11280	26	42	4	60	204001000000014	21,42,10,12
6	1	80c0e0f0f8fcfe	38688	29	41	4	20	1120400040	42,3,21,12
6	1	80c0e0f0f8fcfe	33128	29	47	4	62	1100508000	42,24,33,24
6	1	80c0e0f0f8fcfe	8628	30	47	4	54	5081100000011	21,3,33,11
6	1	80c0e0f0f8fcfe	22763	32	75	16	62	500418055	3,13,32,32,41,17,3,41,34,43,16,40,42,11,41,24
6	1	80c0e0f0f8fcfe	58664	33	45	4	48	204001600000010	12,21,1,40
6	1	80c0e0f0f8fcfe	21548	33	47	4	44	1120402000	24,42,12,16
6	1	80c0e0f0f8fcfe	7005	33	55	8	52	1110408000	24,42,21,21,17,3,25,33
6	1	38fe7f06fbe1f00	26041	97	118	8	9	1480260d202129	5,10,43,24,17,37,41,8
6	1	38fe7f06fbe1f00	43673	105	127	8	37	1452801112101800	8,17,4,21,4,1,37,35
6	1	38fe7f06fbe1f00	1265	111	132	8	34	119c00842e1115	12,20,33,43,41,11,11,26
6	1	38fe7f06fbe1f00	63683	114	148	16	1	2905418300490808	2,29,44,40,24,28,2,17,2,10,16,37,37,11,35,33
6	1	38fe7f06fbe1f00	1480	122	134	4	6	3842711130d4000	44,29,17,44
6	1	38fe7f06fbe1f00	1317	123	141	8	32	24891204737530	29,35,17,1,2,5,25,26
6	1	38fe7f06fbe1f00	21919	124	156	16	0	2088715100f31e4	12,41,3,37,34,35,29,1,5,17,41,34,19,2,25,42
6	1	38fe7f06fbe1f00	633	125	152	8	55	2d0040118246e09	28,4,10,37,5,17,29,44
6	1	c06060c0c0c0606	28	24	30	0	28	200000200040	
6	1	c06060c0c0c0606	6956	24	34	4	4	200000200040	17,1,43,20
6	1	c06060c0c0c0606	17416	24	36	4	20	200000200040	21,19,29,3
6	1	c06060c0c0c0606	23004	24	36	4	20	200000200040	19,4,43,1
6	1	c06060c0c0c0606	23688	24	36	4	12	200000200040	4,3,16,3
6	1	c06060c0c0c0606	37580	24	36	4	12	400000400020	8,8,8,1
6	1	c06060c0c0c0606	43300	24	36	4	20	200000200040	19,4,3,1
6	1	c06060c0c0c0606	44052	24	36	4	20	200000200040	3,44,43,17
6	1	2020000023130000	34	36	40	0	34	4004000000800000	
6	1	2020000023130000	12988	36	48	4	36	4004000000800000	2,2,33,10
6	1	2020000023130000	20620	36	48	4	33	4004000000800000	13,33,24,21
6	1	2020000023130000	39468	36	48	4	34	4004000000800000	20,8,11,20
6	1	2020000023130000	44572	36	48	4	10	4004000000800000	16,35,37,32
6	1	2020000023130000	47432	36	48	4	36	4004000000800000	34,33,34,10
6	1	2020000023130000	60736	36	48	4	34	4004000000800000	20,12,8,20
6	1	2020000023130000	1648	36	50	4	35	4004000000800000	11,1,1,32
6	1	3a94b5a5c56b4a5a	47505	40	59	8	8	103508107	29,8,19,16,37,17,26,34
6	1	3a94b5a5c56b4a5a	60138	43	76	12	39	4400011014103	42,37,26,17,21,33,16,2,29,1,32,35
6	1	3a94b5a5c56b4a5a	33380	45	63	4	47	104a12036	33,28,26,8
6	1	3a94b5a5c56b4a5a	63724	45	66	4	63	121510c17	19,37,34,12
6	1	3a94b5a5c56b4a5a	28216	46	63	4	43	10b418001	19,21,33,5
6	1	3a94b5a5c56b4a5a	63658	46	77	12	7	10482a011	2,37,29,32,17,26,32,1,12,12,16,3
6	1	3a94b5a5c56b4a5a	4200	47	61	4	11	10b418010	5,33,19,24
6	1	3a94b5a5c56b4a5a	60750	47	79	12	45	114338010	10,1,26,25,43,13,43,3,33,33,34,35
6	1	80a0a0a080000000	27112	24	32	4	0	2000000000000080	13,42,41,42
6	1	80a0a0a080000000	60792	24	36	4	40	2080000000	17,3,5,41
6	1	80a0a0a080000000	16372	24	38	4	50	2080000000	21,41,20,35
6	1	80a0a0a080000000	64324	24	38	4	50	2080000000	4,1,41,21
6	1	80a0a0a080000000	48364	28	36	4	0	2080000020	25,41,21,25
6	1	80a0a0a080000000	9244	28	40	4	34	2080000020	33,40,41,40
6	1	80a0a0a080000000	33412	28	42	4	56	2080000020	20,35,41,19
6	1	80a0a0a080000000	40148	28	42	4	42	2080000020	25,41,12,19
6	1	93ce070f6c31f8f0	40200	31	42	4	32	101258011	29,17,35,26
6	1	93ce070f6c31f8f0	53509	32	52	8	12	100268112	35,1,17,3,25,5,1,26
6	1	93ce070f6c31f8f0	1317	35	54	8	32	100258811	29,35,17,1,2,5,25,26
6	1	93ce070f6c31f8f0	22023	35	71	16	12	1400100550002	5,29,29,43,35,2,19,8,21,1,43,40,8,5,26,43
6	1	93ce070f6c31f8f0	21655	35	74	16	22	40040401050013	2,1,43,19,24,19,43,19,29,5,11,33,25,28,10,11
6	1	93ce070f6c31f8f0	35600	36	47	4	16	100358027	29,35,5,26
6	1	93ce070f6c31f8f0	26594	37	69	12	43	12008100050106	35,37,1,2,24,42,42,13,29,43,21,29
6	1	93ce070f6c31f8f0	29836	38	53	4	22	109053041	34,19,37,20
6	1	c0c0cc008448cc00	9017	24	42	8	1	8000000400400	10,35,13,42,10,26,40,24
6	1	c0c0cc008448cc00	6160	25	39	4	44	8000004000044	19,26,16,11
6	1	c0c0cc008448cc00	36412	25	39	4	13	40000000080404	32,16,26,2
6	1	c0c0cc008448cc00	64468	25	39	4	44	8000000400404	2,34,24,5
6	1	c0c0cc008448cc00	20729	25	47	8	13	200000010050000	28,11,35,2,33,12,8,42
6	1	c0c0cc008448cc00	43156	28	36	4	0	400000000440008	2,3,24,34
6	1	c0c0cc008448cc00	6100	28	40	4	33	8000004000440	24,19,32,35
6	1	c0c0cc008448cc00	35597	28	48	8	24	400000000080048	16,37,19,3,29,26,11,12
6	1	df16c1361a7d8b6c	839	123	162	16	22	341b01a041700c7	35,2,28,33,8,21,12,5,1,2,44,34,19,17,10,8
6	1	df16c1361a7d8b6c	61711	125	161	16	20	2400c034900f0356	44,13,32,40,4,4,32,25,34,29,25,26,44,34,19,42
6	1	df16c1361a7d8b6c	10929	127	147	8	5	20804a01601c2944	13,1,28,2,40,33,41,10
6	1	df16c1361a7d8b6c	30365	134	157	8	22	108427004d166111	26,25,5,28,10,29,37,44
6	1	df16c1361a7d8b6c	17606	137	171	12	31	1083195242140dc8	10,13,40,8,25,17,8,10,32,28,43,19
6	1	df16c1361a7d8b6c	60595	138	176	16	21	251182f804c1a0c	17,40,21,13,29,44,16,43,33,37,28,29,13,32,42,20
6	1	df16c1361a7d8b6c	22359	139	176	16	9	433014232801608b	8,33,32,44,40,16,10,19,28,13,21,13,3,16,2,16
6	1	df16c1361a7d8b6c	25494	140	170	12	42	306013a1400c2752	26,10,42,13,28,40,1,17,44,16,11,3
6	1	ffecfec8ec80c800	60402	37	71	12	61	2000011102010114	21,10,19,43,4,32,17,24,11,21,33,17
6	1	ffecfec8ec80c800	10519	42	86	16	63	800014001d0100	32,35,20,42,29,34,11,41,35,8,29,3,35,8,43,3
6	1	ffecfec8ec80c800	5754	45	81	12	63	1811c1400	20,33,32,26,17,24,35,32,16,41,43,29
6	1	ffecfec8ec80c800	55371	45	87	16	55	82002600000140	44,40,2,32,26,17,41,29,17,4,25,21,25,12,43,43
6	1	ffecfec8ec80c800	42642	49	85	12	63	182001776	25,3,25,42,11,43,19,42,4,16,43,42
6	1	ffecfec8ec80c800	59949	50	76	8	47	810081010090	2,43,21,25,33,17,12,32
6	1	ffecfec8ec80c800	23598	50	83	12	29	2000010020201305	25,41,32,4,10,11,32,5,8,4,16,12
6	1	ffecfec8ec80c800	37946	51	85	12	61	2002022001020114	42,32,13,1,28,37,44,33,16,11,17,16
6	2	ffecfec8ec80c800	60402	68	102	12	61	2000011102010114	21,10,19,43,4,32,17,24,11,21,33,17
6	2	ffecfec8ec80c800	55371	72	114	16	55	82002600000140	44,40,2,32,26,17,41,29,17,4,25,21,25,12,43,43
6	2	ffecfec8ec80c800	10519	72	116	16	63	800014001d0100	32,35,20,42,29,34,11,41,35,8,29,3,35,8,43,3
6	2	ffecfec8ec80c800	59949	76	102	8	47	810081010090	2,43,21,25,33,17,12,32
6	2	ffecfec8ec80c800	5754	76	112	12	63	1811c1400	20,33,32,26,17,24,35,32,16,41,43,29
6	2	ffecfec8ec80c800	46430	80	114	12	47	4010404000000416	34,25,29,4,3,19,29,44,40,37,35,43
6	2	ffecfec8ec80c800	23598	81	113	12	29	2000010020201305	25,41,32,4,10,11,32,5,8,4,16,12
6	2	ffecfec8ec80c800	37946	84	118	12	61	2002022001020114	42,32,13,1,28,37,44,33,16,11,17,16
