# t  Npre_lo Npre_hi | push_lo push_hi | tickpop_lo tickpop_hi | scan_lo scan_hi | xbl_hi | ead_hi | ckNpre_lo ckNpre_hi | detM_lo detM_hi   (empty = never fires)
0	0	0	0	0	-	-	-	-	233	255	254	257	0	0	-	-
1	0	1	0	1	-	-	-	-	233	255	253	257	0	1	-	-
2	0	2	0	2	-	-	-	-	229	255	252	257	0	2	-	-
3	0	3	0	3	-	-	-	-	228	255	251	257	0	3	-	-
4	0	4	0	4	-	-	-	-	227	255	250	257	0	4	-	-
5	0	5	0	5	-	-	-	-	230	255	249	257	0	5	-	-
6	0	6	0	6	-	-	-	-	228	255	248	257	0	6	-	-
7	0	7	0	7	-	-	-	-	226	255	247	257	0	7	-	-
8	0	8	0	8	-	-	-	-	227	255	246	257	0	8	-	-
9	0	9	0	9	-	-	-	-	225	255	245	257	0	9	-	-
10	0	10	0	10	-	-	-	-	221	255	244	257	0	10	-	-
11	0	11	0	11	-	-	-	-	220	255	243	257	0	11	-	-
12	0	12	0	12	-	-	-	-	222	255	242	257	0	12	-	-
13	0	13	0	13	-	-	-	-	221	255	241	257	0	13	-	-
14	0	14	0	14	-	-	-	-	221	255	240	257	0	14	-	-
15	0	15	0	15	-	-	-	-	220	255	239	257	0	15	-	-
16	0	16	0	16	-	-	-	-	219	255	238	257	0	16	-	-
17	0	17	0	17	-	-	-	-	216	255	237	257	0	17	-	-
18	0	18	0	18	-	-	-	-	215	255	236	257	0	18	-	-
19	0	19	0	19	-	-	-	-	218	255	235	256	0	19	-	-
20	0	20	0	20	-	-	-	-	217	254	234	256	0	20	-	-
21	0	21	0	21	-	-	-	-	216	254	233	255	0	21	-	-
22	1	22	1	22	-	-	-	-	217	253	232	254	1	22	-	-
23	1	23	1	23	-	-	-	-	215	252	231	254	1	23	-	-
24	1	24	1	24	-	-	-	-	214	251	230	254	1	24	-	-
25	1	25	1	24	-	-	-	-	213	252	229	253	1	25	-	-
26	1	25	1	25	-	-	-	-	212	251	228	253	1	25	-	-
27	1	26	1	25	-	-	-	-	212	251	227	253	1	26	-	-
28	1	26	2	26	-	-	-	-	211	251	226	252	1	26	-	-
29	1	27	2	27	-	-	-	-	210	250	225	251	1	27	-	-
30	1	28	1	28	-	-	-	-	204	249	224	250	1	28	-	-
31	2	29	2	29	-	-	-	-	208	248	223	249	2	29	-	-
32	2	30	2	30	-	-	-	-	207	247	223	249	2	30	-	-
33	2	31	2	30	-	-	-	-	207	247	222	248	2	31	-	-
34	3	31	3	31	-	-	-	-	206	246	221	247	3	31	-	-
35	3	32	3	32	-	-	-	-	205	245	220	246	3	32	-	-
36	3	33	3	33	-	-	-	-	204	244	219	245	3	33	-	-
37	4	34	4	34	-	-	-	-	202	243	218	244	4	34	-	-
38	4	35	4	35	-	-	-	-	202	242	217	244	4	35	-	-
39	4	36	4	35	-	-	-	-	199	242	216	244	4	36	-	-
40	4	36	4	36	-	-	-	-	198	241	215	244	4	36	-	-
41	5	37	5	37	-	-	-	-	199	242	214	243	5	37	-	-
42	5	38	5	36	-	-	-	-	200	241	214	243	5	38	-	-
43	6	38	6	38	-	-	-	-	201	241	213	242	6	38	-	-
44	6	39	6	38	-	-	-	-	198	240	212	242	6	39	-	-
45	6	39	7	39	-	-	-	-	198	239	211	242	6	39	-	-
46	6	40	6	40	-	-	-	-	197	238	210	242	6	40	-	-
47	6	41	6	41	-	-	-	-	198	240	209	241	6	41	-	-
48	7	42	7	42	-	-	-	-	197	239	208	240	7	42	-	-
49	7	43	7	43	-	-	-	-	194	238	207	240	7	43	-	-
50	8	44	9	44	-	-	-	-	193	238	207	239	8	44	-	-
51	8	45	8	43	-	-	-	-	195	237	206	238	8	45	-	-
52	8	45	8	45	-	-	-	-	193	236	205	237	8	45	-	-
53	9	46	9	44	-	-	-	-	192	235	205	236	9	46	-	-
54	9	46	10	45	-	-	-	-	192	234	204	235	9	46	-	-
55	9	46	9	46	-	-	-	-	190	233	203	235	9	46	-	-
56	9	47	10	46	-	-	-	-	188	232	202	235	9	47	-	-
57	9	47	9	47	-	-	-	-	188	233	201	234	9	47	-	-
58	10	48	11	48	-	-	-	-	187	232	201	233	10	48	-	-
59	10	49	10	48	-	-	-	-	186	231	200	232	10	49	-	-
60	10	49	10	49	-	-	-	-	185	230	199	231	10	49	-	-
61	11	50	13	49	-	-	-	-	183	229	198	230	11	50	-	-
62	11	50	11	50	-	-	-	-	183	228	197	229	11	50	-	-
63	12	51	13	50	-	-	-	-	184	227	196	229	12	51	-	-
64	12	51	12	51	-	-	-	-	183	226	195	229	12	51	-	-
65	13	52	13	52	-	-	-	-	182	226	195	229	13	52	-	-
66	13	53	14	53	-	-	-	-	182	225	193	229	13	53	-	-
67	13	54	13	54	-	-	-	-	182	224	192	229	13	54	-	-
68	13	55	13	55	-	-	-	-	181	223	192	229	13	55	-	-
69	14	56	14	56	-	-	-	-	179	223	191	229	14	56	-	-
70	14	57	14	56	-	-	-	-	180	227	190	228	14	57	-	-
71	15	57	15	57	-	-	-	-	177	226	189	227	15	57	-	-
72	15	58	15	58	-	-	-	-	173	225	189	226	15	58	-	-
73	15	59	16	59	-	-	-	-	172	224	188	225	15	59	-	-
74	15	60	16	60	-	-	-	-	173	223	187	224	15	60	-	-
75	15	61	15	59	-	-	-	-	172	222	187	223	15	61	-	-
76	16	61	17	60	-	-	-	-	173	221	185	222	16	61	-	-
77	16	61	16	61	-	-	-	-	173	220	184	221	16	61	-	-
78	17	62	17	62	-	-	-	-	169	219	184	220	17	62	-	-
79	17	63	17	62	-	-	-	-	171	218	183	219	17	63	-	-
80	17	63	17	63	-	-	-	-	172	217	182	219	17	63	-	-
81	18	64	18	64	-	-	-	-	171	216	181	219	18	64	-	-
82	18	65	19	65	-	-	-	-	172	215	180	219	18	65	-	-
83	18	66	18	64	-	-	-	-	169	215	179	219	18	66	-	-
84	19	66	20	65	-	-	-	-	169	214	179	219	19	66	-	-
85	19	66	19	66	-	-	-	-	169	213	178	219	19	66	-	-
86	19	67	20	66	-	-	-	-	168	212	177	219	19	67	-	-
87	19	67	21	67	-	-	-	-	165	217	176	218	19	67	-	-
88	19	68	20	68	-	-	-	-	164	216	175	217	19	68	-	-
89	19	69	19	68	-	-	-	-	163	215	175	216	19	69	-	-
90	20	69	20	68	-	-	-	-	162	214	174	215	20	69	-	-
91	21	69	21	69	-	-	-	-	163	213	174	214	21	69	-	-
92	22	70	22	69	-	-	-	-	162	212	173	213	22	70	-	-
93	23	70	23	70	-	-	-	-	161	211	171	212	23	70	-	-
94	23	71	23	71	-	-	-	-	162	210	170	211	23	71	-	-
95	23	72	24	70	-	-	-	-	161	209	169	210	23	72	-	-
96	23	72	24	71	-	-	-	-	156	208	168	209	23	72	-	-
97	23	72	23	72	-	-	-	-	155	207	168	208	23	72	-	-
98	24	73	25	73	-	-	-	-	154	206	167	207	24	73	-	-
99	24	74	25	73	-	-	-	-	158	205	166	207	24	74	-	-
100	24	74	24	74	-	-	-	-	158	205	165	206	24	74	-	-
101	25	75	25	75	-	-	-	-	157	204	165	205	25	75	-	-
102	26	76	26	76	-	-	-	-	156	203	164	204	26	76	-	-
103	26	77	26	76	-	-	-	-	153	202	163	203	26	77	-	-
104	27	77	27	76	-	-	-	-	153	201	163	202	27	77	-	-
105	27	77	28	77	-	-	-	-	152	200	162	201	27	77	-	-
106	27	78	27	77	-	-	-	-	151	199	161	201	27	78	-	-
107	28	78	28	78	-	-	-	-	152	199	160	201	28	78	-	-
108	28	79	28	79	-	-	-	-	152	198	159	201	28	79	-	-
109	28	80	28	80	-	-	-	-	149	197	158	201	28	80	-	-
110	29	81	29	81	-	-	-	-	150	196	157	201	29	81	-	-
111	29	82	29	82	-	-	-	-	143	196	156	201	29	82	-	-
112	29	83	30	82	-	-	-	-	142	196	155	201	29	83	-	-
113	29	83	31	83	-	-	-	-	147	195	154	201	29	83	-	-
114	29	84	29	83	-	-	-	-	146	199	154	200	29	84	-	-
115	30	84	30	83	-	-	-	-	147	198	153	199	30	84	-	-
116	31	84	31	84	-	-	-	-	143	197	152	198	31	84	-	-
117	32	85	32	85	-	-	-	-	142	196	150	197	32	85	-	-
118	32	86	32	86	-	-	-	-	144	195	151	196	32	86	-	-
119	33	87	33	87	-	-	-	-	143	194	150	195	33	87	-	-
120	33	88	34	86	-	-	-	-	142	193	149	194	33	88	-	-
121	33	88	33	88	-	-	-	-	141	192	147	193	33	88	-	-
122	33	89	34	87	-	-	-	-	140	191	147	192	33	89	-	-
123	33	89	33	88	-	-	-	-	139	190	146	191	33	89	-	-
124	34	89	34	89	-	-	-	-	138	189	145	190	34	89	-	-
125	35	90	35	89	-	-	-	-	137	188	145	189	35	90	-	-
126	35	90	35	90	-	-	-	-	136	187	145	189	35	90	-	-
127	36	91	36	90	-	-	-	-	135	186	143	189	36	91	-	-
128	36	91	37	91	-	-	-	-	134	185	142	189	36	91	-	-
129	36	92	36	91	-	-	-	-	134	185	141	189	36	92	-	-
130	37	92	37	92	-	-	-	-	133	184	141	189	37	92	-	-
131	38	93	38	93	-	-	-	-	132	183	140	189	38	93	-	-
132	38	94	38	94	-	-	-	-	131	187	139	188	38	94	-	-
133	38	95	39	94	-	-	-	-	130	186	138	187	38	95	-	-
134	38	95	38	95	-	-	-	-	130	185	136	186	38	95	-	-
135	38	96	38	95	-	-	-	-	131	184	137	185	38	96	-	-
136	39	96	40	96	-	-	-	-	129	183	137	184	39	96	-	-
137	39	97	39	96	-	-	-	-	130	182	136	183	39	97	-	-
138	40	97	41	97	-	-	-	-	129	181	135	182	40	97	-	-
139	40	98	40	98	-	-	-	-	128	180	134	181	40	98	-	-
140	40	99	40	98	-	-	-	-	124	179	133	180	40	99	-	-
141	41	99	41	99	-	-	-	-	126	178	133	179	41	99	-	-
142	42	100	42	100	-	-	-	-	123	177	131	178	42	100	-	-
143	42	101	42	100	-	-	-	-	124	176	131	177	42	101	-	-
144	42	101	42	101	-	-	-	-	123	175	130	176	42	101	-	-
145	42	102	42	101	-	-	-	-	121	174	129	175	42	102	-	-
146	43	102	43	102	-	-	-	-	122	173	128	175	43	102	-	-
147	43	103	43	103	-	-	-	-	121	173	128	175	43	103	-	-
148	44	104	44	103	-	-	-	-	121	171	128	175	44	104	-	-
149	44	104	44	104	-	-	-	-	119	173	127	174	44	104	-	-
150	45	105	45	104	-	-	-	-	120	172	125	174	45	105	-	-
151	45	105	45	105	-	-	-	-	119	172	126	173	45	105	-	-
152	45	106	46	106	-	-	-	-	118	171	125	172	45	106	-	-
153	45	107	45	107	-	-	-	-	118	170	124	171	45	107	-	-
154	46	108	46	108	-	-	-	-	115	169	123	170	46	108	-	-
155	46	109	48	109	-	-	-	-	115	168	123	170	46	109	-	-
156	46	110	46	108	-	-	-	-	114	168	122	169	46	110	-	-
157	47	110	47	109	-	-	-	-	113	167	121	168	47	110	-	-
158	47	110	48	110	-	-	-	-	111	166	120	168	47	110	-	-
159	47	111	47	111	-	-	-	-	110	165	119	168	47	111	-	-
160	48	112	48	110	-	-	-	-	109	164	118	168	48	112	-	-
161	48	112	49	112	-	-	-	-	109	166	117	167	48	112	-	-
162	48	113	49	112	-	-	-	-	108	165	117	166	48	113	-	-
163	48	113	50	113	-	-	-	-	109	164	116	165	48	113	-	-
164	48	114	48	113	-	-	-	-	110	163	116	164	48	114	-	-
165	49	114	51	114	-	-	-	-	108	162	115	164	49	114	-	-
166	49	115	49	115	-	-	-	-	105	162	115	163	49	115	-	-
167	50	116	50	116	-	-	-	-	106	161	114	162	50	116	-	-
168	50	117	50	117	-	-	-	-	105	160	113	162	50	117	-	-
169	51	118	51	117	-	-	-	-	104	160	112	161	51	118	-	-
170	51	118	51	118	-	-	-	-	103	159	111	160	51	118	-	-
171	52	119	52	119	-	-	-	-	102	158	111	159	52	119	-	-
172	53	120	53	119	-	-	-	-	102	157	110	158	53	120	-	-
173	53	120	53	120	-	-	-	-	100	156	109	157	53	120	-	-
174	54	121	55	121	-	-	-	-	101	155	108	156	54	121	-	-
175	54	122	54	121	-	-	-	-	100	154	108	155	54	122	-	-
176	54	122	55	122	-	-	-	-	99	153	107	154	54	122	-	-
177	54	123	54	122	-	-	-	-	98	152	106	153	54	123	-	-
178	55	123	56	123	-	-	-	-	97	151	105	153	55	123	-	-
179	55	124	55	123	-	-	-	-	96	151	104	153	55	124	-	-
180	56	124	57	124	-	-	-	-	95	151	103	152	56	124	-	-
181	56	125	56	125	-	-	-	-	94	150	102	151	56	125	-	-
182	57	126	58	125	-	-	-	-	97	149	101	151	57	126	-	-
183	57	126	59	126	-	-	-	-	94	149	100	151	57	126	-	-
184	57	127	57	127	-	-	-	-	93	148	99	151	57	127	-	-
185	58	128	58	127	-	-	-	-	91	149	98	150	58	128	-	-
186	59	128	60	128	-	-	-	-	92	148	97	149	59	128	-	-
187	59	129	59	127	-	-	-	-	91	147	97	149	59	129	-	-
188	60	129	61	128	-	-	-	-	90	147	96	148	60	129	-	-
189	60	129	60	128	-	-	-	-	89	146	95	147	60	129	-	-
190	61	129	61	129	-	-	-	-	88	145	95	146	61	129	-	-
191	61	130	61	130	-	-	-	-	84	144	94	145	61	130	-	-
192	62	131	63	130	-	-	-	-	83	143	94	144	62	131	-	-
193	62	131	62	131	-	-	-	-	82	142	92	143	62	131	-	-
194	62	132	63	132	-	-	-	-	84	141	91	142	62	132	-	-
195	62	133	62	133	-	-	-	-	83	140	90	142	62	133	-	-
196	63	134	63	134	-	-	-	-	85	140	89	142	63	134	-	-
197	64	135	65	133	-	-	-	-	84	140	89	141	64	135	-	-
198	64	135	64	135	-	-	-	-	82	139	88	141	64	135	-	-
199	64	136	65	136	-	-	-	-	80	138	87	141	64	136	-	-
200	64	137	64	134	-	-	-	-	79	138	86	141	64	137	-	-
201	65	137	65	135	-	-	-	-	81	139	85	140	65	137	-	-
202	66	137	66	136	-	-	-	-	80	138	85	140	66	137	-	-
203	66	137	66	137	-	-	-	-	77	138	83	139	66	137	-	-
204	66	138	66	138	-	-	-	-	79	137	82	138	66	138	-	-
205	67	139	67	138	-	-	-	-	78	136	81	137	67	139	-	-
206	67	139	67	137	-	-	-	-	77	135	80	136	67	139	-	-
207	67	139	67	139	-	-	-	-	77	134	79	135	67	139	-	-
208	67	140	67	139	-	-	-	-	77	133	78	134	67	140	-	-
209	68	140	68	140	-	-	-	-	74	132	77	134	68	140	-	-
210	68	141	69	141	-	-	-	-	74	131	76	134	68	141	-	-
211	68	142	70	142	-	-	-	-	73	130	77	134	68	142	-	-
212	68	143	69	143	-	-	-	-	74	132	75	133	68	143	-	-
213	68	144	70	144	-	-	-	-	73	131	75	132	68	144	-	-
214	68	145	69	145	-	-	-	-	72	130	73	131	68	145	-	-
215	68	146	68	143	-	-	-	-	69	129	72	130	68	146	-	-
216	69	146	69	144	-	-	-	-	70	128	71	129	69	146	-	-
217	70	146	70	146	-	-	-	-	69	127	72	128	70	146	-	-
218	71	147	71	147	-	-	-	-	67	126	71	127	71	147	-	-
219	72	148	73	146	-	-	-	-	66	125	70	127	72	148	-	-
220	72	148	72	146	-	-	-	-	65	124	69	127	72	148	-	-
221	73	148	73	148	-	-	-	-	63	123	67	127	73	148	-	-
222	73	149	73	148	-	-	-	-	62	125	68	126	73	149	-	-
223	73	149	73	148	-	-	-	-	61	124	68	125	73	149	-	-
224	74	149	75	149	-	-	-	-	60	123	67	124	74	149	-	-
225	74	150	74	149	-	-	-	-	62	122	66	123	74	150	-	-
226	75	150	75	150	-	-	-	-	63	121	66	122	75	150	-	-
227	75	151	76	150	-	-	-	-	62	120	64	121	75	151	-	-
228	75	151	76	149	-	-	-	-	61	119	64	120	75	151	-	-
229	75	151	75	150	-	-	-	-	49	118	62	120	75	151	-	-
230	76	151	77	151	-	-	-	-	59	117	61	120	76	151	-	-
231	76	152	76	152	-	-	-	-	58	118	60	119	76	152	-	-
232	77	153	78	153	-	-	-	-	58	117	59	118	77	153	-	-
233	77	154	77	154	-	-	-	-	55	116	60	117	77	154	-	-
234	78	155	78	155	-	-	-	-	53	115	59	116	78	155	-	-
235	78	156	79	154	-	-	-	-	53	114	58	116	78	156	-	-
236	78	156	80	154	-	-	-	-	52	114	57	116	78	156	-	-
237	78	156	78	156	-	-	-	-	54	112	56	116	78	156	-	-
238	78	157	81	155	-	-	-	-	50	114	56	115	78	157	-	-
239	78	157	79	157	-	-	-	-	47	113	54	114	78	157	-	-
240	78	158	81	158	-	-	-	-	46	112	53	114	78	158	-	-
241	78	159	78	159	-	-	-	-	49	112	52	113	78	159	-	-
242	79	160	79	160	-	-	-	-	48	111	53	112	79	160	-	-
243	80	161	83	161	-	-	-	-	46	110	52	111	80	161	-	-
244	80	162	82	159	-	-	-	-	45	109	52	110	80	162	-	-
245	80	162	80	162	-	-	-	-	44	108	51	109	80	162	-	-
246	81	163	81	163	-	-	-	-	39	107	50	109	81	163	-	-
247	81	164	85	164	-	-	-	-	38	107	50	108	81	164	-	-
248	81	165	82	165	-	-	-	-	45	106	49	108	81	165	-	-
249	81	166	81	162	-	-	-	-	44	106	48	108	81	166	-	-
250	82	166	83	166	-	-	-	-	44	105	47	108	82	166	-	-
251	82	167	84	163	-	-	-	-	43	105	46	108	82	167	-	-
252	82	167	83	164	-	-	-	-	43	106	45	107	82	167	-	-
253	82	167	82	165	-	-	-	-	41	105	45	106	82	167	-	-
254	83	167	84	166	-	-	-	-	40	104	45	105	83	167	-	-
255	83	167	83	167	-	-	-	-	39	103	44	104	83	167	-	-
256	84	168	89	168	-	-	-	-	38	102	43	103	84	168	-	-
257	84	169	90	167	-	-	-	-	37	101	43	103	84	169	-	-
258	84	169	84	168	-	-	-	-	36	101	42	102	84	169	-	-
259	85	169	85	169	-	-	-	-	35	100	41	101	85	169	-	-
260	85	170	86	170	-	-	-	-	34	99	40	101	85	170	-	-
261	85	171	90	171	-	-	-	-	36	99	39	100	85	171	-	-
262	85	172	85	172	-	-	-	-	36	98	38	100	85	172	-	-
263	86	173	86	173	-	-	-	-	35	98	38	99	86	173	-	-
264	87	174	92	174	-	-	-	-	32	97	36	98	87	174	-	-
265	87	175	88	171	-	-	-	-	34	96	35	98	87	175	-	-
266	87	175	87	172	-	-	-	-	27	96	35	97	87	175	-	-
267	88	175	88	175	-	-	-	-	29	95	34	96	88	175	-	-
268	89	176	91	173	-	-	-	-	30	94	33	96	89	176	-	-
269	89	176	89	174	-	-	-	-	30	93	33	96	89	176	-	-
270	89	176	90	175	-	-	-	-	30	93	31	96	89	176	-	-
271	89	176	89	176	-	-	-	-	29	94	32	95	89	176	-	-
272	90	177	90	177	-	-	-	-	27	93	31	94	90	177	-	-
273	91	178	91	175	-	-	-	-	26	92	31	93	91	178	-	-
274	92	178	92	178	-	-	-	-	26	91	30	92	92	178	-	-
275	92	179	92	177	-	-	-	-	25	90	29	91	92	179	-	-
276	93	179	97	178	-	-	-	-	24	89	28	90	93	179	-	-
277	93	179	93	179	-	-	-	-	24	88	28	89	93	179	-	-
278	94	180	94	179	-	-	-	-	21	87	26	88	94	180	-	-
279	95	180	96	180	-	-	-	-	17	86	25	87	95	180	-	-
280	95	181	97	181	-	-	-	-	16	85	25	87	95	181	-	-
281	95	182	98	181	-	-	-	-	15	85	24	85	95	182	-	-
282	95	182	95	182	-	-	-	-	14	84	22	85	95	182	-	-
283	96	183	96	183	-	-	-	-	18	83	23	85	96	183	-	-
284	96	184	96	182	-	-	-	-	17	83	21	84	96	184	-	-
285	97	184	97	182	-	-	-	-	18	82	22	83	97	184	-	-
286	98	184	98	184	-	-	-	-	12	81	20	83	98	184	-	-
287	99	185	99	185	-	-	-	-	11	80	19	83	99	185	-	-
288	100	186	100	185	-	-	-	-	15	81	20	82	100	186	-	-
289	100	186	101	185	-	-	-	-	16	80	18	81	100	186	-	-
290	100	186	100	186	-	-	-	-	15	79	18	81	100	186	-	-
291	101	187	102	187	-	-	-	-	14	79	16	80	101	187	-	-
292	101	188	101	188	-	-	-	-	13	78	17	79	101	188	-	-
293	102	189	102	188	-	-	-	-	12	77	15	79	102	189	-	-
294	102	189	102	189	-	-	-	-	11	76	14	79	102	189	-	-
295	103	190	103	189	-	-	-	-	10	76	13	78	103	190	-	-
296	103	190	103	190	-	-	-	-	10	76	13	77	103	190	-	-
297	103	191	103	191	-	-	-	-	9	75	13	77	103	191	-	-
298	104	192	104	192	-	-	-	-	8	74	12	76	104	192	-	-
299	104	193	105	192	-	-	-	-	6	74	12	75	104	193	-	-
300	104	193	104	193	-	-	-	-	5	72	11	75	104	193	-	-
301	105	194	106	194	-	-	-	-	5	71	9	75	105	194	-	-
302	105	195	107	194	-	-	-	-	4	73	10	74	105	195	-	-
303	105	195	108	195	-	-	-	-	3	72	9	73	105	195	-	-
304	105	196	105	196	-	-	-	-	2	71	9	72	105	196	-	-
305	106	197	106	197	-	-	-	-	1	70	7	71	106	197	-	-
306	107	198	107	198	-	-	-	-	0	69	6	70	107	198	-	-
307	108	199	108	199	-	-	-	-	2	68	6	70	108	199	-	-
308	108	200	108	200	-	-	-	-	0	68	5	70	108	200	-	-
309	109	201	109	201	-	-	-	-	0	67	4	70	109	201	-	-
310	110	202	110	202	-	-	-	-	0	66	4	70	110	202	-	-
311	110	203	110	199	-	-	-	-	0	65	3	70	110	203	-	-
312	111	203	112	200	-	-	-	-	0	64	2	70	111	203	-	-
313	111	203	113	201	-	-	-	-	0	68	1	69	111	203	-	-
314	111	203	111	202	-	-	-	-	0	67	1	68	111	203	-	-
315	111	203	115	203	-	-	-	-	0	66	1	67	111	203	-	-
316	111	204	116	204	-	-	-	-	0	65	1	66	111	204	-	-
317	111	205	112	204	-	-	-	-	0	64	1	65	111	205	-	-
318	111	205	111	205	-	-	-	-	0	63	1	64	111	205	-	-
319	112	206	112	202	-	-	-	-	0	62	1	63	112	206	-	-
320	113	206	114	206	-	-	-	-	0	61	1	62	113	206	-	-
321	113	207	115	204	-	-	-	-	0	60	1	61	113	207	-	-
322	113	206	116	205	-	-	-	-	0	59	1	60	113	207	-	-
323	113	206	115	204	-	-	-	-	0	58	1	59	113	207	-	-
324	113	205	113	205	-	-	-	-	0	57	1	58	113	207	-	-
325	114	206	114	206	-	-	-	-	0	56	1	58	114	207	-	-
326	115	207	115	206	-	-	-	-	0	56	1	58	115	207	-	-
327	116	207	118	207	-	-	-	-	0	56	1	56	116	207	-	-
328	116	208	117	208	-	-	-	-	0	55	1	56	116	208	-	-
329	116	209	120	208	-	-	-	-	0	54	1	55	116	209	-	-
330	116	209	117	206	-	-	-	-	0	53	1	55	116	209	-	-
331	116	208	116	207	-	-	-	-	0	52	1	55	116	209	-	-
332	117	208	118	207	-	-	-	-	0	53	1	53	117	209	-	-
333	117	208	121	206	-	-	-	-	0	52	1	52	117	209	-	-
334	117	207	117	207	-	-	-	-	0	51	1	51	117	209	-	-
335	118	208	118	205	-	-	-	-	0	49	1	52	118	209	-	-
336	119	207	121	206	-	-	-	-	0	50	1	50	119	209	-	-
337	119	207	119	207	-	-	-	-	0	48	1	50	119	209	-	-
338	120	208	123	208	-	-	-	-	0	47	1	49	120	209	-	-
339	120	209	120	206	-	-	-	-	0	47	1	49	120	209	-	-
340	121	208	121	207	-	-	-	-	0	46	1	49	121	209	-	-
341	122	208	122	208	-	-	-	-	0	45	1	49	122	209	-	-
342	122	209	123	206	-	-	-	-	0	44	1	49	122	209	-	-
343	122	208	123	206	-	-	-	-	0	46	1	49	122	209	-	-
344	122	207	122	206	-	-	-	-	0	47	1	48	122	209	-	-
345	123	207	123	207	-	-	-	-	0	46	1	47	123	209	-	-
346	124	208	125	206	-	-	-	-	0	45	1	46	124	209	-	-
347	124	207	126	205	-	-	-	-	0	44	1	45	124	209	-	-
348	124	206	124	204	-	-	-	-	0	43	1	44	124	209	-	-
349	125	205	128	205	-	-	-	-	0	42	1	43	125	209	-	-
350	125	206	128	204	-	-	154	209	0	41	1	42	125	209	63	105
351	125	205	125	204	153	208	-	-	0	40	1	41	125	208	-	-
352	126	205	126	203	152	207	-	-	0	39	1	40	126	207	-	-
353	127	204	128	203	151	206	156	205	0	38	1	39	127	206	64	103
354	127	204	129	202	150	205	-	-	0	37	1	38	127	205	-	-
355	127	203	129	203	149	204	-	-	0	36	1	38	127	204	-	-
356	127	204	130	203	148	203	152	204	0	35	1	37	127	204	64	102
357	127	204	127	203	147	203	-	-	0	35	1	37	127	204	-	-
358	128	204	130	202	146	202	-	-	0	35	1	37	128	204	-	-
359	128	203	131	203	145	201	154	204	0	35	1	36	128	204	64	102
360	128	204	132	202	144	203	-	-	0	34	1	36	128	204	-	-
361	128	203	133	201	143	202	-	-	0	33	1	36	128	204	-	-
362	128	202	131	202	142	201	150	204	0	32	1	35	128	204	64	102
363	128	203	133	199	141	203	-	-	0	31	1	35	128	203	-	-
364	127	202	132	199	140	202	-	-	0	30	1	35	128	203	-	-
365	126	201	133	198	139	201	152	203	0	30	1	35	128	203	64	102
366	125	200	128	198	138	202	-	-	0	33	1	34	128	202	-	-
367	124	199	129	197	137	201	-	-	0	32	1	33	129	201	-	-
368	123	198	130	198	136	200	150	199	0	31	1	32	130	200	65	100
369	122	199	131	198	135	199	-	-	0	30	1	31	131	199	-	-
370	121	199	133	197	134	198	-	-	0	29	1	31	132	199	-	-
371	120	198	132	197	133	197	149	199	0	29	1	29	132	199	66	100
372	119	198	133	198	132	198	-	-	0	28	1	28	132	198	-	-
373	118	199	134	196	131	197	-	-	0	27	1	27	131	199	-	-
374	117	198	137	197	130	196	148	199	0	25	1	27	130	199	65	100
375	116	198	138	197	129	198	-	-	0	24	1	26	129	198	-	-
376	115	198	135	196	128	197	150	198	0	24	1	24	128	198	64	99
377	114	197	136	194	127	197	151	197	0	23	1	23	127	197	64	99
378	113	196	137	194	126	196	152	195	0	22	1	22	126	196	63	98
379	112	195	137	191	125	195	152	195	0	21	1	22	125	195	63	98
380	111	194	138	192	124	194	149	192	0	20	1	21	124	194	62	97
381	110	193	141	192	123	193	148	193	0	19	1	20	123	193	62	97
382	109	193	141	192	122	192	149	193	0	18	1	19	122	193	61	97
383	108	193	140	193	121	192	150	191	0	17	1	18	121	193	61	97
384	107	194	141	190	120	191	150	194	0	16	1	18	120	194	60	97
385	106	193	139	189	119	193	153	191	0	16	1	17	119	193	60	97
386	105	192	140	189	118	192	151	190	0	15	1	16	118	192	59	96
387	104	191	141	190	117	191	149	189	0	14	1	16	117	191	59	96
388	103	191	142	187	116	190	146	191	0	13	1	16	116	191	58	96
389	102	190	142	186	115	190	151	188	0	14	1	14	115	190	58	95
390	101	189	145	188	114	189	149	187	0	12	1	14	114	189	57	95
391	100	189	143	184	113	188	149	189	0	11	1	14	113	189	57	95
392	99	188	143	185	112	188	149	184	0	12	1	13	112	188	56	94
393	98	187	145	186	111	187	151	184	0	10	1	13	111	187	56	94
394	97	187	148	183	110	186	154	187	0	11	1	13	110	187	55	94
