# hybrid walk history envelope: public layout with the k2 decoder before T1, ring (k1 decoder) from T1; per-tick 0.1% quantile of 400k walks + 12, monotone
t	T1_200	T1_210	T1_220	T1_230	T1_240	T1_250	T1_260	T1_270	T1_280	T1_290	T1_300
0	12	12	12	12	12	12	12	12	12	12	12
1	13	13	13	13	13	13	13	13	13	13	13
2	14	14	14	14	14	14	14	14	14	14	14
3	15	15	15	15	15	15	15	15	15	15	15
4	16	16	16	16	16	16	16	16	16	16	16
5	17	17	17	17	17	17	17	17	17	17	17
6	18	18	18	18	18	18	18	18	18	18	18
7	19	19	19	19	19	19	19	19	19	19	19
8	20	20	20	20	20	20	20	20	20	20	20
9	20	20	20	20	20	20	20	20	20	20	20
10	21	21	21	21	21	21	21	21	21	21	21
11	22	22	22	22	22	22	22	22	22	22	22
12	22	22	22	22	22	22	22	22	22	22	22
13	23	23	23	23	23	23	23	23	23	23	23
14	24	24	24	24	24	24	24	24	24	24	24
15	24	24	24	24	24	24	24	24	24	24	24
16	25	25	25	25	25	25	25	25	25	25	25
17	25	25	25	25	25	25	25	25	25	25	25
18	25	25	25	25	25	25	25	25	25	25	25
19	26	26	26	26	26	26	26	26	26	26	26
20	26	26	26	26	26	26	26	26	26	26	26
21	26	26	26	26	26	26	26	26	26	26	26
22	27	27	27	27	27	27	27	27	27	27	27
23	27	27	27	27	27	27	27	27	27	27	27
24	27	27	27	27	27	27	27	27	27	27	27
25	28	28	28	28	28	28	28	28	28	28	28
26	28	28	28	28	28	28	28	28	28	28	28
27	28	28	28	28	28	28	28	28	28	28	28
28	29	29	29	29	29	29	29	29	29	29	29
29	29	29	29	29	29	29	29	29	29	29	29
30	29	29	29	29	29	29	29	29	29	29	29
31	30	30	30	30	30	30	30	30	30	30	30
32	30	30	30	30	30	30	30	30	30	30	30
33	30	30	30	30	30	30	30	30	30	30	30
34	31	31	31	31	31	31	31	31	31	31	31
35	31	31	31	31	31	31	31	31	31	31	31
36	31	31	31	31	31	31	31	31	31	31	31
37	32	32	32	32	32	32	32	32	32	32	32
38	32	32	32	32	32	32	32	32	32	32	32
39	32	32	32	32	32	32	32	32	32	32	32
40	33	33	33	33	33	33	33	33	33	33	33
41	33	33	33	33	33	33	33	33	33	33	33
42	33	33	33	33	33	33	33	33	33	33	33
43	34	34	34	34	34	34	34	34	34	34	34
44	34	34	34	34	34	34	34	34	34	34	34
45	34	34	34	34	34	34	34	34	34	34	34
46	35	35	35	35	35	35	35	35	35	35	35
47	35	35	35	35	35	35	35	35	35	35	35
48	36	36	36	36	36	36	36	36	36	36	36
49	36	36	36	36	36	36	36	36	36	36	36
50	36	36	36	36	36	36	36	36	36	36	36
51	37	37	37	37	37	37	37	37	37	37	37
52	37	37	37	37	37	37	37	37	37	37	37
53	37	37	37	37	37	37	37	37	37	37	37
54	38	38	38	38	38	38	38	38	38	38	38
55	38	38	38	38	38	38	38	38	38	38	38
56	38	38	38	38	38	38	38	38	38	38	38
57	39	39	39	39	39	39	39	39	39	39	39
58	39	39	39	39	39	39	39	39	39	39	39
59	39	39	39	39	39	39	39	39	39	39	39
60	40	40	40	40	40	40	40	40	40	40	40
61	40	40	40	40	40	40	40	40	40	40	40
62	41	41	41	41	41	41	41	41	41	41	41
63	41	41	41	41	41	41	41	41	41	41	41
64	41	41	41	41	41	41	41	41	41	41	41
65	42	42	42	42	42	42	42	42	42	42	42
66	42	42	42	42	42	42	42	42	42	42	42
67	42	42	42	42	42	42	42	42	42	42	42
68	43	43	43	43	43	43	43	43	43	43	43
69	43	43	43	43	43	43	43	43	43	43	43
70	43	43	43	43	43	43	43	43	43	43	43
71	44	44	44	44	44	44	44	44	44	44	44
72	44	44	44	44	44	44	44	44	44	44	44
73	44	44	44	44	44	44	44	44	44	44	44
74	45	45	45	45	45	45	45	45	45	45	45
75	45	45	45	45	45	45	45	45	45	45	45
76	45	45	45	45	45	45	45	45	45	45	45
77	46	46	46	46	46	46	46	46	46	46	46
78	46	46	46	46	46	46	46	46	46	46	46
79	46	46	46	46	46	46	46	46	46	46	46
80	47	47	47	47	47	47	47	47	47	47	47
81	47	47	47	47	47	47	47	47	47	47	47
82	47	47	47	47	47	47	47	47	47	47	47
83	48	48	48	48	48	48	48	48	48	48	48
84	48	48	48	48	48	48	48	48	48	48	48
85	48	48	48	48	48	48	48	48	48	48	48
86	49	49	49	49	49	49	49	49	49	49	49
87	49	49	49	49	49	49	49	49	49	49	49
88	49	49	49	49	49	49	49	49	49	49	49
89	50	50	50	50	50	50	50	50	50	50	50
90	50	50	50	50	50	50	50	50	50	50	50
91	50	50	50	50	50	50	50	50	50	50	50
92	51	51	51	51	51	51	51	51	51	51	51
93	51	51	51	51	51	51	51	51	51	51	51
94	51	51	51	51	51	51	51	51	51	51	51
95	52	52	52	52	52	52	52	52	52	52	52
96	52	52	52	52	52	52	52	52	52	52	52
97	53	53	53	53	53	53	53	53	53	53	53
98	53	53	53	53	53	53	53	53	53	53	53
99	53	53	53	53	53	53	53	53	53	53	53
100	54	54	54	54	54	54	54	54	54	54	54
101	54	54	54	54	54	54	54	54	54	54	54
102	54	54	54	54	54	54	54	54	54	54	54
103	55	55	55	55	55	55	55	55	55	55	55
104	55	55	55	55	55	55	55	55	55	55	55
105	55	55	55	55	55	55	55	55	55	55	55
106	56	56	56	56	56	56	56	56	56	56	56
107	56	56	56	56	56	56	56	56	56	56	56
108	56	56	56	56	56	56	56	56	56	56	56
109	57	57	57	57	57	57	57	57	57	57	57
110	57	57	57	57	57	57	57	57	57	57	57
111	57	57	57	57	57	57	57	57	57	57	57
112	58	58	58	58	58	58	58	58	58	58	58
113	58	58	58	58	58	58	58	58	58	58	58
114	58	58	58	58	58	58	58	58	58	58	58
115	59	59	59	59	59	59	59	59	59	59	59
116	59	59	59	59	59	59	59	59	59	59	59
117	59	59	59	59	59	59	59	59	59	59	59
118	60	60	60	60	60	60	60	60	60	60	60
119	60	60	60	60	60	60	60	60	60	60	60
120	60	60	60	60	60	60	60	60	60	60	60
121	61	61	61	61	61	61	61	61	61	61	61
122	61	61	61	61	61	61	61	61	61	61	61
123	61	61	61	61	61	61	61	61	61	61	61
124	62	62	62	62	62	62	62	62	62	62	62
125	62	62	62	62	62	62	62	62	62	62	62
126	62	62	62	62	62	62	62	62	62	62	62
127	63	63	63	63	63	63	63	63	63	63	63
128	63	63	63	63	63	63	63	63	63	63	63
129	63	63	63	63	63	63	63	63	63	63	63
130	64	64	64	64	64	64	64	64	64	64	64
131	64	64	64	64	64	64	64	64	64	64	64
132	64	64	64	64	64	64	64	64	64	64	64
133	65	65	65	65	65	65	65	65	65	65	65
134	65	65	65	65	65	65	65	65	65	65	65
135	65	65	65	65	65	65	65	65	65	65	65
136	66	66	66	66	66	66	66	66	66	66	66
137	66	66	66	66	66	66	66	66	66	66	66
138	66	66	66	66	66	66	66	66	66	66	66
139	67	67	67	67	67	67	67	67	67	67	67
140	67	67	67	67	67	67	67	67	67	67	67
141	67	67	67	67	67	67	67	67	67	67	67
142	68	68	68	68	68	68	68	68	68	68	68
143	68	68	68	68	68	68	68	68	68	68	68
144	68	68	68	68	68	68	68	68	68	68	68
145	69	69	69	69	69	69	69	69	69	69	69
146	69	69	69	69	69	69	69	69	69	69	69
147	69	69	69	69	69	69	69	69	69	69	69
148	70	70	70	70	70	70	70	70	70	70	70
149	70	70	70	70	70	70	70	70	70	70	70
150	70	70	70	70	70	70	70	70	70	70	70
151	71	71	71	71	71	71	71	71	71	71	71
152	71	71	71	71	71	71	71	71	71	71	71
153	71	71	71	71	71	71	71	71	71	71	71
154	72	72	72	72	72	72	72	72	72	72	72
155	72	72	72	72	72	72	72	72	72	72	72
156	72	72	72	72	72	72	72	72	72	72	72
157	73	73	73	73	73	73	73	73	73	73	73
158	73	73	73	73	73	73	73	73	73	73	73
159	73	73	73	73	73	73	73	73	73	73	73
160	74	74	74	74	74	74	74	74	74	74	74
161	74	74	74	74	74	74	74	74	74	74	74
162	74	74	74	74	74	74	74	74	74	74	74
163	75	75	75	75	75	75	75	75	75	75	75
164	75	75	75	75	75	75	75	75	75	75	75
165	75	75	75	75	75	75	75	75	75	75	75
166	76	76	76	76	76	76	76	76	76	76	76
167	76	76	76	76	76	76	76	76	76	76	76
168	76	76	76	76	76	76	76	76	76	76	76
169	77	77	77	77	77	77	77	77	77	77	77
170	77	77	77	77	77	77	77	77	77	77	77
171	77	77	77	77	77	77	77	77	77	77	77
172	78	78	78	78	78	78	78	78	78	78	78
173	78	78	78	78	78	78	78	78	78	78	78
174	78	78	78	78	78	78	78	78	78	78	78
175	79	79	79	79	79	79	79	79	79	79	79
176	79	79	79	79	79	79	79	79	79	79	79
177	79	79	79	79	79	79	79	79	79	79	79
178	80	80	80	80	80	80	80	80	80	80	80
179	80	80	80	80	80	80	80	80	80	80	80
180	80	80	80	80	80	80	80	80	80	80	80
181	81	81	81	81	81	81	81	81	81	81	81
182	81	81	81	81	81	81	81	81	81	81	81
183	81	81	81	81	81	81	81	81	81	81	81
184	82	82	82	82	82	82	82	82	82	82	82
185	82	82	82	82	82	82	82	82	82	82	82
186	82	82	82	82	82	82	82	82	82	82	82
187	83	83	83	83	83	83	83	83	83	83	83
188	83	83	83	83	83	83	83	83	83	83	83
189	83	83	83	83	83	83	83	83	83	83	83
190	83	83	83	83	83	83	83	83	83	83	83
191	84	84	84	84	84	84	84	84	84	84	84
192	84	84	84	84	84	84	84	84	84	84	84
193	84	84	84	84	84	84	84	84	84	84	84
194	85	85	85	85	85	85	85	85	85	85	85
195	85	85	85	85	85	85	85	85	85	85	85
196	85	85	85	85	85	85	85	85	85	85	85
197	86	86	86	86	86	86	86	86	86	86	86
198	86	86	86	86	86	86	86	86	86	86	86
199	86	86	86	86	86	86	86	86	86	86	86
200	87	87	87	87	87	87	87	87	87	87	87
201	87	87	87	87	87	87	87	87	87	87	87
202	88	87	87	87	87	87	87	87	87	87	87
203	88	88	88	88	88	88	88	88	88	88	88
204	89	88	88	88	88	88	88	88	88	88	88
205	89	88	88	88	88	88	88	88	88	88	88
206	89	89	89	89	89	89	89	89	89	89	89
207	90	89	89	89	89	89	89	89	89	89	89
208	90	89	89	89	89	89	89	89	89	89	89
209	91	90	90	90	90	90	90	90	90	90	90
210	91	90	90	90	90	90	90	90	90	90	90
211	92	90	90	90	90	90	90	90	90	90	90
212	92	91	91	91	91	91	91	91	91	91	91
213	92	91	91	91	91	91	91	91	91	91	91
214	93	92	91	91	91	91	91	91	91	91	91
215	93	92	91	91	91	91	91	91	91	91	91
216	94	93	92	92	92	92	92	92	92	92	92
217	94	93	92	92	92	92	92	92	92	92	92
218	95	93	92	92	92	92	92	92	92	92	92
219	95	94	93	93	93	93	93	93	93	93	93
220	95	94	93	93	93	93	93	93	93	93	93
221	96	95	94	93	93	93	93	93	93	93	93
222	96	95	94	94	94	94	94	94	94	94	94
223	97	96	95	94	94	94	94	94	94	94	94
224	97	96	95	94	94	94	94	94	94	94	94
225	98	97	95	95	95	95	95	95	95	95	95
226	98	97	96	95	95	95	95	95	95	95	95
227	99	97	96	95	95	95	95	95	95	95	95
228	99	98	97	96	96	96	96	96	96	96	96
229	100	98	97	96	96	96	96	96	96	96	96
230	100	99	98	96	96	96	96	96	96	96	96
231	100	99	98	97	97	97	97	97	97	97	97
232	101	100	98	97	97	97	97	97	97	97	97
233	101	100	99	98	97	97	97	97	97	97	97
234	102	100	99	98	98	98	98	98	98	98	98
235	102	101	100	99	98	98	98	98	98	98	98
236	103	101	100	99	98	98	98	98	98	98	98
237	103	102	101	100	98	98	98	98	98	98	98
238	103	102	101	100	99	99	99	99	99	99	99
239	104	103	102	100	99	99	99	99	99	99	99
240	104	103	102	101	100	99	99	99	99	99	99
241	105	104	102	101	100	100	100	100	100	100	100
242	105	104	103	102	100	100	100	100	100	100	100
243	106	105	103	102	101	100	100	100	100	100	100
244	106	105	104	103	101	101	101	101	101	101	101
245	107	105	104	103	102	101	101	101	101	101	101
246	107	106	105	103	102	101	101	101	101	101	101
247	107	106	105	104	103	102	102	102	102	102	102
248	108	107	106	104	103	102	102	102	102	102	102
249	108	107	106	105	103	102	102	102	102	102	102
250	109	107	106	105	104	103	103	103	103	103	103
251	109	108	107	106	104	103	103	103	103	103	103
252	110	108	107	106	105	104	103	103	103	103	103
253	110	109	108	106	105	104	104	104	104	104	104
254	110	109	108	107	106	105	104	104	104	104	104
255	111	110	108	107	106	105	104	104	104	104	104
256	111	110	109	108	107	105	105	105	105	105	105
257	112	111	109	108	107	106	105	105	105	105	105
258	112	111	110	109	107	106	105	105	105	105	105
259	113	111	110	109	108	107	106	106	106	106	106
260	113	112	111	109	108	107	106	106	106	106	106
261	113	112	111	110	109	107	106	106	106	106	106
262	114	113	112	110	109	108	107	106	106	106	106
263	114	113	112	111	110	108	107	107	107	107	107
264	115	114	112	111	110	109	108	107	107	107	107
265	115	114	113	112	111	109	108	108	108	108	108
266	116	114	113	112	111	110	109	108	108	108	108
267	116	115	114	112	111	110	109	108	108	108	108
268	117	115	114	113	112	111	109	108	108	108	108
269	117	116	115	113	112	111	110	109	109	109	109
270	117	116	115	114	113	112	110	109	109	109	109
271	118	117	116	114	113	112	111	110	109	109	109
272	118	117	116	115	114	113	111	110	110	110	110
273	119	118	117	115	114	113	112	111	110	110	110
274	119	118	117	116	115	113	112	111	110	110	110
275	120	119	117	116	115	114	113	111	111	111	111
276	120	119	118	117	115	114	113	112	111	111	111
277	121	119	118	117	116	115	114	112	111	111	111
278	121	120	119	117	116	115	114	113	112	112	112
279	121	120	119	118	117	116	114	113	112	112	112
280	122	121	120	118	117	116	115	114	112	112	112
281	122	121	120	119	118	116	115	114	113	113	113
282	123	122	120	119	118	117	116	115	113	113	113
283	123	122	121	120	118	117	116	115	114	113	113
284	124	122	121	120	119	118	117	115	114	114	114
285	124	123	122	120	119	118	117	116	115	114	114
286	124	123	122	121	120	119	117	116	115	114	114
287	125	124	123	121	120	119	118	117	116	115	115
288	125	124	123	122	121	119	118	117	116	115	115
289	126	125	123	122	121	120	119	118	116	115	115
290	126	125	124	123	121	120	119	118	117	116	115
291	127	125	124	123	122	121	120	118	117	116	116
292	127	126	125	124	122	121	120	119	118	116	116
293	128	126	125	124	123	122	121	119	118	117	116
294	128	127	126	124	123	122	121	120	118	117	117
295	128	127	126	125	124	122	121	120	119	118	117
296	129	127	126	125	124	123	122	121	119	118	117
297	129	128	127	126	124	123	122	121	120	119	118
298	130	128	127	126	125	124	123	121	120	119	118
299	130	129	128	127	125	124	123	122	121	120	118
300	131	129	128	127	126	125	124	122	121	120	119
301	131	130	129	127	126	125	124	123	122	120	119
302	131	130	129	128	127	126	124	123	122	121	120
303	132	131	130	128	127	126	125	124	122	121	120
304	132	131	130	129	127	126	125	124	123	122	121
305	133	132	130	129	128	127	126	125	123	122	121
306	133	132	131	130	128	127	126	125	124	123	121
307	134	132	131	130	129	128	127	125	124	123	122
308	134	133	132	130	129	128	127	126	125	123	122
309	134	133	132	131	130	129	127	126	125	124	123
310	135	134	133	131	130	129	128	127	125	124	123
311	135	134	133	132	131	129	128	127	126	125	124
312	136	135	133	132	131	130	129	128	126	125	124
313	136	135	134	133	131	130	129	128	127	126	124
314	137	135	134	133	132	131	130	128	127	126	125
315	137	136	135	134	132	131	130	129	128	126	125
316	137	136	135	134	133	132	130	129	128	127	126
317	138	137	135	134	133	132	131	130	128	127	126
318	138	137	136	135	134	132	131	130	129	128	127
319	139	138	136	135	134	133	132	131	129	128	127
320	139	138	137	136	134	133	132	131	130	129	128
321	140	139	137	136	135	134	133	131	130	129	128
322	140	139	138	136	135	134	133	132	131	129	128
323	140	139	138	137	136	134	133	132	131	130	129
324	141	140	138	137	136	135	134	133	131	130	129
325	141	140	139	138	136	135	134	133	132	131	130
326	142	141	139	138	137	136	135	134	132	131	130
327	142	141	140	139	137	136	135	134	133	132	130
328	143	142	140	139	138	137	136	134	133	132	131
329	143	142	141	140	138	137	136	135	134	132	131
330	144	142	141	140	139	138	137	135	134	133	132
331	144	143	142	140	139	138	137	136	134	133	132
332	144	143	142	141	140	138	137	136	135	134	133
333	145	144	142	141	140	139	138	137	135	134	133
334	145	144	143	142	140	139	138	137	136	135	133
335	146	144	143	142	141	140	139	137	136	135	134
336	146	145	144	143	141	140	139	138	137	135	134
337	147	145	144	143	142	141	139	138	137	136	135
338	147	146	145	143	142	141	140	139	137	136	135
339	148	146	145	144	143	142	140	139	138	137	136
340	148	147	145	144	143	142	141	140	138	137	136
341	148	147	146	145	144	142	141	140	139	138	137
342	149	148	146	145	144	143	142	140	139	138	137
343	149	148	147	146	144	143	142	141	140	139	137
344	150	149	147	146	145	144	142	141	140	139	138
345	150	149	148	146	145	144	143	142	141	139	138
346	151	149	148	147	146	145	143	142	141	140	139
347	151	150	149	147	146	145	144	143	141	140	139
348	151	150	149	148	146	145	144	143	142	141	140
349	152	151	149	148	147	146	145	144	142	141	140
350	152	151	150	149	147	146	145	144	143	142	140
351	153	151	150	149	148	147	146	144	143	142	141
352	153	152	151	149	148	147	146	145	144	142	141
353	153	152	151	150	149	147	146	145	144	143	142
354	154	153	151	150	149	148	147	146	144	143	142
355	154	153	152	151	149	148	147	146	145	144	142
356	155	153	152	151	150	149	148	146	145	144	143
357	155	154	152	151	150	149	148	147	145	144	143
358	155	154	153	152	150	149	148	147	146	145	144
359	156	154	153	152	151	150	149	147	146	145	144
360	156	155	154	152	151	150	149	148	147	145	144
361	156	155	154	153	151	150	149	148	147	146	145
362	157	155	154	153	152	151	149	148	147	146	145
363	157	156	155	153	152	151	150	149	147	146	145
364	157	156	155	154	152	151	150	149	148	147	146
365	158	156	155	154	153	152	150	149	148	147	146
366	158	157	155	154	153	152	151	150	148	147	146
367	158	157	156	155	153	152	151	150	149	148	146
368	158	157	156	155	154	152	151	150	149	148	147
369	159	158	156	155	154	153	152	150	149	148	147
370	159	158	157	155	154	153	152	151	149	148	147
371	159	158	157	156	154	153	152	151	150	148	147
372	159	158	157	156	155	153	152	151	150	149	148
373	160	158	157	156	155	154	152	151	150	149	148
374	160	159	157	156	155	154	153	151	150	149	148
375	160	159	158	156	155	154	153	152	150	149	148
376	160	159	158	157	155	154	153	152	151	149	148
377	160	159	158	157	155	154	153	152	151	150	148
378	160	159	158	157	156	155	153	152	151	150	149
379	160	159	158	157	156	155	153	152	151	150	149
380	161	159	158	157	156	155	154	152	151	150	149
381	161	160	158	157	156	155	154	152	151	150	149
382	161	160	158	157	156	155	154	153	151	150	149
383	161	160	158	157	156	155	154	153	152	150	149
384	161	160	159	157	156	155	154	153	152	150	149
385	161	160	159	158	156	155	154	153	152	151	149
386	161	160	159	158	156	155	154	153	152	151	149
387	161	160	159	158	156	155	154	153	152	151	149
388	161	160	159	158	156	155	154	153	152	151	149
389	161	160	159	158	156	155	154	153	152	151	149
390	161	160	159	158	156	155	154	153	152	151	149
391	161	160	159	158	156	155	154	153	152	151	149
392	161	160	159	158	156	155	154	153	152	151	150
393	161	160	159	158	156	155	154	153	152	151	150
394	161	160	159	158	156	155	154	153	152	151	150
395	161	160	159	158	157	155	154	153	152	151	150
396	161	160	159	158	157	155	154	153	152	151	150
397	161	160	159	158	157	155	154	153	152	151	150
398	161	160	159	158	157	155	154	153	152	151	150
399	161	160	159	158	157	155	154	153	152	151	150
400	161	160	159	158	157	155	154	153	152	151	150
401	161	160	159	158	157	155	154	153	152	151	150
402	161	160	159	158	157	155	154	153	152	151	150
403	161	160	159	158	157	155	154	153	152	151	150
