# public layout; rails and cofactor fields as design_widths_k0w64_1e-4.tsv; H = k2 decoder on ticks 3..=330 (w=56; k0 elsewhere): per-tick 1e-3 quantile of 400k walks + 12
t	rail	cof	H
0	266	10	12
1	266	11	13
2	266	12	14
3	266	13	15
4	266	14	16
5	266	15	17
6	266	16	18
7	266	17	19
8	266	18	20
9	265	19	20
10	265	20	21
11	264	21	22
12	263	21	22
13	263	22	23
14	262	23	24
15	261	24	24
16	261	25	25
17	260	26	25
18	259	27	25
19	259	27	26
20	258	28	26
21	257	29	26
22	257	30	27
23	256	31	27
24	255	32	27
25	255	32	28
26	254	33	28
27	253	34	28
28	253	35	28
29	252	36	29
30	251	36	29
31	251	37	30
32	250	38	30
33	249	39	30
34	249	40	31
35	248	41	31
36	248	41	31
37	247	42	32
38	246	43	32
39	246	44	32
40	245	45	33
41	244	45	33
42	244	46	33
43	243	47	34
44	242	48	34
45	242	49	35
46	241	49	35
47	240	50	35
48	240	51	36
49	239	52	36
50	239	52	36
51	238	53	37
52	237	54	37
53	237	55	37
54	236	56	38
55	235	56	38
56	235	57	38
57	234	58	39
58	233	59	39
59	233	60	39
60	232	60	40
61	231	61	40
62	231	62	40
63	230	63	41
64	229	63	41
65	229	64	41
66	228	65	42
67	227	66	42
68	227	67	42
69	226	67	43
70	226	68	43
71	225	69	44
72	224	70	44
73	224	70	44
74	223	71	45
75	222	72	45
76	222	73	45
77	221	73	46
78	220	74	46
79	220	75	46
80	219	76	47
81	218	77	47
82	218	77	47
83	217	78	48
84	216	79	48
85	216	80	48
86	215	80	49
87	214	81	49
88	214	82	49
89	213	83	50
90	213	83	50
91	212	84	50
92	211	85	51
93	210	86	51
94	210	87	51
95	209	87	52
96	208	88	52
97	208	89	53
98	207	90	53
99	207	90	53
100	206	91	54
101	205	92	54
102	205	93	54
103	204	93	55
104	203	94	55
105	203	95	55
106	202	96	56
107	201	96	56
108	201	97	56
109	200	98	57
110	199	99	57
111	199	100	57
112	198	100	58
113	197	101	58
114	197	102	58
115	196	103	59
116	195	103	59
117	195	104	59
118	194	105	60
119	193	106	60
120	193	106	60
121	192	107	61
122	191	108	61
123	191	109	61
124	190	109	62
125	189	110	62
126	189	111	62
127	188	112	63
128	187	112	63
129	187	113	63
130	186	114	64
131	185	115	64
132	185	116	64
133	184	116	65
134	183	117	65
135	183	118	65
136	182	119	66
137	181	119	66
138	181	120	66
139	180	121	67
140	179	122	67
141	179	122	67
142	178	123	68
143	177	124	68
144	177	125	68
145	176	125	69
146	175	126	69
147	175	127	69
148	174	128	70
149	173	128	70
150	173	129	70
151	172	130	71
152	171	131	71
153	171	131	71
154	170	132	72
155	169	133	72
156	169	134	72
157	168	134	73
158	167	135	73
159	167	136	73
160	166	137	74
161	165	137	74
162	165	138	74
163	164	139	75
164	163	140	75
165	163	140	75
166	162	141	76
167	161	142	76
168	161	143	76
169	160	143	77
170	159	144	77
171	159	145	77
172	158	146	78
173	158	146	78
174	157	147	78
175	156	148	79
176	155	149	79
177	155	149	79
178	154	150	80
179	153	151	80
180	153	152	80
181	152	152	81
182	151	153	81
183	151	154	81
184	150	155	82
185	150	155	82
186	149	156	82
187	148	157	83
188	148	158	83
189	147	158	83
190	146	159	84
191	145	160	84
192	145	161	84
193	144	161	85
194	143	162	85
195	143	163	85
196	142	164	86
197	142	164	86
198	141	165	86
199	140	166	87
200	139	167	87
201	139	167	87
202	138	168	87
203	137	169	88
204	137	170	88
205	136	170	88
206	135	171	89
207	135	172	89
208	134	173	89
209	133	173	90
210	133	174	90
211	132	175	90
212	131	176	91
213	131	176	91
214	130	177	91
215	129	178	92
216	129	179	92
217	128	179	92
218	127	180	93
219	127	181	93
220	126	182	93
221	125	182	94
222	125	183	94
223	124	184	94
224	123	185	95
225	123	185	95
226	122	186	95
227	121	187	95
228	121	188	96
229	120	188	96
230	119	189	96
231	119	190	97
232	118	190	97
233	117	191	97
234	117	192	98
235	116	193	98
236	115	193	98
237	115	194	99
238	114	195	99
239	113	196	99
240	113	196	100
241	112	197	100
242	111	198	100
243	111	199	101
244	110	199	101
245	109	200	101
246	108	201	102
247	108	202	102
248	107	202	102
249	107	203	103
250	106	204	103
251	105	205	103
252	105	205	103
253	104	206	104
254	103	207	104
255	103	207	104
256	102	208	105
257	101	209	105
258	101	210	105
259	100	210	106
260	99	211	106
261	99	212	106
262	98	213	107
263	97	213	107
264	97	214	107
265	96	215	108
266	95	216	108
267	94	216	108
268	94	217	109
269	93	218	109
270	92	219	109
271	92	219	110
272	91	220	110
273	90	221	110
274	90	222	111
275	89	222	111
276	88	223	111
277	88	224	111
278	87	225	112
279	86	225	112
280	86	226	113
281	85	227	113
282	84	228	113
283	84	228	113
284	83	229	114
285	82	230	114
286	82	231	114
287	81	231	115
288	80	232	115
289	80	233	115
290	79	233	116
291	78	234	116
292	77	235	116
293	77	236	116
294	76	236	117
295	75	237	117
296	75	238	118
297	74	239	118
298	73	239	118
299	73	240	118
300	72	241	119
301	71	242	119
302	71	243	119
303	70	243	120
304	69	244	120
305	69	245	120
306	68	245	121
307	67	246	121
308	67	247	121
309	66	248	122
310	65	248	122
311	65	249	122
312	64	250	123
313	63	251	123
314	63	251	123
315	62	252	123
316	61	253	124
317	61	254	124
318	60	254	124
319	59	255	125
320	58	256	125
321	58	256	125
322	57	256	126
323	56	256	126
324	56	256	126
325	55	256	127
326	54	256	127
327	54	256	127
328	53	256	128
329	52	256	128
330	52	256	128
331	51	256	129
332	50	256	129
333	50	256	130
334	49	256	130
335	48	256	131
336	48	256	131
337	47	256	132
338	46	256	132
339	46	256	132
340	45	256	133
341	44	256	133
342	44	256	134
343	43	256	134
344	42	256	135
345	42	256	135
346	41	256	136
347	40	256	136
348	39	256	136
349	39	256	137
350	38	256	137
351	37	256	138
352	37	256	138
353	36	256	139
354	35	256	139
355	35	256	139
356	34	256	140
357	33	256	140
358	33	256	141
359	32	256	141
360	31	256	141
361	31	256	142
362	30	256	142
363	29	256	143
364	29	256	143
365	28	256	143
366	27	256	144
367	27	256	144
368	26	256	144
369	25	256	145
370	25	256	145
371	24	256	145
372	23	256	145
373	23	256	146
374	22	256	146
375	21	256	146
376	20	256	146
377	20	256	147
378	19	256	147
379	18	256	147
380	18	256	147
381	17	256	147
382	16	256	147
383	16	256	147
384	15	256	147
385	14	256	147
386	14	256	148
387	13	256	148
388	12	256	148
389	11	256	148
390	11	256	148
391	10	256	148
392	10	256	148
393	10	256	148
394	10	256	148
395	10	256	148
396	10	256	148
397	10	256	148
398	10	256	148
399	10	256	148
