t	wsw	wadd	post_r1	post_r2	H
0	258	258	258	258	10
1	258	258	258	258	11
2	258	258	258	258	12
3	258	258	258	258	13
4	258	258	258	258	14
5	258	258	258	258	15
6	258	258	258	258	16
7	258	258	258	258	17
8	258	258	258	258	18
9	258	258	258	258	18
10	258	258	258	258	19
11	258	258	258	258	20
12	258	258	258	258	20
13	258	258	258	258	21
14	258	258	258	258	22
15	258	258	258	258	22
16	258	258	257	258	23
17	258	258	256	258	23
18	258	257	257	257	24
19	257	257	256	257	24
20	257	257	256	257	25
21	257	256	256	256	25
22	256	256	255	255	26
23	255	255	254	254	26
24	254	254	253	253	27
25	253	253	252	252	27
26	252	252	251	252	28
27	252	251	251	251	28
28	251	251	250	250	29
29	250	250	249	249	29
30	249	249	248	248	30
31	248	248	247	248	30
32	248	248	246	248	31
33	248	247	247	247	31
34	247	247	246	247	32
35	247	247	245	247	32
36	247	247	244	247	33
37	247	247	244	247	33
38	247	246	246	246	34
39	246	246	245	245	35
40	245	245	244	244	35
41	244	244	243	243	36
42	243	243	242	242	36
43	242	242	241	241	37
44	241	241	240	240	37
45	240	240	239	239	38
46	239	239	238	239	38
47	239	239	237	239	39
48	239	239	236	239	39
49	239	238	238	238	40
50	238	238	237	237	40
51	237	237	236	237	41
52	237	237	235	237	41
53	237	236	236	236	42
54	236	236	235	235	42
55	235	235	234	234	43
56	234	234	233	233	43
57	233	233	232	232	44
58	232	232	231	231	44
59	231	231	230	230	45
60	230	230	229	229	45
61	229	229	228	229	46
62	229	229	227	229	46
63	229	228	228	228	47
64	228	228	227	227	47
65	227	227	226	225	48
66	226	225	225	224	48
67	225	224	224	224	49
68	224	224	223	224	49
69	224	223	223	223	50
70	223	223	222	222	50
71	222	222	221	221	51
72	221	221	220	221	51
73	221	221	220	221	52
74	221	220	220	219	52
75	220	220	218	219	53
76	219	219	217	219	53
77	219	219	217	219	54
78	219	218	218	218	54
79	218	218	217	218	55
80	218	218	216	218	55
81	218	218	216	218	56
82	218	217	217	217	56
83	217	217	216	216	57
84	216	216	215	215	57
85	215	215	214	214	58
86	214	214	213	214	58
87	214	213	213	213	59
88	213	213	212	212	59
89	212	212	211	211	60
90	211	211	210	210	60
91	210	210	209	209	61
92	209	209	208	208	61
93	208	208	207	207	62
94	207	207	206	207	62
95	207	207	205	207	63
96	207	206	206	206	63
97	206	206	205	205	64
98	205	205	204	205	64
99	205	205	203	205	65
100	205	205	203	205	65
101	205	204	204	204	66
102	204	204	203	203	66
103	203	203	202	202	67
104	202	202	201	201	67
105	201	201	200	200	68
106	200	200	199	199	68
107	199	199	198	199	69
108	199	198	198	198	69
109	198	198	197	197	70
110	197	197	196	197	70
111	197	196	196	196	71
112	196	196	195	195	71
113	195	195	194	194	72
114	194	194	193	194	72
115	194	193	193	193	73
116	193	193	192	192	73
117	192	192	191	192	74
118	192	192	190	191	74
119	191	191	189	191	75
120	191	191	188	191	75
121	191	191	188	191	76
122	191	190	190	190	76
123	190	189	189	189	77
124	189	189	188	188	77
125	188	188	187	188	78
126	188	188	186	187	78
127	187	187	185	187	79
128	187	186	186	186	79
129	186	186	185	185	80
130	185	185	184	185	80
131	185	185	183	184	81
132	184	184	182	184	81
133	184	184	181	184	82
134	184	184	180	184	82
135	184	184	179	184	83
136	184	184	178	184	83
137	184	183	183	183	84
138	183	183	182	182	84
139	182	182	181	181	85
140	181	181	180	180	85
141	180	180	179	179	86
142	179	179	178	179	86
143	179	178	178	175	87
144	178	178	174	177	87
145	177	177	173	177	87
146	177	176	176	176	88
147	176	176	175	175	88
148	175	175	174	175	89
149	175	174	174	173	89
150	174	174	172	173	90
151	173	172	172	171	90
152	172	171	171	170	91
153	171	171	169	171	91
154	171	170	170	170	92
155	170	170	169	169	92
156	169	169	168	169	93
157	169	169	167	169	93
158	169	169	166	169	94
159	169	169	165	169	94
160	169	168	168	168	94
161	168	168	167	167	94
162	167	167	166	166	94
163	166	166	165	165	94
164	165	165	164	164	94
165	164	164	163	163	94
166	163	163	162	162	94
167	162	162	161	161	94
168	161	161	160	160	95
169	160	160	159	159	95
170	159	159	158	158	96
171	158	158	157	157	96
172	157	157	156	156	97
173	156	156	155	156	97
174	156	155	155	155	98
175	155	155	153	155	98
176	155	155	152	155	98
177	155	155	153	155	99
178	155	154	154	154	99
179	154	154	153	153	100
180	153	153	152	152	100
181	152	152	151	151	101
182	151	151	150	150	101
183	150	150	149	149	102
184	149	149	148	148	102
185	148	148	147	147	103
186	147	147	146	147	103
187	147	146	146	146	104
188	146	145	145	145	104
189	145	145	144	145	105
190	145	145	143	145	105
191	145	144	144	144	106
192	144	144	143	144	106
193	144	144	142	144	107
194	144	144	141	144	107
195	144	144	140	144	108
196	144	143	143	143	108
197	143	143	142	142	109
198	142	142	141	141	109
199	141	141	140	140	110
200	140	140	139	139	110
201	139	139	138	138	111
202	138	138	137	137	111
203	137	137	136	136	112
204	136	136	135	135	112
205	135	135	134	135	112
206	135	135	133	134	113
207	134	133	133	133	113
208	133	133	132	133	114
209	133	132	132	132	114
210	132	132	131	131	115
211	131	131	130	131	115
212	131	131	130	131	116
213	131	130	130	130	116
214	130	130	129	129	117
215	129	129	128	128	117
216	128	128	127	128	118
217	128	128	126	128	118
218	128	128	125	128	119
219	128	128	123	128	119
220	128	127	127	127	120
221	127	127	126	126	120
222	126	126	125	125	121
223	125	125	124	124	121
224	124	124	123	123	122
225	123	123	122	122	122
226	122	122	121	121	123
227	121	121	120	120	123
228	120	120	119	119	123
229	119	119	118	119	124
230	119	119	117	119	124
231	119	118	118	118	125
232	118	118	117	117	125
233	117	117	116	116	126
234	116	116	115	116	126
235	116	115	115	115	127
236	115	115	114	114	127
237	114	114	113	113	128
238	113	113	112	113	128
239	113	112	112	111	129
240	112	112	110	112	129
241	112	111	111	110	130
242	111	111	109	110	130
243	110	109	109	108	131
244	109	108	108	107	131
245	108	108	106	107	132
246	107	107	106	107	132
247	107	106	106	106	132
248	106	106	105	106	133
249	106	105	105	105	133
250	105	104	104	104	134
251	104	104	103	103	134
252	103	103	102	102	135
253	102	102	101	101	135
254	101	101	100	101	136
255	101	101	100	101	136
256	101	101	99	101	137
257	101	100	100	100	137
258	100	100	99	99	138
259	99	99	98	98	138
260	98	98	97	97	139
261	97	97	96	96	139
262	96	96	95	96	139
263	96	96	94	96	140
264	96	95	95	95	140
265	95	95	94	95	141
266	95	94	94	94	141
267	94	94	93	93	142
268	93	93	92	93	142
269	93	92	92	92	143
270	92	92	91	91	144
271	91	91	90	90	144
272	90	90	89	89	145
273	89	89	88	89	145
274	89	88	88	88	146
275	88	87	87	87	147
276	87	87	86	87	147
277	87	87	85	87	147
278	87	86	86	86	147
279	86	86	85	85	148
280	85	85	84	84	148
281	84	83	83	83	149
282	83	83	82	83	149
283	83	83	81	82	150
284	82	82	80	81	150
285	81	81	79	80	151
286	80	79	79	79	151
287	79	79	78	79	152
288	79	79	77	79	152
289	79	78	78	78	152
290	78	78	77	78	153
291	78	78	76	78	154
292	78	78	75	78	154
293	78	77	77	77	154
294	77	77	76	76	155
295	76	76	75	75	155
296	75	75	74	74	156
297	74	74	73	73	156
298	73	73	72	72	157
299	72	72	71	70	158
300	71	70	70	70	159
301	70	70	69	70	159
302	70	70	68	70	159
303	70	70	68	70	159
304	70	69	69	69	160
305	69	69	68	68	160
306	68	68	67	67	161
307	67	67	66	66	161
308	66	66	65	64	161
309	65	64	64	64	162
310	64	64	62	64	162
311	64	63	63	63	163
312	63	63	62	63	164
313	63	62	62	62	165
314	62	62	61	61	165
315	61	61	60	60	166
316	60	60	59	60	167
317	60	60	58	60	167
318	60	59	59	59	168
319	59	59	58	58	168
320	58	58	57	57	169
321	57	57	56	55	170
322	56	56	55	55	170
323	55	55	54	55	171
324	55	55	53	55	171
325	55	54	54	54	171
326	54	54	53	54	172
327	54	54	52	54	173
328	54	54	51	54	174
329	54	54	50	54	175
330	54	54	53	52	175
331	54	54	52	53	175
332	54	53	53	52	175
333	53	53	52	52	175
334	52	52	51	51	175
335	51	51	50	50	175
336	50	50	49	49	176
337	49	49	48	49	177
338	49	48	48	48	178
339	48	48	47	47	179
340	47	47	46	46	180
341	46	46	45	45	181
342	45	45	44	44	182
343	44	44	43	43	182
344	43	43	42	42	182
345	42	42	41	41	182
346	41	41	40	40	183
347	40	40	39	39	184
348	39	39	38	39	185
349	39	39	37	39	185
350	39	39	36	39	185
351	39	39	36	39	185
352	39	39	35	39	185
353	39	38	38	38	185
354	38	38	37	37	185
355	37	37	36	36	185
356	36	36	35	35	186
357	35	35	34	34	186
358	34	34	33	34	186
359	34	33	33	31	186
360	33	32	32	29	186
361	32	31	31	30	186
362	31	30	30	29	187
363	30	30	28	29	187
364	29	29	27	29	188
365	29	29	26	29	188
366	29	29	26	29	189
367	29	28	28	28	189
368	28	28	27	27	189
369	27	27	26	26	189
370	26	26	25	25	189
371	25	25	24	23	189
372	24	23	23	22	189
373	23	23	21	23	189
374	23	22	22	21	189
375	22	22	20	22	189
376	22	22	19	21	189
377	21	21	18	21	189
378	21	20	20	20	189
379	20	20	19	19	190
380	19	19	18	18	190
381	18	18	17	18	190
382	18	17	17	17	190
383	17	17	16	16	190
384	16	16	15	16	190
385	16	16	14	15	190
386	15	15	13	15	190
387	15	14	14	14	190
388	14	14	13	13	190
389	13	13	12	13	190
390	13	12	12	11	191
391	12	12	10	11	192
392	11	10	10	9	192
393	10	10	8	10	193
394	10	9	9	9	193
395	9	9	8	8	193
396	8	8	7	8	193
397	8	8	6	7	193
398	7	6	6	5	193
399	6	6	4	6	193
400	6	5	5	4	193
401	5	4	4	4	193
402	4	4	3	4	193
403	4	4	3	4	193
